[0.256s] DEBUG:colcon:Command line arguments: ['/usr/bin/colcon', 'build']
[0.256s] DEBUG:colcon:Parsed command line arguments: Namespace(log_base=None, log_level=None, verb_name='build', build_base='build', install_base='install', merge_install=False, symlink_install=False, test_result_base=None, continue_on_error=False, executor='parallel', parallel_workers=8, event_handlers=None, ignore_user_meta=False, metas=['./colcon.meta'], base_paths=['.'], packages_ignore=None, packages_ignore_regex=None, paths=None, packages_up_to=None, packages_up_to_regex=None, packages_above=None, packages_above_and_dependencies=None, packages_above_depth=None, packages_select_by_dep=None, packages_skip_by_dep=None, packages_skip_up_to=None, packages_select_build_failed=False, packages_skip_build_finished=False, packages_select_test_failures=False, packages_skip_test_passed=False, packages_select=None, packages_skip=None, packages_select_regex=None, packages_skip_regex=None, packages_start=None, packages_end=None, allow_overriding=[], cmake_args=None, cmake_target=None, cmake_target_skip_unavailable=False, cmake_clean_cache=False, cmake_clean_first=False, cmake_force_configure=False, ament_cmake_args=None, catkin_cmake_args=None, catkin_skip_building_tests=False, mixin_files=None, mixin=None, verb_parser=<colcon_mixin.mixin.mixin_argument.MixinArgumentDecorator object at 0x77ebb867cf70>, verb_extension=<colcon_core.verb.build.BuildVerb object at 0x77ebb867c8e0>, main=<bound method BuildVerb.main of <colcon_core.verb.build.BuildVerb object at 0x77ebb867c8e0>>, mixin_verb=('build',))
[0.663s] Level 1:colcon.colcon_core.package_discovery:discover_packages(colcon_meta) check parameters
[0.664s] Level 1:colcon.colcon_core.package_discovery:discover_packages(recursive) check parameters
[0.664s] Level 1:colcon.colcon_core.package_discovery:discover_packages(ignore) check parameters
[0.664s] Level 1:colcon.colcon_core.package_discovery:discover_packages(path) check parameters
[0.664s] Level 1:colcon.colcon_core.package_discovery:discover_packages(colcon_meta) discover
[0.664s] Level 1:colcon.colcon_core.package_discovery:discover_packages(recursive) discover
[0.664s] INFO:colcon.colcon_core.package_discovery:Crawling recursively for packages in '/home/khamrouni/lbr-stack/src/lbr_fri_ros2_stack'
[0.664s] Level 1:colcon.colcon_core.package_identification:_identify(.) by extensions ['ignore', 'ignore_ament_install']
[0.664s] Level 1:colcon.colcon_core.package_identification:_identify(.) by extension 'ignore'
[0.664s] Level 1:colcon.colcon_core.package_identification:_identify(.) by extension 'ignore_ament_install'
[0.665s] Level 1:colcon.colcon_core.package_identification:_identify(.) by extensions ['colcon_pkg']
[0.665s] Level 1:colcon.colcon_core.package_identification:_identify(.) by extension 'colcon_pkg'
[0.665s] Level 1:colcon.colcon_core.package_identification:_identify(.) by extensions ['colcon_meta']
[0.665s] Level 1:colcon.colcon_core.package_identification:_identify(.) by extension 'colcon_meta'
[0.665s] Level 1:colcon.colcon_core.package_identification:_identify(.) by extensions ['ros']
[0.665s] Level 1:colcon.colcon_core.package_identification:_identify(.) by extension 'ros'
[0.700s] Level 1:colcon.colcon_core.package_identification:_identify(.) by extensions ['cmake', 'python']
[0.700s] Level 1:colcon.colcon_core.package_identification:_identify(.) by extension 'cmake'
[0.700s] Level 1:colcon.colcon_core.package_identification:_identify(.) by extension 'python'
[0.700s] Level 1:colcon.colcon_core.package_identification:_identify(.) by extensions ['python_setup_py']
[0.700s] Level 1:colcon.colcon_core.package_identification:_identify(.) by extension 'python_setup_py'
[0.700s] Level 1:colcon.colcon_core.package_identification:_identify(build) by extensions ['ignore', 'ignore_ament_install']
[0.700s] Level 1:colcon.colcon_core.package_identification:_identify(build) by extension 'ignore'
[0.700s] Level 1:colcon.colcon_core.package_identification:_identify(build) ignored
[0.701s] Level 1:colcon.colcon_core.package_identification:_identify(docker) by extensions ['ignore', 'ignore_ament_install']
[0.701s] Level 1:colcon.colcon_core.package_identification:_identify(docker) by extension 'ignore'
[0.701s] Level 1:colcon.colcon_core.package_identification:_identify(docker) by extension 'ignore_ament_install'
[0.701s] Level 1:colcon.colcon_core.package_identification:_identify(docker) by extensions ['colcon_pkg']
[0.701s] Level 1:colcon.colcon_core.package_identification:_identify(docker) by extension 'colcon_pkg'
[0.701s] Level 1:colcon.colcon_core.package_identification:_identify(docker) by extensions ['colcon_meta']
[0.701s] Level 1:colcon.colcon_core.package_identification:_identify(docker) by extension 'colcon_meta'
[0.701s] Level 1:colcon.colcon_core.package_identification:_identify(docker) by extensions ['ros']
[0.701s] Level 1:colcon.colcon_core.package_identification:_identify(docker) by extension 'ros'
[0.701s] Level 1:colcon.colcon_core.package_identification:_identify(docker) by extensions ['cmake', 'python']
[0.702s] Level 1:colcon.colcon_core.package_identification:_identify(docker) by extension 'cmake'
[0.702s] Level 1:colcon.colcon_core.package_identification:_identify(docker) by extension 'python'
[0.702s] Level 1:colcon.colcon_core.package_identification:_identify(docker) by extensions ['python_setup_py']
[0.702s] Level 1:colcon.colcon_core.package_identification:_identify(docker) by extension 'python_setup_py'
[0.702s] Level 1:colcon.colcon_core.package_identification:_identify(docker/doc) by extensions ['ignore', 'ignore_ament_install']
[0.702s] Level 1:colcon.colcon_core.package_identification:_identify(docker/doc) by extension 'ignore'
[0.702s] Level 1:colcon.colcon_core.package_identification:_identify(docker/doc) by extension 'ignore_ament_install'
[0.702s] Level 1:colcon.colcon_core.package_identification:_identify(docker/doc) by extensions ['colcon_pkg']
[0.702s] Level 1:colcon.colcon_core.package_identification:_identify(docker/doc) by extension 'colcon_pkg'
[0.702s] Level 1:colcon.colcon_core.package_identification:_identify(docker/doc) by extensions ['colcon_meta']
[0.702s] Level 1:colcon.colcon_core.package_identification:_identify(docker/doc) by extension 'colcon_meta'
[0.703s] Level 1:colcon.colcon_core.package_identification:_identify(docker/doc) by extensions ['ros']
[0.703s] Level 1:colcon.colcon_core.package_identification:_identify(docker/doc) by extension 'ros'
[0.703s] Level 1:colcon.colcon_core.package_identification:_identify(docker/doc) by extensions ['cmake', 'python']
[0.703s] Level 1:colcon.colcon_core.package_identification:_identify(docker/doc) by extension 'cmake'
[0.703s] Level 1:colcon.colcon_core.package_identification:_identify(docker/doc) by extension 'python'
[0.703s] Level 1:colcon.colcon_core.package_identification:_identify(docker/doc) by extensions ['python_setup_py']
[0.703s] Level 1:colcon.colcon_core.package_identification:_identify(docker/doc) by extension 'python_setup_py'
[0.703s] Level 1:colcon.colcon_core.package_identification:_identify(install) by extensions ['ignore', 'ignore_ament_install']
[0.703s] Level 1:colcon.colcon_core.package_identification:_identify(install) by extension 'ignore'
[0.703s] Level 1:colcon.colcon_core.package_identification:_identify(install) ignored
[0.704s] Level 1:colcon.colcon_core.package_identification:_identify(lbr_bringup) by extensions ['ignore', 'ignore_ament_install']
[0.704s] Level 1:colcon.colcon_core.package_identification:_identify(lbr_bringup) by extension 'ignore'
[0.704s] Level 1:colcon.colcon_core.package_identification:_identify(lbr_bringup) by extension 'ignore_ament_install'
[0.704s] Level 1:colcon.colcon_core.package_identification:_identify(lbr_bringup) by extensions ['colcon_pkg']
[0.704s] Level 1:colcon.colcon_core.package_identification:_identify(lbr_bringup) by extension 'colcon_pkg'
[0.704s] Level 1:colcon.colcon_core.package_identification:_identify(lbr_bringup) by extensions ['colcon_meta']
[0.704s] Level 1:colcon.colcon_core.package_identification:_identify(lbr_bringup) by extension 'colcon_meta'
[0.704s] Level 1:colcon.colcon_core.package_identification:_identify(lbr_bringup) by extensions ['ros']
[0.704s] Level 1:colcon.colcon_core.package_identification:_identify(lbr_bringup) by extension 'ros'
[0.709s] DEBUG:colcon.colcon_core.package_identification:Package 'lbr_bringup' with type 'ros.ament_cmake' and name 'lbr_bringup'
[0.709s] Level 1:colcon.colcon_core.package_identification:_identify(lbr_demos) by extensions ['ignore', 'ignore_ament_install']
[0.710s] Level 1:colcon.colcon_core.package_identification:_identify(lbr_demos) by extension 'ignore'
[0.710s] Level 1:colcon.colcon_core.package_identification:_identify(lbr_demos) by extension 'ignore_ament_install'
[0.710s] Level 1:colcon.colcon_core.package_identification:_identify(lbr_demos) by extensions ['colcon_pkg']
[0.710s] Level 1:colcon.colcon_core.package_identification:_identify(lbr_demos) by extension 'colcon_pkg'
[0.710s] Level 1:colcon.colcon_core.package_identification:_identify(lbr_demos) by extensions ['colcon_meta']
[0.710s] Level 1:colcon.colcon_core.package_identification:_identify(lbr_demos) by extension 'colcon_meta'
[0.710s] Level 1:colcon.colcon_core.package_identification:_identify(lbr_demos) by extensions ['ros']
[0.710s] Level 1:colcon.colcon_core.package_identification:_identify(lbr_demos) by extension 'ros'
[0.710s] Level 1:colcon.colcon_core.package_identification:_identify(lbr_demos) by extensions ['cmake', 'python']
[0.711s] Level 1:colcon.colcon_core.package_identification:_identify(lbr_demos) by extension 'cmake'
[0.711s] Level 1:colcon.colcon_core.package_identification:_identify(lbr_demos) by extension 'python'
[0.711s] Level 1:colcon.colcon_core.package_identification:_identify(lbr_demos) by extensions ['python_setup_py']
[0.711s] Level 1:colcon.colcon_core.package_identification:_identify(lbr_demos) by extension 'python_setup_py'
[0.711s] Level 1:colcon.colcon_core.package_identification:_identify(lbr_demos/doc) by extensions ['ignore', 'ignore_ament_install']
[0.711s] Level 1:colcon.colcon_core.package_identification:_identify(lbr_demos/doc) by extension 'ignore'
[0.711s] Level 1:colcon.colcon_core.package_identification:_identify(lbr_demos/doc) by extension 'ignore_ament_install'
[0.711s] Level 1:colcon.colcon_core.package_identification:_identify(lbr_demos/doc) by extensions ['colcon_pkg']
[0.711s] Level 1:colcon.colcon_core.package_identification:_identify(lbr_demos/doc) by extension 'colcon_pkg'
[0.711s] Level 1:colcon.colcon_core.package_identification:_identify(lbr_demos/doc) by extensions ['colcon_meta']
[0.711s] Level 1:colcon.colcon_core.package_identification:_identify(lbr_demos/doc) by extension 'colcon_meta'
[0.712s] Level 1:colcon.colcon_core.package_identification:_identify(lbr_demos/doc) by extensions ['ros']
[0.712s] Level 1:colcon.colcon_core.package_identification:_identify(lbr_demos/doc) by extension 'ros'
[0.712s] Level 1:colcon.colcon_core.package_identification:_identify(lbr_demos/doc) by extensions ['cmake', 'python']
[0.712s] Level 1:colcon.colcon_core.package_identification:_identify(lbr_demos/doc) by extension 'cmake'
[0.712s] Level 1:colcon.colcon_core.package_identification:_identify(lbr_demos/doc) by extension 'python'
[0.712s] Level 1:colcon.colcon_core.package_identification:_identify(lbr_demos/doc) by extensions ['python_setup_py']
[0.712s] Level 1:colcon.colcon_core.package_identification:_identify(lbr_demos/doc) by extension 'python_setup_py'
[0.712s] Level 1:colcon.colcon_core.package_identification:_identify(lbr_demos/doc/img) by extensions ['ignore', 'ignore_ament_install']
[0.712s] Level 1:colcon.colcon_core.package_identification:_identify(lbr_demos/doc/img) by extension 'ignore'
[0.713s] Level 1:colcon.colcon_core.package_identification:_identify(lbr_demos/doc/img) by extension 'ignore_ament_install'
[0.713s] Level 1:colcon.colcon_core.package_identification:_identify(lbr_demos/doc/img) by extensions ['colcon_pkg']
[0.713s] Level 1:colcon.colcon_core.package_identification:_identify(lbr_demos/doc/img) by extension 'colcon_pkg'
[0.713s] Level 1:colcon.colcon_core.package_identification:_identify(lbr_demos/doc/img) by extensions ['colcon_meta']
[0.713s] Level 1:colcon.colcon_core.package_identification:_identify(lbr_demos/doc/img) by extension 'colcon_meta'
[0.713s] Level 1:colcon.colcon_core.package_identification:_identify(lbr_demos/doc/img) by extensions ['ros']
[0.713s] Level 1:colcon.colcon_core.package_identification:_identify(lbr_demos/doc/img) by extension 'ros'
[0.713s] Level 1:colcon.colcon_core.package_identification:_identify(lbr_demos/doc/img) by extensions ['cmake', 'python']
[0.713s] Level 1:colcon.colcon_core.package_identification:_identify(lbr_demos/doc/img) by extension 'cmake'
[0.713s] Level 1:colcon.colcon_core.package_identification:_identify(lbr_demos/doc/img) by extension 'python'
[0.713s] Level 1:colcon.colcon_core.package_identification:_identify(lbr_demos/doc/img) by extensions ['python_setup_py']
[0.713s] Level 1:colcon.colcon_core.package_identification:_identify(lbr_demos/doc/img) by extension 'python_setup_py'
[0.714s] Level 1:colcon.colcon_core.package_identification:_identify(lbr_demos/lbr_demos_advanced_cpp) by extensions ['ignore', 'ignore_ament_install']
[0.714s] Level 1:colcon.colcon_core.package_identification:_identify(lbr_demos/lbr_demos_advanced_cpp) by extension 'ignore'
[0.714s] Level 1:colcon.colcon_core.package_identification:_identify(lbr_demos/lbr_demos_advanced_cpp) by extension 'ignore_ament_install'
[0.714s] Level 1:colcon.colcon_core.package_identification:_identify(lbr_demos/lbr_demos_advanced_cpp) by extensions ['colcon_pkg']
[0.714s] Level 1:colcon.colcon_core.package_identification:_identify(lbr_demos/lbr_demos_advanced_cpp) by extension 'colcon_pkg'
[0.714s] Level 1:colcon.colcon_core.package_identification:_identify(lbr_demos/lbr_demos_advanced_cpp) by extensions ['colcon_meta']
[0.714s] Level 1:colcon.colcon_core.package_identification:_identify(lbr_demos/lbr_demos_advanced_cpp) by extension 'colcon_meta'
[0.714s] Level 1:colcon.colcon_core.package_identification:_identify(lbr_demos/lbr_demos_advanced_cpp) by extensions ['ros']
[0.714s] Level 1:colcon.colcon_core.package_identification:_identify(lbr_demos/lbr_demos_advanced_cpp) by extension 'ros'
[0.716s] DEBUG:colcon.colcon_core.package_identification:Package 'lbr_demos/lbr_demos_advanced_cpp' with type 'ros.ament_cmake' and name 'lbr_demos_advanced_cpp'
[0.717s] Level 1:colcon.colcon_core.package_identification:_identify(lbr_demos/lbr_demos_advanced_py) by extensions ['ignore', 'ignore_ament_install']
[0.717s] Level 1:colcon.colcon_core.package_identification:_identify(lbr_demos/lbr_demos_advanced_py) by extension 'ignore'
[0.717s] Level 1:colcon.colcon_core.package_identification:_identify(lbr_demos/lbr_demos_advanced_py) by extension 'ignore_ament_install'
[0.717s] Level 1:colcon.colcon_core.package_identification:_identify(lbr_demos/lbr_demos_advanced_py) by extensions ['colcon_pkg']
[0.717s] Level 1:colcon.colcon_core.package_identification:_identify(lbr_demos/lbr_demos_advanced_py) by extension 'colcon_pkg'
[0.717s] Level 1:colcon.colcon_core.package_identification:_identify(lbr_demos/lbr_demos_advanced_py) by extensions ['colcon_meta']
[0.717s] Level 1:colcon.colcon_core.package_identification:_identify(lbr_demos/lbr_demos_advanced_py) by extension 'colcon_meta'
[0.717s] Level 1:colcon.colcon_core.package_identification:_identify(lbr_demos/lbr_demos_advanced_py) by extensions ['ros']
[0.717s] Level 1:colcon.colcon_core.package_identification:_identify(lbr_demos/lbr_demos_advanced_py) by extension 'ros'
[0.719s] DEBUG:colcon.colcon_core.package_identification:Package 'lbr_demos/lbr_demos_advanced_py' with type 'ros.ament_python' and name 'lbr_demos_advanced_py'
[0.719s] Level 1:colcon.colcon_core.package_identification:_identify(lbr_demos/lbr_demos_cpp) by extensions ['ignore', 'ignore_ament_install']
[0.719s] Level 1:colcon.colcon_core.package_identification:_identify(lbr_demos/lbr_demos_cpp) by extension 'ignore'
[0.719s] Level 1:colcon.colcon_core.package_identification:_identify(lbr_demos/lbr_demos_cpp) by extension 'ignore_ament_install'
[0.719s] Level 1:colcon.colcon_core.package_identification:_identify(lbr_demos/lbr_demos_cpp) by extensions ['colcon_pkg']
[0.719s] Level 1:colcon.colcon_core.package_identification:_identify(lbr_demos/lbr_demos_cpp) by extension 'colcon_pkg'
[0.719s] Level 1:colcon.colcon_core.package_identification:_identify(lbr_demos/lbr_demos_cpp) by extensions ['colcon_meta']
[0.719s] Level 1:colcon.colcon_core.package_identification:_identify(lbr_demos/lbr_demos_cpp) by extension 'colcon_meta'
[0.720s] Level 1:colcon.colcon_core.package_identification:_identify(lbr_demos/lbr_demos_cpp) by extensions ['ros']
[0.720s] Level 1:colcon.colcon_core.package_identification:_identify(lbr_demos/lbr_demos_cpp) by extension 'ros'
[0.722s] DEBUG:colcon.colcon_core.package_identification:Package 'lbr_demos/lbr_demos_cpp' with type 'ros.ament_cmake' and name 'lbr_demos_cpp'
[0.722s] Level 1:colcon.colcon_core.package_identification:_identify(lbr_demos/lbr_demos_py) by extensions ['ignore', 'ignore_ament_install']
[0.722s] Level 1:colcon.colcon_core.package_identification:_identify(lbr_demos/lbr_demos_py) by extension 'ignore'
[0.722s] Level 1:colcon.colcon_core.package_identification:_identify(lbr_demos/lbr_demos_py) by extension 'ignore_ament_install'
[0.722s] Level 1:colcon.colcon_core.package_identification:_identify(lbr_demos/lbr_demos_py) by extensions ['colcon_pkg']
[0.722s] Level 1:colcon.colcon_core.package_identification:_identify(lbr_demos/lbr_demos_py) by extension 'colcon_pkg'
[0.723s] Level 1:colcon.colcon_core.package_identification:_identify(lbr_demos/lbr_demos_py) by extensions ['colcon_meta']
[0.723s] Level 1:colcon.colcon_core.package_identification:_identify(lbr_demos/lbr_demos_py) by extension 'colcon_meta'
[0.723s] Level 1:colcon.colcon_core.package_identification:_identify(lbr_demos/lbr_demos_py) by extensions ['ros']
[0.723s] Level 1:colcon.colcon_core.package_identification:_identify(lbr_demos/lbr_demos_py) by extension 'ros'
[0.724s] DEBUG:colcon.colcon_core.package_identification:Package 'lbr_demos/lbr_demos_py' with type 'ros.ament_python' and name 'lbr_demos_py'
[0.724s] Level 1:colcon.colcon_core.package_identification:_identify(lbr_demos/lbr_moveit) by extensions ['ignore', 'ignore_ament_install']
[0.724s] Level 1:colcon.colcon_core.package_identification:_identify(lbr_demos/lbr_moveit) by extension 'ignore'
[0.724s] Level 1:colcon.colcon_core.package_identification:_identify(lbr_demos/lbr_moveit) by extension 'ignore_ament_install'
[0.724s] Level 1:colcon.colcon_core.package_identification:_identify(lbr_demos/lbr_moveit) by extensions ['colcon_pkg']
[0.725s] Level 1:colcon.colcon_core.package_identification:_identify(lbr_demos/lbr_moveit) by extension 'colcon_pkg'
[0.725s] Level 1:colcon.colcon_core.package_identification:_identify(lbr_demos/lbr_moveit) by extensions ['colcon_meta']
[0.725s] Level 1:colcon.colcon_core.package_identification:_identify(lbr_demos/lbr_moveit) by extension 'colcon_meta'
[0.725s] Level 1:colcon.colcon_core.package_identification:_identify(lbr_demos/lbr_moveit) by extensions ['ros']
[0.725s] Level 1:colcon.colcon_core.package_identification:_identify(lbr_demos/lbr_moveit) by extension 'ros'
[0.726s] DEBUG:colcon.colcon_core.package_identification:Package 'lbr_demos/lbr_moveit' with type 'ros.ament_python' and name 'lbr_moveit'
[0.726s] Level 1:colcon.colcon_core.package_identification:_identify(lbr_demos/lbr_moveit_cpp) by extensions ['ignore', 'ignore_ament_install']
[0.726s] Level 1:colcon.colcon_core.package_identification:_identify(lbr_demos/lbr_moveit_cpp) by extension 'ignore'
[0.726s] Level 1:colcon.colcon_core.package_identification:_identify(lbr_demos/lbr_moveit_cpp) by extension 'ignore_ament_install'
[0.726s] Level 1:colcon.colcon_core.package_identification:_identify(lbr_demos/lbr_moveit_cpp) by extensions ['colcon_pkg']
[0.726s] Level 1:colcon.colcon_core.package_identification:_identify(lbr_demos/lbr_moveit_cpp) by extension 'colcon_pkg'
[0.726s] Level 1:colcon.colcon_core.package_identification:_identify(lbr_demos/lbr_moveit_cpp) by extensions ['colcon_meta']
[0.727s] Level 1:colcon.colcon_core.package_identification:_identify(lbr_demos/lbr_moveit_cpp) by extension 'colcon_meta'
[0.727s] Level 1:colcon.colcon_core.package_identification:_identify(lbr_demos/lbr_moveit_cpp) by extensions ['ros']
[0.727s] Level 1:colcon.colcon_core.package_identification:_identify(lbr_demos/lbr_moveit_cpp) by extension 'ros'
[0.728s] DEBUG:colcon.colcon_core.package_identification:Package 'lbr_demos/lbr_moveit_cpp' with type 'ros.ament_cmake' and name 'lbr_moveit_cpp'
[0.728s] Level 1:colcon.colcon_core.package_identification:_identify(lbr_description) by extensions ['ignore', 'ignore_ament_install']
[0.728s] Level 1:colcon.colcon_core.package_identification:_identify(lbr_description) by extension 'ignore'
[0.729s] Level 1:colcon.colcon_core.package_identification:_identify(lbr_description) by extension 'ignore_ament_install'
[0.729s] Level 1:colcon.colcon_core.package_identification:_identify(lbr_description) by extensions ['colcon_pkg']
[0.729s] Level 1:colcon.colcon_core.package_identification:_identify(lbr_description) by extension 'colcon_pkg'
[0.729s] Level 1:colcon.colcon_core.package_identification:_identify(lbr_description) by extensions ['colcon_meta']
[0.729s] Level 1:colcon.colcon_core.package_identification:_identify(lbr_description) by extension 'colcon_meta'
[0.729s] Level 1:colcon.colcon_core.package_identification:_identify(lbr_description) by extensions ['ros']
[0.729s] Level 1:colcon.colcon_core.package_identification:_identify(lbr_description) by extension 'ros'
[0.730s] DEBUG:colcon.colcon_core.package_identification:Package 'lbr_description' with type 'ros.ament_cmake' and name 'lbr_description'
[0.730s] Level 1:colcon.colcon_core.package_identification:_identify(lbr_fri_ros2) by extensions ['ignore', 'ignore_ament_install']
[0.730s] Level 1:colcon.colcon_core.package_identification:_identify(lbr_fri_ros2) by extension 'ignore'
[0.730s] Level 1:colcon.colcon_core.package_identification:_identify(lbr_fri_ros2) by extension 'ignore_ament_install'
[0.731s] Level 1:colcon.colcon_core.package_identification:_identify(lbr_fri_ros2) by extensions ['colcon_pkg']
[0.731s] Level 1:colcon.colcon_core.package_identification:_identify(lbr_fri_ros2) by extension 'colcon_pkg'
[0.731s] Level 1:colcon.colcon_core.package_identification:_identify(lbr_fri_ros2) by extensions ['colcon_meta']
[0.731s] Level 1:colcon.colcon_core.package_identification:_identify(lbr_fri_ros2) by extension 'colcon_meta'
[0.731s] Level 1:colcon.colcon_core.package_identification:_identify(lbr_fri_ros2) by extensions ['ros']
[0.731s] Level 1:colcon.colcon_core.package_identification:_identify(lbr_fri_ros2) by extension 'ros'
[0.733s] DEBUG:colcon.colcon_core.package_identification:Package 'lbr_fri_ros2' with type 'ros.ament_cmake' and name 'lbr_fri_ros2'
[0.733s] Level 1:colcon.colcon_core.package_identification:_identify(lbr_fri_ros2_stack) by extensions ['ignore', 'ignore_ament_install']
[0.734s] Level 1:colcon.colcon_core.package_identification:_identify(lbr_fri_ros2_stack) by extension 'ignore'
[0.734s] Level 1:colcon.colcon_core.package_identification:_identify(lbr_fri_ros2_stack) by extension 'ignore_ament_install'
[0.734s] Level 1:colcon.colcon_core.package_identification:_identify(lbr_fri_ros2_stack) by extensions ['colcon_pkg']
[0.734s] Level 1:colcon.colcon_core.package_identification:_identify(lbr_fri_ros2_stack) by extension 'colcon_pkg'
[0.734s] Level 1:colcon.colcon_core.package_identification:_identify(lbr_fri_ros2_stack) by extensions ['colcon_meta']
[0.734s] Level 1:colcon.colcon_core.package_identification:_identify(lbr_fri_ros2_stack) by extension 'colcon_meta'
[0.734s] Level 1:colcon.colcon_core.package_identification:_identify(lbr_fri_ros2_stack) by extensions ['ros']
[0.734s] Level 1:colcon.colcon_core.package_identification:_identify(lbr_fri_ros2_stack) by extension 'ros'
[0.736s] DEBUG:colcon.colcon_core.package_identification:Package 'lbr_fri_ros2_stack' with type 'ros.ament_cmake' and name 'lbr_fri_ros2_stack'
[0.736s] Level 1:colcon.colcon_core.package_identification:_identify(lbr_moveit_config) by extensions ['ignore', 'ignore_ament_install']
[0.736s] Level 1:colcon.colcon_core.package_identification:_identify(lbr_moveit_config) by extension 'ignore'
[0.736s] Level 1:colcon.colcon_core.package_identification:_identify(lbr_moveit_config) by extension 'ignore_ament_install'
[0.736s] Level 1:colcon.colcon_core.package_identification:_identify(lbr_moveit_config) by extensions ['colcon_pkg']
[0.736s] Level 1:colcon.colcon_core.package_identification:_identify(lbr_moveit_config) by extension 'colcon_pkg'
[0.736s] Level 1:colcon.colcon_core.package_identification:_identify(lbr_moveit_config) by extensions ['colcon_meta']
[0.736s] Level 1:colcon.colcon_core.package_identification:_identify(lbr_moveit_config) by extension 'colcon_meta'
[0.736s] Level 1:colcon.colcon_core.package_identification:_identify(lbr_moveit_config) by extensions ['ros']
[0.737s] Level 1:colcon.colcon_core.package_identification:_identify(lbr_moveit_config) by extension 'ros'
[0.737s] Level 1:colcon.colcon_core.package_identification:_identify(lbr_moveit_config) by extensions ['cmake', 'python']
[0.737s] Level 1:colcon.colcon_core.package_identification:_identify(lbr_moveit_config) by extension 'cmake'
[0.737s] Level 1:colcon.colcon_core.package_identification:_identify(lbr_moveit_config) by extension 'python'
[0.737s] Level 1:colcon.colcon_core.package_identification:_identify(lbr_moveit_config) by extensions ['python_setup_py']
[0.737s] Level 1:colcon.colcon_core.package_identification:_identify(lbr_moveit_config) by extension 'python_setup_py'
[0.737s] Level 1:colcon.colcon_core.package_identification:_identify(lbr_moveit_config/doc) by extensions ['ignore', 'ignore_ament_install']
[0.737s] Level 1:colcon.colcon_core.package_identification:_identify(lbr_moveit_config/doc) by extension 'ignore'
[0.737s] Level 1:colcon.colcon_core.package_identification:_identify(lbr_moveit_config/doc) by extension 'ignore_ament_install'
[0.738s] Level 1:colcon.colcon_core.package_identification:_identify(lbr_moveit_config/doc) by extensions ['colcon_pkg']
[0.738s] Level 1:colcon.colcon_core.package_identification:_identify(lbr_moveit_config/doc) by extension 'colcon_pkg'
[0.738s] Level 1:colcon.colcon_core.package_identification:_identify(lbr_moveit_config/doc) by extensions ['colcon_meta']
[0.738s] Level 1:colcon.colcon_core.package_identification:_identify(lbr_moveit_config/doc) by extension 'colcon_meta'
[0.738s] Level 1:colcon.colcon_core.package_identification:_identify(lbr_moveit_config/doc) by extensions ['ros']
[0.738s] Level 1:colcon.colcon_core.package_identification:_identify(lbr_moveit_config/doc) by extension 'ros'
[0.738s] Level 1:colcon.colcon_core.package_identification:_identify(lbr_moveit_config/doc) by extensions ['cmake', 'python']
[0.738s] Level 1:colcon.colcon_core.package_identification:_identify(lbr_moveit_config/doc) by extension 'cmake'
[0.738s] Level 1:colcon.colcon_core.package_identification:_identify(lbr_moveit_config/doc) by extension 'python'
[0.738s] Level 1:colcon.colcon_core.package_identification:_identify(lbr_moveit_config/doc) by extensions ['python_setup_py']
[0.738s] Level 1:colcon.colcon_core.package_identification:_identify(lbr_moveit_config/doc) by extension 'python_setup_py'
[0.739s] Level 1:colcon.colcon_core.package_identification:_identify(lbr_moveit_config/doc/img) by extensions ['ignore', 'ignore_ament_install']
[0.739s] Level 1:colcon.colcon_core.package_identification:_identify(lbr_moveit_config/doc/img) by extension 'ignore'
[0.739s] Level 1:colcon.colcon_core.package_identification:_identify(lbr_moveit_config/doc/img) by extension 'ignore_ament_install'
[0.739s] Level 1:colcon.colcon_core.package_identification:_identify(lbr_moveit_config/doc/img) by extensions ['colcon_pkg']
[0.739s] Level 1:colcon.colcon_core.package_identification:_identify(lbr_moveit_config/doc/img) by extension 'colcon_pkg'
[0.739s] Level 1:colcon.colcon_core.package_identification:_identify(lbr_moveit_config/doc/img) by extensions ['colcon_meta']
[0.739s] Level 1:colcon.colcon_core.package_identification:_identify(lbr_moveit_config/doc/img) by extension 'colcon_meta'
[0.739s] Level 1:colcon.colcon_core.package_identification:_identify(lbr_moveit_config/doc/img) by extensions ['ros']
[0.739s] Level 1:colcon.colcon_core.package_identification:_identify(lbr_moveit_config/doc/img) by extension 'ros'
[0.739s] Level 1:colcon.colcon_core.package_identification:_identify(lbr_moveit_config/doc/img) by extensions ['cmake', 'python']
[0.739s] Level 1:colcon.colcon_core.package_identification:_identify(lbr_moveit_config/doc/img) by extension 'cmake'
[0.740s] Level 1:colcon.colcon_core.package_identification:_identify(lbr_moveit_config/doc/img) by extension 'python'
[0.740s] Level 1:colcon.colcon_core.package_identification:_identify(lbr_moveit_config/doc/img) by extensions ['python_setup_py']
[0.740s] Level 1:colcon.colcon_core.package_identification:_identify(lbr_moveit_config/doc/img) by extension 'python_setup_py'
[0.740s] Level 1:colcon.colcon_core.package_identification:_identify(lbr_moveit_config/iiwa14_moveit_config) by extensions ['ignore', 'ignore_ament_install']
[0.740s] Level 1:colcon.colcon_core.package_identification:_identify(lbr_moveit_config/iiwa14_moveit_config) by extension 'ignore'
[0.740s] Level 1:colcon.colcon_core.package_identification:_identify(lbr_moveit_config/iiwa14_moveit_config) by extension 'ignore_ament_install'
[0.740s] Level 1:colcon.colcon_core.package_identification:_identify(lbr_moveit_config/iiwa14_moveit_config) by extensions ['colcon_pkg']
[0.740s] Level 1:colcon.colcon_core.package_identification:_identify(lbr_moveit_config/iiwa14_moveit_config) by extension 'colcon_pkg'
[0.740s] Level 1:colcon.colcon_core.package_identification:_identify(lbr_moveit_config/iiwa14_moveit_config) by extensions ['colcon_meta']
[0.740s] Level 1:colcon.colcon_core.package_identification:_identify(lbr_moveit_config/iiwa14_moveit_config) by extension 'colcon_meta'
[0.741s] Level 1:colcon.colcon_core.package_identification:_identify(lbr_moveit_config/iiwa14_moveit_config) by extensions ['ros']
[0.741s] Level 1:colcon.colcon_core.package_identification:_identify(lbr_moveit_config/iiwa14_moveit_config) by extension 'ros'
[0.742s] DEBUG:colcon.colcon_core.package_identification:Package 'lbr_moveit_config/iiwa14_moveit_config' with type 'ros.ament_cmake' and name 'iiwa14_moveit_config'
[0.742s] Level 1:colcon.colcon_core.package_identification:_identify(lbr_moveit_config/iiwa7_moveit_config) by extensions ['ignore', 'ignore_ament_install']
[0.743s] Level 1:colcon.colcon_core.package_identification:_identify(lbr_moveit_config/iiwa7_moveit_config) by extension 'ignore'
[0.743s] Level 1:colcon.colcon_core.package_identification:_identify(lbr_moveit_config/iiwa7_moveit_config) by extension 'ignore_ament_install'
[0.743s] Level 1:colcon.colcon_core.package_identification:_identify(lbr_moveit_config/iiwa7_moveit_config) by extensions ['colcon_pkg']
[0.743s] Level 1:colcon.colcon_core.package_identification:_identify(lbr_moveit_config/iiwa7_moveit_config) by extension 'colcon_pkg'
[0.743s] Level 1:colcon.colcon_core.package_identification:_identify(lbr_moveit_config/iiwa7_moveit_config) by extensions ['colcon_meta']
[0.743s] Level 1:colcon.colcon_core.package_identification:_identify(lbr_moveit_config/iiwa7_moveit_config) by extension 'colcon_meta'
[0.743s] Level 1:colcon.colcon_core.package_identification:_identify(lbr_moveit_config/iiwa7_moveit_config) by extensions ['ros']
[0.743s] Level 1:colcon.colcon_core.package_identification:_identify(lbr_moveit_config/iiwa7_moveit_config) by extension 'ros'
[0.745s] DEBUG:colcon.colcon_core.package_identification:Package 'lbr_moveit_config/iiwa7_moveit_config' with type 'ros.ament_cmake' and name 'iiwa7_moveit_config'
[0.745s] Level 1:colcon.colcon_core.package_identification:_identify(lbr_moveit_config/med14_moveit_config) by extensions ['ignore', 'ignore_ament_install']
[0.745s] Level 1:colcon.colcon_core.package_identification:_identify(lbr_moveit_config/med14_moveit_config) by extension 'ignore'
[0.745s] Level 1:colcon.colcon_core.package_identification:_identify(lbr_moveit_config/med14_moveit_config) by extension 'ignore_ament_install'
[0.745s] Level 1:colcon.colcon_core.package_identification:_identify(lbr_moveit_config/med14_moveit_config) by extensions ['colcon_pkg']
[0.745s] Level 1:colcon.colcon_core.package_identification:_identify(lbr_moveit_config/med14_moveit_config) by extension 'colcon_pkg'
[0.745s] Level 1:colcon.colcon_core.package_identification:_identify(lbr_moveit_config/med14_moveit_config) by extensions ['colcon_meta']
[0.745s] Level 1:colcon.colcon_core.package_identification:_identify(lbr_moveit_config/med14_moveit_config) by extension 'colcon_meta'
[0.746s] Level 1:colcon.colcon_core.package_identification:_identify(lbr_moveit_config/med14_moveit_config) by extensions ['ros']
[0.746s] Level 1:colcon.colcon_core.package_identification:_identify(lbr_moveit_config/med14_moveit_config) by extension 'ros'
[0.747s] DEBUG:colcon.colcon_core.package_identification:Package 'lbr_moveit_config/med14_moveit_config' with type 'ros.ament_cmake' and name 'med14_moveit_config'
[0.747s] Level 1:colcon.colcon_core.package_identification:_identify(lbr_moveit_config/med7_moveit_config) by extensions ['ignore', 'ignore_ament_install']
[0.748s] Level 1:colcon.colcon_core.package_identification:_identify(lbr_moveit_config/med7_moveit_config) by extension 'ignore'
[0.748s] Level 1:colcon.colcon_core.package_identification:_identify(lbr_moveit_config/med7_moveit_config) by extension 'ignore_ament_install'
[0.748s] Level 1:colcon.colcon_core.package_identification:_identify(lbr_moveit_config/med7_moveit_config) by extensions ['colcon_pkg']
[0.748s] Level 1:colcon.colcon_core.package_identification:_identify(lbr_moveit_config/med7_moveit_config) by extension 'colcon_pkg'
[0.748s] Level 1:colcon.colcon_core.package_identification:_identify(lbr_moveit_config/med7_moveit_config) by extensions ['colcon_meta']
[0.748s] Level 1:colcon.colcon_core.package_identification:_identify(lbr_moveit_config/med7_moveit_config) by extension 'colcon_meta'
[0.748s] Level 1:colcon.colcon_core.package_identification:_identify(lbr_moveit_config/med7_moveit_config) by extensions ['ros']
[0.748s] Level 1:colcon.colcon_core.package_identification:_identify(lbr_moveit_config/med7_moveit_config) by extension 'ros'
[0.750s] DEBUG:colcon.colcon_core.package_identification:Package 'lbr_moveit_config/med7_moveit_config' with type 'ros.ament_cmake' and name 'med7_moveit_config'
[0.750s] Level 1:colcon.colcon_core.package_identification:_identify(lbr_ros2_control) by extensions ['ignore', 'ignore_ament_install']
[0.750s] Level 1:colcon.colcon_core.package_identification:_identify(lbr_ros2_control) by extension 'ignore'
[0.750s] Level 1:colcon.colcon_core.package_identification:_identify(lbr_ros2_control) by extension 'ignore_ament_install'
[0.750s] Level 1:colcon.colcon_core.package_identification:_identify(lbr_ros2_control) by extensions ['colcon_pkg']
[0.750s] Level 1:colcon.colcon_core.package_identification:_identify(lbr_ros2_control) by extension 'colcon_pkg'
[0.750s] Level 1:colcon.colcon_core.package_identification:_identify(lbr_ros2_control) by extensions ['colcon_meta']
[0.750s] Level 1:colcon.colcon_core.package_identification:_identify(lbr_ros2_control) by extension 'colcon_meta'
[0.751s] Level 1:colcon.colcon_core.package_identification:_identify(lbr_ros2_control) by extensions ['ros']
[0.751s] Level 1:colcon.colcon_core.package_identification:_identify(lbr_ros2_control) by extension 'ros'
[0.753s] DEBUG:colcon.colcon_core.package_identification:Package 'lbr_ros2_control' with type 'ros.ament_cmake' and name 'lbr_ros2_control'
[0.753s] Level 1:colcon.colcon_core.package_identification:_identify(log) by extensions ['ignore', 'ignore_ament_install']
[0.753s] Level 1:colcon.colcon_core.package_identification:_identify(log) by extension 'ignore'
[0.753s] Level 1:colcon.colcon_core.package_identification:_identify(log) ignored
[0.753s] Level 1:colcon.colcon_core.package_discovery:discover_packages(recursive) using defaults
[0.753s] Level 1:colcon.colcon_core.package_discovery:discover_packages(ignore) discover
[0.753s] Level 1:colcon.colcon_core.package_discovery:discover_packages(ignore) using defaults
[0.753s] Level 1:colcon.colcon_core.package_discovery:discover_packages(path) discover
[0.754s] Level 1:colcon.colcon_core.package_discovery:discover_packages(path) using defaults
[0.803s] Level 1:colcon.colcon_core.package_discovery:discover_packages(prefix_path) check parameters
[0.803s] Level 1:colcon.colcon_core.package_discovery:discover_packages(prefix_path) discover
[0.812s] DEBUG:colcon.colcon_installed_package_information.package_discovery:Found 18 installed packages in /home/khamrouni/auctus/work/kuka_robot/install
[0.813s] DEBUG:colcon.colcon_installed_package_information.package_discovery:Found 1 installed packages in /home/khamrouni/robot_ws/install
[0.816s] DEBUG:colcon.colcon_installed_package_information.package_discovery:Found 57 installed packages in /home/khamrouni/ws_moveit/install
[0.818s] DEBUG:colcon.colcon_installed_package_information.package_discovery:Found 8 installed packages in /home/khamrouni/ros2_ws/install
[0.821s] DEBUG:colcon.colcon_installed_package_information.package_discovery:Found 385 installed packages in /opt/ros/humble
[0.824s] Level 1:colcon.colcon_core.package_discovery:discover_packages(prefix_path) using defaults
[0.938s] WARNING:colcon.colcon_core.package_selection:Some selected packages are already built in one or more underlay workspaces:
	'lbr_fri_ros2' is in: /home/khamrouni/auctus/work/kuka_robot/install/lbr_fri_ros2
	'lbr_description' is in: /home/khamrouni/auctus/work/kuka_robot/install/lbr_description
	'lbr_ros2_control' is in: /home/khamrouni/auctus/work/kuka_robot/install/lbr_ros2_control
	'lbr_bringup' is in: /home/khamrouni/auctus/work/kuka_robot/install/lbr_bringup
If a package in a merged underlay workspace is overridden and it installs headers, then all packages in the overlay must sort their include directories by workspace order. Failure to do so may result in build failures or undefined behavior at run time.
If the overridden package is used by another package in any underlay, then the overriding package in the overlay must be API and ABI compatible or undefined behavior at run time may occur.

If you understand the risks and want to override a package anyways, add the following to the command line:
	--allow-overriding lbr_bringup lbr_description lbr_fri_ros2 lbr_ros2_control

This may be promoted to an error in a future release of colcon-override-check.
[0.940s] Level 5:colcon.colcon_core.verb:set package 'lbr_description' build argument 'cmake_args' from command line to 'None'
[0.940s] Level 5:colcon.colcon_core.verb:set package 'lbr_description' build argument 'cmake_target' from command line to 'None'
[0.940s] Level 5:colcon.colcon_core.verb:set package 'lbr_description' build argument 'cmake_target_skip_unavailable' from command line to 'False'
[0.940s] Level 5:colcon.colcon_core.verb:set package 'lbr_description' build argument 'cmake_clean_cache' from command line to 'False'
[0.940s] Level 5:colcon.colcon_core.verb:set package 'lbr_description' build argument 'cmake_clean_first' from command line to 'False'
[0.940s] Level 5:colcon.colcon_core.verb:set package 'lbr_description' build argument 'cmake_force_configure' from command line to 'False'
[0.940s] Level 5:colcon.colcon_core.verb:set package 'lbr_description' build argument 'ament_cmake_args' from command line to 'None'
[0.940s] Level 5:colcon.colcon_core.verb:set package 'lbr_description' build argument 'catkin_cmake_args' from command line to 'None'
[0.941s] Level 5:colcon.colcon_core.verb:set package 'lbr_description' build argument 'catkin_skip_building_tests' from command line to 'False'
[0.941s] DEBUG:colcon.colcon_core.verb:Building package 'lbr_description' with the following arguments: {'ament_cmake_args': None, 'build_base': '/home/khamrouni/lbr-stack/src/lbr_fri_ros2_stack/build/lbr_description', 'catkin_cmake_args': None, 'catkin_skip_building_tests': False, 'cmake_args': None, 'cmake_clean_cache': False, 'cmake_clean_first': False, 'cmake_force_configure': False, 'cmake_target': None, 'cmake_target_skip_unavailable': False, 'install_base': '/home/khamrouni/lbr-stack/src/lbr_fri_ros2_stack/install/lbr_description', 'merge_install': False, 'path': '/home/khamrouni/lbr-stack/src/lbr_fri_ros2_stack/lbr_description', 'symlink_install': False, 'test_result_base': None}
[0.941s] Level 5:colcon.colcon_core.verb:set package 'lbr_moveit' build argument 'cmake_args' from command line to 'None'
[0.941s] Level 5:colcon.colcon_core.verb:set package 'lbr_moveit' build argument 'cmake_target' from command line to 'None'
[0.942s] Level 5:colcon.colcon_core.verb:set package 'lbr_moveit' build argument 'cmake_target_skip_unavailable' from command line to 'False'
[0.942s] Level 5:colcon.colcon_core.verb:set package 'lbr_moveit' build argument 'cmake_clean_cache' from command line to 'False'
[0.942s] Level 5:colcon.colcon_core.verb:set package 'lbr_moveit' build argument 'cmake_clean_first' from command line to 'False'
[0.942s] Level 5:colcon.colcon_core.verb:set package 'lbr_moveit' build argument 'cmake_force_configure' from command line to 'False'
[0.942s] Level 5:colcon.colcon_core.verb:set package 'lbr_moveit' build argument 'ament_cmake_args' from command line to 'None'
[0.942s] Level 5:colcon.colcon_core.verb:set package 'lbr_moveit' build argument 'catkin_cmake_args' from command line to 'None'
[0.942s] Level 5:colcon.colcon_core.verb:set package 'lbr_moveit' build argument 'catkin_skip_building_tests' from command line to 'False'
[0.942s] DEBUG:colcon.colcon_core.verb:Building package 'lbr_moveit' with the following arguments: {'ament_cmake_args': None, 'build_base': '/home/khamrouni/lbr-stack/src/lbr_fri_ros2_stack/build/lbr_moveit', 'catkin_cmake_args': None, 'catkin_skip_building_tests': False, 'cmake_args': None, 'cmake_clean_cache': False, 'cmake_clean_first': False, 'cmake_force_configure': False, 'cmake_target': None, 'cmake_target_skip_unavailable': False, 'install_base': '/home/khamrouni/lbr-stack/src/lbr_fri_ros2_stack/install/lbr_moveit', 'merge_install': False, 'path': '/home/khamrouni/lbr-stack/src/lbr_fri_ros2_stack/lbr_demos/lbr_moveit', 'symlink_install': False, 'test_result_base': None}
[0.943s] Level 5:colcon.colcon_core.verb:set package 'lbr_moveit_cpp' build argument 'cmake_args' from command line to 'None'
[0.943s] Level 5:colcon.colcon_core.verb:set package 'lbr_moveit_cpp' build argument 'cmake_target' from command line to 'None'
[0.943s] Level 5:colcon.colcon_core.verb:set package 'lbr_moveit_cpp' build argument 'cmake_target_skip_unavailable' from command line to 'False'
[0.943s] Level 5:colcon.colcon_core.verb:set package 'lbr_moveit_cpp' build argument 'cmake_clean_cache' from command line to 'False'
[0.943s] Level 5:colcon.colcon_core.verb:set package 'lbr_moveit_cpp' build argument 'cmake_clean_first' from command line to 'False'
[0.943s] Level 5:colcon.colcon_core.verb:set package 'lbr_moveit_cpp' build argument 'cmake_force_configure' from command line to 'False'
[0.943s] Level 5:colcon.colcon_core.verb:set package 'lbr_moveit_cpp' build argument 'ament_cmake_args' from command line to 'None'
[0.943s] Level 5:colcon.colcon_core.verb:set package 'lbr_moveit_cpp' build argument 'catkin_cmake_args' from command line to 'None'
[0.943s] Level 5:colcon.colcon_core.verb:set package 'lbr_moveit_cpp' build argument 'catkin_skip_building_tests' from command line to 'False'
[0.943s] DEBUG:colcon.colcon_core.verb:Building package 'lbr_moveit_cpp' with the following arguments: {'ament_cmake_args': None, 'build_base': '/home/khamrouni/lbr-stack/src/lbr_fri_ros2_stack/build/lbr_moveit_cpp', 'catkin_cmake_args': None, 'catkin_skip_building_tests': False, 'cmake_args': None, 'cmake_clean_cache': False, 'cmake_clean_first': False, 'cmake_force_configure': False, 'cmake_target': None, 'cmake_target_skip_unavailable': False, 'install_base': '/home/khamrouni/lbr-stack/src/lbr_fri_ros2_stack/install/lbr_moveit_cpp', 'merge_install': False, 'path': '/home/khamrouni/lbr-stack/src/lbr_fri_ros2_stack/lbr_demos/lbr_moveit_cpp', 'symlink_install': False, 'test_result_base': None}
[0.944s] Level 5:colcon.colcon_core.verb:set package 'iiwa14_moveit_config' build argument 'cmake_args' from command line to 'None'
[0.944s] Level 5:colcon.colcon_core.verb:set package 'iiwa14_moveit_config' build argument 'cmake_target' from command line to 'None'
[0.944s] Level 5:colcon.colcon_core.verb:set package 'iiwa14_moveit_config' build argument 'cmake_target_skip_unavailable' from command line to 'False'
[0.944s] Level 5:colcon.colcon_core.verb:set package 'iiwa14_moveit_config' build argument 'cmake_clean_cache' from command line to 'False'
[0.944s] Level 5:colcon.colcon_core.verb:set package 'iiwa14_moveit_config' build argument 'cmake_clean_first' from command line to 'False'
[0.944s] Level 5:colcon.colcon_core.verb:set package 'iiwa14_moveit_config' build argument 'cmake_force_configure' from command line to 'False'
[0.944s] Level 5:colcon.colcon_core.verb:set package 'iiwa14_moveit_config' build argument 'ament_cmake_args' from command line to 'None'
[0.944s] Level 5:colcon.colcon_core.verb:set package 'iiwa14_moveit_config' build argument 'catkin_cmake_args' from command line to 'None'
[0.944s] Level 5:colcon.colcon_core.verb:set package 'iiwa14_moveit_config' build argument 'catkin_skip_building_tests' from command line to 'False'
[0.944s] DEBUG:colcon.colcon_core.verb:Building package 'iiwa14_moveit_config' with the following arguments: {'ament_cmake_args': None, 'build_base': '/home/khamrouni/lbr-stack/src/lbr_fri_ros2_stack/build/iiwa14_moveit_config', 'catkin_cmake_args': None, 'catkin_skip_building_tests': False, 'cmake_args': None, 'cmake_clean_cache': False, 'cmake_clean_first': False, 'cmake_force_configure': False, 'cmake_target': None, 'cmake_target_skip_unavailable': False, 'install_base': '/home/khamrouni/lbr-stack/src/lbr_fri_ros2_stack/install/iiwa14_moveit_config', 'merge_install': False, 'path': '/home/khamrouni/lbr-stack/src/lbr_fri_ros2_stack/lbr_moveit_config/iiwa14_moveit_config', 'symlink_install': False, 'test_result_base': None}
[0.945s] Level 5:colcon.colcon_core.verb:set package 'iiwa7_moveit_config' build argument 'cmake_args' from command line to 'None'
[0.945s] Level 5:colcon.colcon_core.verb:set package 'iiwa7_moveit_config' build argument 'cmake_target' from command line to 'None'
[0.945s] Level 5:colcon.colcon_core.verb:set package 'iiwa7_moveit_config' build argument 'cmake_target_skip_unavailable' from command line to 'False'
[0.945s] Level 5:colcon.colcon_core.verb:set package 'iiwa7_moveit_config' build argument 'cmake_clean_cache' from command line to 'False'
[0.945s] Level 5:colcon.colcon_core.verb:set package 'iiwa7_moveit_config' build argument 'cmake_clean_first' from command line to 'False'
[0.945s] Level 5:colcon.colcon_core.verb:set package 'iiwa7_moveit_config' build argument 'cmake_force_configure' from command line to 'False'
[0.945s] Level 5:colcon.colcon_core.verb:set package 'iiwa7_moveit_config' build argument 'ament_cmake_args' from command line to 'None'
[0.945s] Level 5:colcon.colcon_core.verb:set package 'iiwa7_moveit_config' build argument 'catkin_cmake_args' from command line to 'None'
[0.945s] Level 5:colcon.colcon_core.verb:set package 'iiwa7_moveit_config' build argument 'catkin_skip_building_tests' from command line to 'False'
[0.946s] DEBUG:colcon.colcon_core.verb:Building package 'iiwa7_moveit_config' with the following arguments: {'ament_cmake_args': None, 'build_base': '/home/khamrouni/lbr-stack/src/lbr_fri_ros2_stack/build/iiwa7_moveit_config', 'catkin_cmake_args': None, 'catkin_skip_building_tests': False, 'cmake_args': None, 'cmake_clean_cache': False, 'cmake_clean_first': False, 'cmake_force_configure': False, 'cmake_target': None, 'cmake_target_skip_unavailable': False, 'install_base': '/home/khamrouni/lbr-stack/src/lbr_fri_ros2_stack/install/iiwa7_moveit_config', 'merge_install': False, 'path': '/home/khamrouni/lbr-stack/src/lbr_fri_ros2_stack/lbr_moveit_config/iiwa7_moveit_config', 'symlink_install': False, 'test_result_base': None}
[0.946s] Level 5:colcon.colcon_core.verb:set package 'lbr_fri_ros2' build argument 'cmake_args' from command line to 'None'
[0.946s] Level 5:colcon.colcon_core.verb:set package 'lbr_fri_ros2' build argument 'cmake_target' from command line to 'None'
[0.946s] Level 5:colcon.colcon_core.verb:set package 'lbr_fri_ros2' build argument 'cmake_target_skip_unavailable' from command line to 'False'
[0.946s] Level 5:colcon.colcon_core.verb:set package 'lbr_fri_ros2' build argument 'cmake_clean_cache' from command line to 'False'
[0.946s] Level 5:colcon.colcon_core.verb:set package 'lbr_fri_ros2' build argument 'cmake_clean_first' from command line to 'False'
[0.946s] Level 5:colcon.colcon_core.verb:set package 'lbr_fri_ros2' build argument 'cmake_force_configure' from command line to 'False'
[0.947s] Level 5:colcon.colcon_core.verb:set package 'lbr_fri_ros2' build argument 'ament_cmake_args' from command line to 'None'
[0.947s] Level 5:colcon.colcon_core.verb:set package 'lbr_fri_ros2' build argument 'catkin_cmake_args' from command line to 'None'
[0.947s] Level 5:colcon.colcon_core.verb:set package 'lbr_fri_ros2' build argument 'catkin_skip_building_tests' from command line to 'False'
[0.947s] DEBUG:colcon.colcon_core.verb:Building package 'lbr_fri_ros2' with the following arguments: {'ament_cmake_args': None, 'build_base': '/home/khamrouni/lbr-stack/src/lbr_fri_ros2_stack/build/lbr_fri_ros2', 'catkin_cmake_args': None, 'catkin_skip_building_tests': False, 'cmake_args': None, 'cmake_clean_cache': False, 'cmake_clean_first': False, 'cmake_force_configure': False, 'cmake_target': None, 'cmake_target_skip_unavailable': False, 'install_base': '/home/khamrouni/lbr-stack/src/lbr_fri_ros2_stack/install/lbr_fri_ros2', 'merge_install': False, 'path': '/home/khamrouni/lbr-stack/src/lbr_fri_ros2_stack/lbr_fri_ros2', 'symlink_install': False, 'test_result_base': None}
[0.947s] Level 5:colcon.colcon_core.verb:set package 'med14_moveit_config' build argument 'cmake_args' from command line to 'None'
[0.947s] Level 5:colcon.colcon_core.verb:set package 'med14_moveit_config' build argument 'cmake_target' from command line to 'None'
[0.948s] Level 5:colcon.colcon_core.verb:set package 'med14_moveit_config' build argument 'cmake_target_skip_unavailable' from command line to 'False'
[0.948s] Level 5:colcon.colcon_core.verb:set package 'med14_moveit_config' build argument 'cmake_clean_cache' from command line to 'False'
[0.948s] Level 5:colcon.colcon_core.verb:set package 'med14_moveit_config' build argument 'cmake_clean_first' from command line to 'False'
[0.948s] Level 5:colcon.colcon_core.verb:set package 'med14_moveit_config' build argument 'cmake_force_configure' from command line to 'False'
[0.948s] Level 5:colcon.colcon_core.verb:set package 'med14_moveit_config' build argument 'ament_cmake_args' from command line to 'None'
[0.948s] Level 5:colcon.colcon_core.verb:set package 'med14_moveit_config' build argument 'catkin_cmake_args' from command line to 'None'
[0.948s] Level 5:colcon.colcon_core.verb:set package 'med14_moveit_config' build argument 'catkin_skip_building_tests' from command line to 'False'
[0.948s] DEBUG:colcon.colcon_core.verb:Building package 'med14_moveit_config' with the following arguments: {'ament_cmake_args': None, 'build_base': '/home/khamrouni/lbr-stack/src/lbr_fri_ros2_stack/build/med14_moveit_config', 'catkin_cmake_args': None, 'catkin_skip_building_tests': False, 'cmake_args': None, 'cmake_clean_cache': False, 'cmake_clean_first': False, 'cmake_force_configure': False, 'cmake_target': None, 'cmake_target_skip_unavailable': False, 'install_base': '/home/khamrouni/lbr-stack/src/lbr_fri_ros2_stack/install/med14_moveit_config', 'merge_install': False, 'path': '/home/khamrouni/lbr-stack/src/lbr_fri_ros2_stack/lbr_moveit_config/med14_moveit_config', 'symlink_install': False, 'test_result_base': None}
[0.949s] Level 5:colcon.colcon_core.verb:set package 'med7_moveit_config' build argument 'cmake_args' from command line to 'None'
[0.949s] Level 5:colcon.colcon_core.verb:set package 'med7_moveit_config' build argument 'cmake_target' from command line to 'None'
[0.949s] Level 5:colcon.colcon_core.verb:set package 'med7_moveit_config' build argument 'cmake_target_skip_unavailable' from command line to 'False'
[0.949s] Level 5:colcon.colcon_core.verb:set package 'med7_moveit_config' build argument 'cmake_clean_cache' from command line to 'False'
[0.949s] Level 5:colcon.colcon_core.verb:set package 'med7_moveit_config' build argument 'cmake_clean_first' from command line to 'False'
[0.949s] Level 5:colcon.colcon_core.verb:set package 'med7_moveit_config' build argument 'cmake_force_configure' from command line to 'False'
[0.949s] Level 5:colcon.colcon_core.verb:set package 'med7_moveit_config' build argument 'ament_cmake_args' from command line to 'None'
[0.949s] Level 5:colcon.colcon_core.verb:set package 'med7_moveit_config' build argument 'catkin_cmake_args' from command line to 'None'
[0.949s] Level 5:colcon.colcon_core.verb:set package 'med7_moveit_config' build argument 'catkin_skip_building_tests' from command line to 'False'
[0.949s] DEBUG:colcon.colcon_core.verb:Building package 'med7_moveit_config' with the following arguments: {'ament_cmake_args': None, 'build_base': '/home/khamrouni/lbr-stack/src/lbr_fri_ros2_stack/build/med7_moveit_config', 'catkin_cmake_args': None, 'catkin_skip_building_tests': False, 'cmake_args': None, 'cmake_clean_cache': False, 'cmake_clean_first': False, 'cmake_force_configure': False, 'cmake_target': None, 'cmake_target_skip_unavailable': False, 'install_base': '/home/khamrouni/lbr-stack/src/lbr_fri_ros2_stack/install/med7_moveit_config', 'merge_install': False, 'path': '/home/khamrouni/lbr-stack/src/lbr_fri_ros2_stack/lbr_moveit_config/med7_moveit_config', 'symlink_install': False, 'test_result_base': None}
[0.950s] Level 5:colcon.colcon_core.verb:set package 'lbr_demos_advanced_cpp' build argument 'cmake_args' from command line to 'None'
[0.950s] Level 5:colcon.colcon_core.verb:set package 'lbr_demos_advanced_cpp' build argument 'cmake_target' from command line to 'None'
[0.950s] Level 5:colcon.colcon_core.verb:set package 'lbr_demos_advanced_cpp' build argument 'cmake_target_skip_unavailable' from command line to 'False'
[0.950s] Level 5:colcon.colcon_core.verb:set package 'lbr_demos_advanced_cpp' build argument 'cmake_clean_cache' from command line to 'False'
[0.950s] Level 5:colcon.colcon_core.verb:set package 'lbr_demos_advanced_cpp' build argument 'cmake_clean_first' from command line to 'False'
[0.950s] Level 5:colcon.colcon_core.verb:set package 'lbr_demos_advanced_cpp' build argument 'cmake_force_configure' from command line to 'False'
[0.950s] Level 5:colcon.colcon_core.verb:set package 'lbr_demos_advanced_cpp' build argument 'ament_cmake_args' from command line to 'None'
[0.950s] Level 5:colcon.colcon_core.verb:set package 'lbr_demos_advanced_cpp' build argument 'catkin_cmake_args' from command line to 'None'
[0.950s] Level 5:colcon.colcon_core.verb:set package 'lbr_demos_advanced_cpp' build argument 'catkin_skip_building_tests' from command line to 'False'
[0.951s] DEBUG:colcon.colcon_core.verb:Building package 'lbr_demos_advanced_cpp' with the following arguments: {'ament_cmake_args': None, 'build_base': '/home/khamrouni/lbr-stack/src/lbr_fri_ros2_stack/build/lbr_demos_advanced_cpp', 'catkin_cmake_args': None, 'catkin_skip_building_tests': False, 'cmake_args': None, 'cmake_clean_cache': False, 'cmake_clean_first': False, 'cmake_force_configure': False, 'cmake_target': None, 'cmake_target_skip_unavailable': False, 'install_base': '/home/khamrouni/lbr-stack/src/lbr_fri_ros2_stack/install/lbr_demos_advanced_cpp', 'merge_install': False, 'path': '/home/khamrouni/lbr-stack/src/lbr_fri_ros2_stack/lbr_demos/lbr_demos_advanced_cpp', 'symlink_install': False, 'test_result_base': None}
[0.951s] Level 5:colcon.colcon_core.verb:set package 'lbr_demos_advanced_py' build argument 'cmake_args' from command line to 'None'
[0.951s] Level 5:colcon.colcon_core.verb:set package 'lbr_demos_advanced_py' build argument 'cmake_target' from command line to 'None'
[0.952s] Level 5:colcon.colcon_core.verb:set package 'lbr_demos_advanced_py' build argument 'cmake_target_skip_unavailable' from command line to 'False'
[0.952s] Level 5:colcon.colcon_core.verb:set package 'lbr_demos_advanced_py' build argument 'cmake_clean_cache' from command line to 'False'
[0.952s] Level 5:colcon.colcon_core.verb:set package 'lbr_demos_advanced_py' build argument 'cmake_clean_first' from command line to 'False'
[0.952s] Level 5:colcon.colcon_core.verb:set package 'lbr_demos_advanced_py' build argument 'cmake_force_configure' from command line to 'False'
[0.952s] Level 5:colcon.colcon_core.verb:set package 'lbr_demos_advanced_py' build argument 'ament_cmake_args' from command line to 'None'
[0.952s] Level 5:colcon.colcon_core.verb:set package 'lbr_demos_advanced_py' build argument 'catkin_cmake_args' from command line to 'None'
[0.952s] Level 5:colcon.colcon_core.verb:set package 'lbr_demos_advanced_py' build argument 'catkin_skip_building_tests' from command line to 'False'
[0.952s] DEBUG:colcon.colcon_core.verb:Building package 'lbr_demos_advanced_py' with the following arguments: {'ament_cmake_args': None, 'build_base': '/home/khamrouni/lbr-stack/src/lbr_fri_ros2_stack/build/lbr_demos_advanced_py', 'catkin_cmake_args': None, 'catkin_skip_building_tests': False, 'cmake_args': None, 'cmake_clean_cache': False, 'cmake_clean_first': False, 'cmake_force_configure': False, 'cmake_target': None, 'cmake_target_skip_unavailable': False, 'install_base': '/home/khamrouni/lbr-stack/src/lbr_fri_ros2_stack/install/lbr_demos_advanced_py', 'merge_install': False, 'path': '/home/khamrouni/lbr-stack/src/lbr_fri_ros2_stack/lbr_demos/lbr_demos_advanced_py', 'symlink_install': False, 'test_result_base': None}
[0.953s] Level 5:colcon.colcon_core.verb:set package 'lbr_ros2_control' build argument 'cmake_args' from command line to 'None'
[0.953s] Level 5:colcon.colcon_core.verb:set package 'lbr_ros2_control' build argument 'cmake_target' from command line to 'None'
[0.953s] Level 5:colcon.colcon_core.verb:set package 'lbr_ros2_control' build argument 'cmake_target_skip_unavailable' from command line to 'False'
[0.953s] Level 5:colcon.colcon_core.verb:set package 'lbr_ros2_control' build argument 'cmake_clean_cache' from command line to 'False'
[0.953s] Level 5:colcon.colcon_core.verb:set package 'lbr_ros2_control' build argument 'cmake_clean_first' from command line to 'False'
[0.953s] Level 5:colcon.colcon_core.verb:set package 'lbr_ros2_control' build argument 'cmake_force_configure' from command line to 'False'
[0.953s] Level 5:colcon.colcon_core.verb:set package 'lbr_ros2_control' build argument 'ament_cmake_args' from command line to 'None'
[0.953s] Level 5:colcon.colcon_core.verb:set package 'lbr_ros2_control' build argument 'catkin_cmake_args' from command line to 'None'
[0.953s] Level 5:colcon.colcon_core.verb:set package 'lbr_ros2_control' build argument 'catkin_skip_building_tests' from command line to 'False'
[0.953s] DEBUG:colcon.colcon_core.verb:Building package 'lbr_ros2_control' with the following arguments: {'ament_cmake_args': None, 'build_base': '/home/khamrouni/lbr-stack/src/lbr_fri_ros2_stack/build/lbr_ros2_control', 'catkin_cmake_args': None, 'catkin_skip_building_tests': False, 'cmake_args': None, 'cmake_clean_cache': False, 'cmake_clean_first': False, 'cmake_force_configure': False, 'cmake_target': None, 'cmake_target_skip_unavailable': False, 'install_base': '/home/khamrouni/lbr-stack/src/lbr_fri_ros2_stack/install/lbr_ros2_control', 'merge_install': False, 'path': '/home/khamrouni/lbr-stack/src/lbr_fri_ros2_stack/lbr_ros2_control', 'symlink_install': False, 'test_result_base': None}
[0.954s] Level 5:colcon.colcon_core.verb:set package 'lbr_bringup' build argument 'cmake_args' from command line to 'None'
[0.954s] Level 5:colcon.colcon_core.verb:set package 'lbr_bringup' build argument 'cmake_target' from command line to 'None'
[0.954s] Level 5:colcon.colcon_core.verb:set package 'lbr_bringup' build argument 'cmake_target_skip_unavailable' from command line to 'False'
[0.954s] Level 5:colcon.colcon_core.verb:set package 'lbr_bringup' build argument 'cmake_clean_cache' from command line to 'False'
[0.954s] Level 5:colcon.colcon_core.verb:set package 'lbr_bringup' build argument 'cmake_clean_first' from command line to 'False'
[0.954s] Level 5:colcon.colcon_core.verb:set package 'lbr_bringup' build argument 'cmake_force_configure' from command line to 'False'
[0.954s] Level 5:colcon.colcon_core.verb:set package 'lbr_bringup' build argument 'ament_cmake_args' from command line to 'None'
[0.954s] Level 5:colcon.colcon_core.verb:set package 'lbr_bringup' build argument 'catkin_cmake_args' from command line to 'None'
[0.954s] Level 5:colcon.colcon_core.verb:set package 'lbr_bringup' build argument 'catkin_skip_building_tests' from command line to 'False'
[0.954s] DEBUG:colcon.colcon_core.verb:Building package 'lbr_bringup' with the following arguments: {'ament_cmake_args': None, 'build_base': '/home/khamrouni/lbr-stack/src/lbr_fri_ros2_stack/build/lbr_bringup', 'catkin_cmake_args': None, 'catkin_skip_building_tests': False, 'cmake_args': None, 'cmake_clean_cache': False, 'cmake_clean_first': False, 'cmake_force_configure': False, 'cmake_target': None, 'cmake_target_skip_unavailable': False, 'install_base': '/home/khamrouni/lbr-stack/src/lbr_fri_ros2_stack/install/lbr_bringup', 'merge_install': False, 'path': '/home/khamrouni/lbr-stack/src/lbr_fri_ros2_stack/lbr_bringup', 'symlink_install': False, 'test_result_base': None}
[0.955s] Level 5:colcon.colcon_core.verb:set package 'lbr_demos_cpp' build argument 'cmake_args' from command line to 'None'
[0.955s] Level 5:colcon.colcon_core.verb:set package 'lbr_demos_cpp' build argument 'cmake_target' from command line to 'None'
[0.955s] Level 5:colcon.colcon_core.verb:set package 'lbr_demos_cpp' build argument 'cmake_target_skip_unavailable' from command line to 'False'
[0.955s] Level 5:colcon.colcon_core.verb:set package 'lbr_demos_cpp' build argument 'cmake_clean_cache' from command line to 'False'
[0.955s] Level 5:colcon.colcon_core.verb:set package 'lbr_demos_cpp' build argument 'cmake_clean_first' from command line to 'False'
[0.955s] Level 5:colcon.colcon_core.verb:set package 'lbr_demos_cpp' build argument 'cmake_force_configure' from command line to 'False'
[0.956s] Level 5:colcon.colcon_core.verb:set package 'lbr_demos_cpp' build argument 'ament_cmake_args' from command line to 'None'
[0.956s] Level 5:colcon.colcon_core.verb:set package 'lbr_demos_cpp' build argument 'catkin_cmake_args' from command line to 'None'
[0.956s] Level 5:colcon.colcon_core.verb:set package 'lbr_demos_cpp' build argument 'catkin_skip_building_tests' from command line to 'False'
[0.956s] DEBUG:colcon.colcon_core.verb:Building package 'lbr_demos_cpp' with the following arguments: {'ament_cmake_args': None, 'build_base': '/home/khamrouni/lbr-stack/src/lbr_fri_ros2_stack/build/lbr_demos_cpp', 'catkin_cmake_args': None, 'catkin_skip_building_tests': False, 'cmake_args': None, 'cmake_clean_cache': False, 'cmake_clean_first': False, 'cmake_force_configure': False, 'cmake_target': None, 'cmake_target_skip_unavailable': False, 'install_base': '/home/khamrouni/lbr-stack/src/lbr_fri_ros2_stack/install/lbr_demos_cpp', 'merge_install': False, 'path': '/home/khamrouni/lbr-stack/src/lbr_fri_ros2_stack/lbr_demos/lbr_demos_cpp', 'symlink_install': False, 'test_result_base': None}
[0.956s] Level 5:colcon.colcon_core.verb:set package 'lbr_demos_py' build argument 'cmake_args' from command line to 'None'
[0.956s] Level 5:colcon.colcon_core.verb:set package 'lbr_demos_py' build argument 'cmake_target' from command line to 'None'
[0.956s] Level 5:colcon.colcon_core.verb:set package 'lbr_demos_py' build argument 'cmake_target_skip_unavailable' from command line to 'False'
[0.957s] Level 5:colcon.colcon_core.verb:set package 'lbr_demos_py' build argument 'cmake_clean_cache' from command line to 'False'
[0.957s] Level 5:colcon.colcon_core.verb:set package 'lbr_demos_py' build argument 'cmake_clean_first' from command line to 'False'
[0.957s] Level 5:colcon.colcon_core.verb:set package 'lbr_demos_py' build argument 'cmake_force_configure' from command line to 'False'
[0.957s] Level 5:colcon.colcon_core.verb:set package 'lbr_demos_py' build argument 'ament_cmake_args' from command line to 'None'
[0.957s] Level 5:colcon.colcon_core.verb:set package 'lbr_demos_py' build argument 'catkin_cmake_args' from command line to 'None'
[0.957s] Level 5:colcon.colcon_core.verb:set package 'lbr_demos_py' build argument 'catkin_skip_building_tests' from command line to 'False'
[0.957s] DEBUG:colcon.colcon_core.verb:Building package 'lbr_demos_py' with the following arguments: {'ament_cmake_args': None, 'build_base': '/home/khamrouni/lbr-stack/src/lbr_fri_ros2_stack/build/lbr_demos_py', 'catkin_cmake_args': None, 'catkin_skip_building_tests': False, 'cmake_args': None, 'cmake_clean_cache': False, 'cmake_clean_first': False, 'cmake_force_configure': False, 'cmake_target': None, 'cmake_target_skip_unavailable': False, 'install_base': '/home/khamrouni/lbr-stack/src/lbr_fri_ros2_stack/install/lbr_demos_py', 'merge_install': False, 'path': '/home/khamrouni/lbr-stack/src/lbr_fri_ros2_stack/lbr_demos/lbr_demos_py', 'symlink_install': False, 'test_result_base': None}
[0.958s] Level 5:colcon.colcon_core.verb:set package 'lbr_fri_ros2_stack' build argument 'cmake_args' from command line to 'None'
[0.958s] Level 5:colcon.colcon_core.verb:set package 'lbr_fri_ros2_stack' build argument 'cmake_target' from command line to 'None'
[0.958s] Level 5:colcon.colcon_core.verb:set package 'lbr_fri_ros2_stack' build argument 'cmake_target_skip_unavailable' from command line to 'False'
[0.958s] Level 5:colcon.colcon_core.verb:set package 'lbr_fri_ros2_stack' build argument 'cmake_clean_cache' from command line to 'False'
[0.958s] Level 5:colcon.colcon_core.verb:set package 'lbr_fri_ros2_stack' build argument 'cmake_clean_first' from command line to 'False'
[0.958s] Level 5:colcon.colcon_core.verb:set package 'lbr_fri_ros2_stack' build argument 'cmake_force_configure' from command line to 'False'
[0.958s] Level 5:colcon.colcon_core.verb:set package 'lbr_fri_ros2_stack' build argument 'ament_cmake_args' from command line to 'None'
[0.958s] Level 5:colcon.colcon_core.verb:set package 'lbr_fri_ros2_stack' build argument 'catkin_cmake_args' from command line to 'None'
[0.958s] Level 5:colcon.colcon_core.verb:set package 'lbr_fri_ros2_stack' build argument 'catkin_skip_building_tests' from command line to 'False'
[0.958s] DEBUG:colcon.colcon_core.verb:Building package 'lbr_fri_ros2_stack' with the following arguments: {'ament_cmake_args': None, 'build_base': '/home/khamrouni/lbr-stack/src/lbr_fri_ros2_stack/build/lbr_fri_ros2_stack', 'catkin_cmake_args': None, 'catkin_skip_building_tests': False, 'cmake_args': None, 'cmake_clean_cache': False, 'cmake_clean_first': False, 'cmake_force_configure': False, 'cmake_target': None, 'cmake_target_skip_unavailable': False, 'install_base': '/home/khamrouni/lbr-stack/src/lbr_fri_ros2_stack/install/lbr_fri_ros2_stack', 'merge_install': False, 'path': '/home/khamrouni/lbr-stack/src/lbr_fri_ros2_stack/lbr_fri_ros2_stack', 'symlink_install': False, 'test_result_base': None}
[0.959s] INFO:colcon.colcon_core.executor:Executing jobs using 'parallel' executor
[0.960s] DEBUG:colcon.colcon_parallel_executor.executor.parallel:run_until_complete
[0.961s] INFO:colcon.colcon_ros.task.ament_cmake.build:Building ROS package in '/home/khamrouni/lbr-stack/src/lbr_fri_ros2_stack/lbr_description' with build type 'ament_cmake'
[0.961s] INFO:colcon.colcon_cmake.task.cmake.build:Building CMake package in '/home/khamrouni/lbr-stack/src/lbr_fri_ros2_stack/lbr_description'
[0.966s] INFO:colcon.colcon_core.plugin_system:Skipping extension 'colcon_core.shell.bat': Not used on non-Windows systems
[0.966s] INFO:colcon.colcon_core.shell:Skip shell extension 'powershell' for command environment: Not usable outside of PowerShell
[0.966s] DEBUG:colcon.colcon_core.shell:Skip shell extension 'dsv' for command environment
[0.984s] INFO:colcon.colcon_ros.task.ament_python.build:Building ROS package in '/home/khamrouni/lbr-stack/src/lbr_fri_ros2_stack/lbr_demos/lbr_moveit' with build type 'ament_python'
[0.984s] Level 1:colcon.colcon_core.shell:create_environment_hook('lbr_moveit', 'ament_prefix_path')
[0.985s] INFO:colcon.colcon_core.shell:Creating environment hook '/home/khamrouni/lbr-stack/src/lbr_fri_ros2_stack/install/lbr_moveit/share/lbr_moveit/hook/ament_prefix_path.ps1'
[0.986s] INFO:colcon.colcon_core.shell:Creating environment descriptor '/home/khamrouni/lbr-stack/src/lbr_fri_ros2_stack/install/lbr_moveit/share/lbr_moveit/hook/ament_prefix_path.dsv'
[0.987s] INFO:colcon.colcon_core.shell:Creating environment hook '/home/khamrouni/lbr-stack/src/lbr_fri_ros2_stack/install/lbr_moveit/share/lbr_moveit/hook/ament_prefix_path.sh'
[0.988s] INFO:colcon.colcon_core.shell:Skip shell extension 'powershell' for command environment: Not usable outside of PowerShell
[0.988s] DEBUG:colcon.colcon_core.shell:Skip shell extension 'dsv' for command environment
[1.006s] INFO:colcon.colcon_ros.task.ament_cmake.build:Building ROS package in '/home/khamrouni/lbr-stack/src/lbr_fri_ros2_stack/lbr_demos/lbr_moveit_cpp' with build type 'ament_cmake'
[1.006s] INFO:colcon.colcon_cmake.task.cmake.build:Building CMake package in '/home/khamrouni/lbr-stack/src/lbr_fri_ros2_stack/lbr_demos/lbr_moveit_cpp'
[1.006s] INFO:colcon.colcon_core.shell:Skip shell extension 'powershell' for command environment: Not usable outside of PowerShell
[1.006s] DEBUG:colcon.colcon_core.shell:Skip shell extension 'dsv' for command environment
[1.031s] DEBUG:colcon.colcon_core.event_handler.log_command:Invoking command in '/home/khamrouni/lbr-stack/src/lbr_fri_ros2_stack/build/lbr_description': CMAKE_PREFIX_PATH=${CMAKE_PREFIX_PATH}:/home/khamrouni/auctus/work/kuka_robot/install/lbr_demos_py:/home/khamrouni/auctus/work/kuka_robot/install/lbr_moveit:/home/khamrouni/auctus/work/kuka_robot/install/lbr_demos_advanced_py:/home/khamrouni/ws_moveit/install/moveit_configs_utils:/home/khamrouni/ws_moveit/install/launch_param_builder:/opt/ros/humble /usr/bin/cmake /home/khamrouni/lbr-stack/src/lbr_fri_ros2_stack/lbr_description -DCMAKE_INSTALL_PREFIX=/home/khamrouni/lbr-stack/src/lbr_fri_ros2_stack/install/lbr_description
[1.673s] INFO:colcon.colcon_core.task.python.build:Building Python package in '/home/khamrouni/lbr-stack/src/lbr_fri_ros2_stack/lbr_demos/lbr_moveit'
[1.673s] INFO:colcon.colcon_core.shell:Skip shell extension 'powershell' for command environment: Not usable outside of PowerShell
[1.673s] DEBUG:colcon.colcon_core.shell:Skip shell extension 'dsv' for command environment
[1.701s] DEBUG:colcon.colcon_core.event_handler.log_command:Invoking command in '/home/khamrouni/lbr-stack/src/lbr_fri_ros2_stack/build/lbr_moveit_cpp': CMAKE_PREFIX_PATH=${CMAKE_PREFIX_PATH}:/home/khamrouni/auctus/work/kuka_robot/install/lbr_demos_py:/home/khamrouni/auctus/work/kuka_robot/install/lbr_moveit:/home/khamrouni/auctus/work/kuka_robot/install/lbr_demos_advanced_py:/home/khamrouni/ws_moveit/install/moveit_configs_utils:/home/khamrouni/ws_moveit/install/launch_param_builder:/opt/ros/humble /usr/bin/cmake /home/khamrouni/lbr-stack/src/lbr_fri_ros2_stack/lbr_demos/lbr_moveit_cpp -DCMAKE_INSTALL_PREFIX=/home/khamrouni/lbr-stack/src/lbr_fri_ros2_stack/install/lbr_moveit_cpp
[2.541s] DEBUG:colcon.colcon_core.event_handler.log_command:Invoking command in '/home/khamrouni/lbr-stack/src/lbr_fri_ros2_stack/lbr_demos/lbr_moveit': PYTHONPATH=/home/khamrouni/lbr-stack/src/lbr_fri_ros2_stack/build/lbr_moveit/prefix_override:/usr/lib/python3/dist-packages/colcon_core/task/python/colcon_distutils_commands:/home/khamrouni/lbr-stack/src/lbr_fri_ros2_stack/install/lbr_moveit/lib/python3.10/site-packages:${PYTHONPATH} /usr/bin/python3 -W ignore:setup.py install is deprecated -W ignore:easy_install command is deprecated setup.py egg_info --egg-base ../../build/lbr_moveit build --build-base /home/khamrouni/lbr-stack/src/lbr_fri_ros2_stack/build/lbr_moveit/build install --record /home/khamrouni/lbr-stack/src/lbr_fri_ros2_stack/build/lbr_moveit/install.log --single-version-externally-managed install_data
[3.277s] DEBUG:colcon.colcon_core.event_handler.log_command:Invoked command in '/home/khamrouni/lbr-stack/src/lbr_fri_ros2_stack/lbr_demos/lbr_moveit' returned '0': PYTHONPATH=/home/khamrouni/lbr-stack/src/lbr_fri_ros2_stack/build/lbr_moveit/prefix_override:/usr/lib/python3/dist-packages/colcon_core/task/python/colcon_distutils_commands:/home/khamrouni/lbr-stack/src/lbr_fri_ros2_stack/install/lbr_moveit/lib/python3.10/site-packages:${PYTHONPATH} /usr/bin/python3 -W ignore:setup.py install is deprecated -W ignore:easy_install command is deprecated setup.py egg_info --egg-base ../../build/lbr_moveit build --build-base /home/khamrouni/lbr-stack/src/lbr_fri_ros2_stack/build/lbr_moveit/build install --record /home/khamrouni/lbr-stack/src/lbr_fri_ros2_stack/build/lbr_moveit/install.log --single-version-externally-managed install_data
[3.282s] Level 1:colcon.colcon_core.environment:checking '/home/khamrouni/lbr-stack/src/lbr_fri_ros2_stack/install/lbr_moveit' for CMake module files
[3.283s] Level 1:colcon.colcon_core.environment:checking '/home/khamrouni/lbr-stack/src/lbr_fri_ros2_stack/install/lbr_moveit' for CMake config files
[3.284s] Level 1:colcon.colcon_core.environment:checking '/home/khamrouni/lbr-stack/src/lbr_fri_ros2_stack/install/lbr_moveit/lib'
[3.285s] Level 1:colcon.colcon_core.environment:checking '/home/khamrouni/lbr-stack/src/lbr_fri_ros2_stack/install/lbr_moveit/bin'
[3.285s] Level 1:colcon.colcon_core.environment:checking '/home/khamrouni/lbr-stack/src/lbr_fri_ros2_stack/install/lbr_moveit/lib/pkgconfig/lbr_moveit.pc'
[3.285s] Level 1:colcon.colcon_core.environment:checking '/home/khamrouni/lbr-stack/src/lbr_fri_ros2_stack/install/lbr_moveit/lib/python3.10/site-packages'
[3.285s] Level 1:colcon.colcon_core.shell:create_environment_hook('lbr_moveit', 'pythonpath')
[3.286s] INFO:colcon.colcon_core.shell:Creating environment hook '/home/khamrouni/lbr-stack/src/lbr_fri_ros2_stack/install/lbr_moveit/share/lbr_moveit/hook/pythonpath.ps1'
[3.287s] INFO:colcon.colcon_core.shell:Creating environment descriptor '/home/khamrouni/lbr-stack/src/lbr_fri_ros2_stack/install/lbr_moveit/share/lbr_moveit/hook/pythonpath.dsv'
[3.287s] INFO:colcon.colcon_core.shell:Creating environment hook '/home/khamrouni/lbr-stack/src/lbr_fri_ros2_stack/install/lbr_moveit/share/lbr_moveit/hook/pythonpath.sh'
[3.288s] Level 1:colcon.colcon_core.environment:checking '/home/khamrouni/lbr-stack/src/lbr_fri_ros2_stack/install/lbr_moveit/bin'
[3.288s] Level 1:colcon.colcon_core.environment:create_environment_scripts_only(lbr_moveit)
[3.289s] INFO:colcon.colcon_core.shell:Creating package script '/home/khamrouni/lbr-stack/src/lbr_fri_ros2_stack/install/lbr_moveit/share/lbr_moveit/package.ps1'
[3.291s] INFO:colcon.colcon_core.shell:Creating package descriptor '/home/khamrouni/lbr-stack/src/lbr_fri_ros2_stack/install/lbr_moveit/share/lbr_moveit/package.dsv'
[3.293s] INFO:colcon.colcon_core.shell:Creating package script '/home/khamrouni/lbr-stack/src/lbr_fri_ros2_stack/install/lbr_moveit/share/lbr_moveit/package.sh'
[3.294s] INFO:colcon.colcon_core.shell:Creating package script '/home/khamrouni/lbr-stack/src/lbr_fri_ros2_stack/install/lbr_moveit/share/lbr_moveit/package.bash'
[3.296s] INFO:colcon.colcon_core.shell:Creating package script '/home/khamrouni/lbr-stack/src/lbr_fri_ros2_stack/install/lbr_moveit/share/lbr_moveit/package.zsh'
[3.298s] Level 1:colcon.colcon_core.environment:create_file_with_runtime_dependencies(/home/khamrouni/lbr-stack/src/lbr_fri_ros2_stack/install/lbr_moveit/share/colcon-core/packages/lbr_moveit)
[3.468s] DEBUG:colcon.colcon_core.event_handler.log_command:Invoked command in '/home/khamrouni/lbr-stack/src/lbr_fri_ros2_stack/build/lbr_description' returned '0': CMAKE_PREFIX_PATH=${CMAKE_PREFIX_PATH}:/home/khamrouni/auctus/work/kuka_robot/install/lbr_demos_py:/home/khamrouni/auctus/work/kuka_robot/install/lbr_moveit:/home/khamrouni/auctus/work/kuka_robot/install/lbr_demos_advanced_py:/home/khamrouni/ws_moveit/install/moveit_configs_utils:/home/khamrouni/ws_moveit/install/launch_param_builder:/opt/ros/humble /usr/bin/cmake /home/khamrouni/lbr-stack/src/lbr_fri_ros2_stack/lbr_description -DCMAKE_INSTALL_PREFIX=/home/khamrouni/lbr-stack/src/lbr_fri_ros2_stack/install/lbr_description
[3.472s] DEBUG:colcon.colcon_core.event_handler.log_command:Invoking command in '/home/khamrouni/lbr-stack/src/lbr_fri_ros2_stack/build/lbr_description': CMAKE_PREFIX_PATH=${CMAKE_PREFIX_PATH}:/home/khamrouni/auctus/work/kuka_robot/install/lbr_demos_py:/home/khamrouni/auctus/work/kuka_robot/install/lbr_moveit:/home/khamrouni/auctus/work/kuka_robot/install/lbr_demos_advanced_py:/home/khamrouni/ws_moveit/install/moveit_configs_utils:/home/khamrouni/ws_moveit/install/launch_param_builder:/opt/ros/humble /usr/bin/cmake --build /home/khamrouni/lbr-stack/src/lbr_fri_ros2_stack/build/lbr_description -- -j8 -l8
[3.556s] DEBUG:colcon.colcon_core.event_handler.log_command:Invoked command in '/home/khamrouni/lbr-stack/src/lbr_fri_ros2_stack/build/lbr_description' returned '0': CMAKE_PREFIX_PATH=${CMAKE_PREFIX_PATH}:/home/khamrouni/auctus/work/kuka_robot/install/lbr_demos_py:/home/khamrouni/auctus/work/kuka_robot/install/lbr_moveit:/home/khamrouni/auctus/work/kuka_robot/install/lbr_demos_advanced_py:/home/khamrouni/ws_moveit/install/moveit_configs_utils:/home/khamrouni/ws_moveit/install/launch_param_builder:/opt/ros/humble /usr/bin/cmake --build /home/khamrouni/lbr-stack/src/lbr_fri_ros2_stack/build/lbr_description -- -j8 -l8
[3.578s] DEBUG:colcon.colcon_core.event_handler.log_command:Invoking command in '/home/khamrouni/lbr-stack/src/lbr_fri_ros2_stack/build/lbr_description': CMAKE_PREFIX_PATH=${CMAKE_PREFIX_PATH}:/home/khamrouni/auctus/work/kuka_robot/install/lbr_demos_py:/home/khamrouni/auctus/work/kuka_robot/install/lbr_moveit:/home/khamrouni/auctus/work/kuka_robot/install/lbr_demos_advanced_py:/home/khamrouni/ws_moveit/install/moveit_configs_utils:/home/khamrouni/ws_moveit/install/launch_param_builder:/opt/ros/humble /usr/bin/cmake --install /home/khamrouni/lbr-stack/src/lbr_fri_ros2_stack/build/lbr_description
[3.723s] Level 1:colcon.colcon_core.environment:create_environment_scripts_only(lbr_description)
[3.724s] Level 1:colcon.colcon_core.environment:checking '/home/khamrouni/lbr-stack/src/lbr_fri_ros2_stack/install/lbr_description' for CMake module files
[3.725s] DEBUG:colcon.colcon_core.event_handler.log_command:Invoked command in '/home/khamrouni/lbr-stack/src/lbr_fri_ros2_stack/build/lbr_description' returned '0': CMAKE_PREFIX_PATH=${CMAKE_PREFIX_PATH}:/home/khamrouni/auctus/work/kuka_robot/install/lbr_demos_py:/home/khamrouni/auctus/work/kuka_robot/install/lbr_moveit:/home/khamrouni/auctus/work/kuka_robot/install/lbr_demos_advanced_py:/home/khamrouni/ws_moveit/install/moveit_configs_utils:/home/khamrouni/ws_moveit/install/launch_param_builder:/opt/ros/humble /usr/bin/cmake --install /home/khamrouni/lbr-stack/src/lbr_fri_ros2_stack/build/lbr_description
[3.726s] Level 1:colcon.colcon_core.environment:checking '/home/khamrouni/lbr-stack/src/lbr_fri_ros2_stack/install/lbr_description' for CMake config files
[3.726s] Level 1:colcon.colcon_core.shell:create_environment_hook('lbr_description', 'cmake_prefix_path')
[3.727s] INFO:colcon.colcon_core.shell:Creating environment hook '/home/khamrouni/lbr-stack/src/lbr_fri_ros2_stack/install/lbr_description/share/lbr_description/hook/cmake_prefix_path.ps1'
[3.728s] INFO:colcon.colcon_core.shell:Creating environment descriptor '/home/khamrouni/lbr-stack/src/lbr_fri_ros2_stack/install/lbr_description/share/lbr_description/hook/cmake_prefix_path.dsv'
[3.729s] INFO:colcon.colcon_core.shell:Creating environment hook '/home/khamrouni/lbr-stack/src/lbr_fri_ros2_stack/install/lbr_description/share/lbr_description/hook/cmake_prefix_path.sh'
[3.730s] Level 1:colcon.colcon_core.environment:checking '/home/khamrouni/lbr-stack/src/lbr_fri_ros2_stack/install/lbr_description/bin'
[3.730s] Level 1:colcon.colcon_core.environment:checking '/home/khamrouni/lbr-stack/src/lbr_fri_ros2_stack/install/lbr_description/lib/pkgconfig/lbr_description.pc'
[3.731s] Level 1:colcon.colcon_core.environment:checking '/home/khamrouni/lbr-stack/src/lbr_fri_ros2_stack/install/lbr_description/lib/python3.10/site-packages'
[3.731s] Level 1:colcon.colcon_core.environment:checking '/home/khamrouni/lbr-stack/src/lbr_fri_ros2_stack/install/lbr_description/bin'
[3.732s] INFO:colcon.colcon_core.shell:Creating package script '/home/khamrouni/lbr-stack/src/lbr_fri_ros2_stack/install/lbr_description/share/lbr_description/package.ps1'
[3.733s] INFO:colcon.colcon_core.shell:Creating package descriptor '/home/khamrouni/lbr-stack/src/lbr_fri_ros2_stack/install/lbr_description/share/lbr_description/package.dsv'
[3.734s] INFO:colcon.colcon_core.shell:Creating package script '/home/khamrouni/lbr-stack/src/lbr_fri_ros2_stack/install/lbr_description/share/lbr_description/package.sh'
[3.735s] INFO:colcon.colcon_core.shell:Creating package script '/home/khamrouni/lbr-stack/src/lbr_fri_ros2_stack/install/lbr_description/share/lbr_description/package.bash'
[3.735s] INFO:colcon.colcon_core.shell:Creating package script '/home/khamrouni/lbr-stack/src/lbr_fri_ros2_stack/install/lbr_description/share/lbr_description/package.zsh'
[3.736s] Level 1:colcon.colcon_core.environment:create_file_with_runtime_dependencies(/home/khamrouni/lbr-stack/src/lbr_fri_ros2_stack/install/lbr_description/share/colcon-core/packages/lbr_description)
[3.737s] Level 1:colcon.colcon_core.environment:create_environment_scripts_only(lbr_description)
[3.738s] Level 1:colcon.colcon_core.environment:checking '/home/khamrouni/lbr-stack/src/lbr_fri_ros2_stack/install/lbr_description' for CMake module files
[3.739s] Level 1:colcon.colcon_core.environment:checking '/home/khamrouni/lbr-stack/src/lbr_fri_ros2_stack/install/lbr_description' for CMake config files
[3.740s] Level 1:colcon.colcon_core.shell:create_environment_hook('lbr_description', 'cmake_prefix_path')
[3.740s] INFO:colcon.colcon_core.shell:Creating environment hook '/home/khamrouni/lbr-stack/src/lbr_fri_ros2_stack/install/lbr_description/share/lbr_description/hook/cmake_prefix_path.ps1'
[3.741s] INFO:colcon.colcon_core.shell:Creating environment descriptor '/home/khamrouni/lbr-stack/src/lbr_fri_ros2_stack/install/lbr_description/share/lbr_description/hook/cmake_prefix_path.dsv'
[3.742s] INFO:colcon.colcon_core.shell:Creating environment hook '/home/khamrouni/lbr-stack/src/lbr_fri_ros2_stack/install/lbr_description/share/lbr_description/hook/cmake_prefix_path.sh'
[3.743s] Level 1:colcon.colcon_core.environment:checking '/home/khamrouni/lbr-stack/src/lbr_fri_ros2_stack/install/lbr_description/bin'
[3.743s] Level 1:colcon.colcon_core.environment:checking '/home/khamrouni/lbr-stack/src/lbr_fri_ros2_stack/install/lbr_description/lib/pkgconfig/lbr_description.pc'
[3.744s] Level 1:colcon.colcon_core.environment:checking '/home/khamrouni/lbr-stack/src/lbr_fri_ros2_stack/install/lbr_description/lib/python3.10/site-packages'
[3.744s] Level 1:colcon.colcon_core.environment:checking '/home/khamrouni/lbr-stack/src/lbr_fri_ros2_stack/install/lbr_description/bin'
[3.745s] INFO:colcon.colcon_core.shell:Creating package script '/home/khamrouni/lbr-stack/src/lbr_fri_ros2_stack/install/lbr_description/share/lbr_description/package.ps1'
[3.746s] INFO:colcon.colcon_core.shell:Creating package descriptor '/home/khamrouni/lbr-stack/src/lbr_fri_ros2_stack/install/lbr_description/share/lbr_description/package.dsv'
[3.747s] INFO:colcon.colcon_core.shell:Creating package script '/home/khamrouni/lbr-stack/src/lbr_fri_ros2_stack/install/lbr_description/share/lbr_description/package.sh'
[3.748s] INFO:colcon.colcon_core.shell:Creating package script '/home/khamrouni/lbr-stack/src/lbr_fri_ros2_stack/install/lbr_description/share/lbr_description/package.bash'
[3.749s] INFO:colcon.colcon_core.shell:Creating package script '/home/khamrouni/lbr-stack/src/lbr_fri_ros2_stack/install/lbr_description/share/lbr_description/package.zsh'
[3.750s] Level 1:colcon.colcon_core.environment:create_file_with_runtime_dependencies(/home/khamrouni/lbr-stack/src/lbr_fri_ros2_stack/install/lbr_description/share/colcon-core/packages/lbr_description)
[3.751s] INFO:colcon.colcon_ros.task.ament_cmake.build:Building ROS package in '/home/khamrouni/lbr-stack/src/lbr_fri_ros2_stack/lbr_fri_ros2' with build type 'ament_cmake'
[3.751s] INFO:colcon.colcon_cmake.task.cmake.build:Building CMake package in '/home/khamrouni/lbr-stack/src/lbr_fri_ros2_stack/lbr_fri_ros2'
[3.752s] INFO:colcon.colcon_core.shell:Skip shell extension 'powershell' for command environment: Not usable outside of PowerShell
[3.752s] DEBUG:colcon.colcon_core.shell:Skip shell extension 'dsv' for command environment
[3.775s] INFO:colcon.colcon_ros.task.ament_cmake.build:Building ROS package in '/home/khamrouni/lbr-stack/src/lbr_fri_ros2_stack/lbr_moveit_config/iiwa14_moveit_config' with build type 'ament_cmake'
[3.775s] INFO:colcon.colcon_cmake.task.cmake.build:Building CMake package in '/home/khamrouni/lbr-stack/src/lbr_fri_ros2_stack/lbr_moveit_config/iiwa14_moveit_config'
[3.776s] INFO:colcon.colcon_core.shell:Skip shell extension 'powershell' for command environment: Not usable outside of PowerShell
[3.776s] DEBUG:colcon.colcon_core.shell:Skip shell extension 'dsv' for command environment
[3.802s] INFO:colcon.colcon_ros.task.ament_cmake.build:Building ROS package in '/home/khamrouni/lbr-stack/src/lbr_fri_ros2_stack/lbr_moveit_config/iiwa7_moveit_config' with build type 'ament_cmake'
[3.802s] INFO:colcon.colcon_cmake.task.cmake.build:Building CMake package in '/home/khamrouni/lbr-stack/src/lbr_fri_ros2_stack/lbr_moveit_config/iiwa7_moveit_config'
[3.803s] INFO:colcon.colcon_core.shell:Skip shell extension 'powershell' for command environment: Not usable outside of PowerShell
[3.803s] DEBUG:colcon.colcon_core.shell:Skip shell extension 'dsv' for command environment
[3.830s] INFO:colcon.colcon_ros.task.ament_cmake.build:Building ROS package in '/home/khamrouni/lbr-stack/src/lbr_fri_ros2_stack/lbr_moveit_config/med14_moveit_config' with build type 'ament_cmake'
[3.830s] INFO:colcon.colcon_cmake.task.cmake.build:Building CMake package in '/home/khamrouni/lbr-stack/src/lbr_fri_ros2_stack/lbr_moveit_config/med14_moveit_config'
[3.831s] INFO:colcon.colcon_core.shell:Skip shell extension 'powershell' for command environment: Not usable outside of PowerShell
[3.831s] DEBUG:colcon.colcon_core.shell:Skip shell extension 'dsv' for command environment
[3.858s] INFO:colcon.colcon_ros.task.ament_cmake.build:Building ROS package in '/home/khamrouni/lbr-stack/src/lbr_fri_ros2_stack/lbr_moveit_config/med7_moveit_config' with build type 'ament_cmake'
[3.858s] INFO:colcon.colcon_cmake.task.cmake.build:Building CMake package in '/home/khamrouni/lbr-stack/src/lbr_fri_ros2_stack/lbr_moveit_config/med7_moveit_config'
[3.859s] INFO:colcon.colcon_core.shell:Skip shell extension 'powershell' for command environment: Not usable outside of PowerShell
[3.859s] DEBUG:colcon.colcon_core.shell:Skip shell extension 'dsv' for command environment
[3.888s] DEBUG:colcon.colcon_core.event_handler.log_command:Invoking command in '/home/khamrouni/lbr-stack/src/lbr_fri_ros2_stack/build/lbr_fri_ros2': AMENT_PREFIX_PATH=/home/khamrouni/lbr-stack/src/lbr_fri_ros2_stack/install/lbr_description:${AMENT_PREFIX_PATH} CMAKE_PREFIX_PATH=/home/khamrouni/lbr-stack/src/lbr_fri_ros2_stack/install/lbr_description:/home/khamrouni/auctus/work/kuka_robot/install/velocity_controller:/home/khamrouni/auctus/work/kuka_robot/install/med7_moveit_config:/home/khamrouni/auctus/work/kuka_robot/install/med14_moveit_config:/home/khamrouni/auctus/work/kuka_robot/install/lbr_fri_ros2_stack:/home/khamrouni/auctus/work/kuka_robot/install/lbr_demos_cpp:/home/khamrouni/auctus/work/kuka_robot/install/lbr_bringup:/home/khamrouni/auctus/work/kuka_robot/install/lbr_ros2_control:/home/khamrouni/auctus/work/kuka_robot/install/lbr_moveit_cpp:/home/khamrouni/auctus/work/kuka_robot/install/lbr_demos_advanced_cpp:/home/khamrouni/auctus/work/kuka_robot/install/lbr_fri_ros2:/home/khamrouni/auctus/work/kuka_robot/install/lbr_fri_idl:/home/khamrouni/auctus/work/kuka_robot/install/iiwa7_moveit_config:/home/khamrouni/auctus/work/kuka_robot/install/iiwa14_moveit_config:/home/khamrouni/auctus/work/kuka_robot/install/lbr_description:/home/khamrouni/auctus/work/kuka_robot/install/fri_client_sdk:/home/khamrouni/ws_moveit/install/pilz_industrial_motion_planner_testutils:/home/khamrouni/ws_moveit/install/moveit_runtime:/home/khamrouni/ws_moveit/install/moveit2_tutorials:/home/khamrouni/ws_moveit/install/moveit:/home/khamrouni/ws_moveit/install/moveit_planners:/home/khamrouni/ws_moveit/install/pilz_industrial_motion_planner:/home/khamrouni/ws_moveit/install/moveit_visual_tools:/home/khamrouni/ws_moveit/install/moveit_task_constructor_visualization:/home/khamrouni/ws_moveit/install/moveit_task_constructor_demo:/home/khamrouni/ws_moveit/install/moveit_task_constructor_capabilities:/home/khamrouni/ws_moveit/install/moveit_task_constructor_core:/home/khamrouni/ws_moveit/install/moveit_ros_control_interface:/home/khamrouni/ws_moveit/install/moveit_plugins:/home/khamrouni/ws_moveit/install/moveit_simple_controller_manager:/home/khamrouni/ws_moveit/install/moveit_setup_assistant:/home/khamrouni/ws_moveit/install/moveit_setup_srdf_plugins:/home/khamrouni/ws_moveit/install/moveit_setup_core_plugins:/home/khamrouni/ws_moveit/install/moveit_setup_controllers:/home/khamrouni/ws_moveit/install/moveit_setup_app_plugins:/home/khamrouni/ws_moveit/install/moveit_setup_framework:/home/khamrouni/ws_moveit/install/moveit_servo:/home/khamrouni/ws_moveit/install/moveit_ros:/home/khamrouni/ws_moveit/install/moveit_ros_visualization:/home/khamrouni/ws_moveit/install/moveit_hybrid_planning:/home/khamrouni/ws_moveit/install/move_program:/home/khamrouni/ws_moveit/install/hello_moveit:/home/khamrouni/ws_moveit/install/moveit_ros_planning_interface:/home/khamrouni/ws_moveit/install/moveit_ros_benchmarks:/home/khamrouni/ws_moveit/install/moveit_ros_warehouse:/home/khamrouni/ws_moveit/install/moveit_ros_robot_interaction:/home/khamrouni/ws_moveit/install/moveit_ros_perception:/home/khamrouni/ws_moveit/install/moveit_resources_prbt_pg70_support:/home/khamrouni/ws_moveit/install/moveit_resources_prbt_moveit_config:/home/khamrouni/ws_moveit/install/moveit_ros_move_group:/home/khamrouni/ws_moveit/install/moveit_planners_ompl:/home/khamrouni/ws_moveit/install/moveit_ros_planning:/home/khamrouni/ws_moveit/install/moveit_ros_occupancy_map_monitor:/home/khamrouni/ws_moveit/install/moveit_resources_prbt_ikfast_manipulator_plugin:/home/khamrouni/ws_moveit/install/moveit_planners_chomp:/home/khamrouni/ws_moveit/install/moveit_kinematics:/home/khamrouni/ws_moveit/install/moveit_chomp_optimizer_adapter:/home/khamrouni/ws_moveit/install/chomp_motion_planner:/home/khamrouni/ws_moveit/install/moveit_core:/home/khamrouni/ws_moveit/install/srdfdom:/home/khamrouni/ws_moveit/install/rviz_marker_tools:/home/khamrouni/ws_moveit/install/rosparam_shortcuts:/home/khamrouni/ws_moveit/install/moveit_task_constructor_msgs:/home/khamrouni/ws_moveit/install/moveit_resources_prbt_support:/home/khamrouni/ws_moveit/install/moveit_resources:/home/khamrouni/ws_moveit/install/moveit_resources_pr2_description:/home/khamrouni/ws_moveit/install/moveit_resources_panda_moveit_config:/home/khamrouni/ws_moveit/install/moveit_resources_panda_description:/home/khamrouni/ws_moveit/install/moveit_resources_fanuc_moveit_config:/home/khamrouni/ws_moveit/install/moveit_resources_fanuc_description:/home/khamrouni/ws_moveit/install/moveit_common:/home/khamrouni/robot_ws/install/iiwa_description:/home/khamrouni/ros2_ws/install/polygon_base:/home/khamrouni/ros2_ws/install/iiwa_bringup:/home/khamrouni/ros2_ws/install/iiwa_description:/home/khamrouni/ros2_ws/install/examples_rclcpp_minimal_action_client:/home/khamrouni/ros2_ws/install/examples_rclcpp_cbg_executor:/home/khamrouni/ros2_ws/install/examples_rclcpp_async_client:/home/khamrouni/ros2_ws/install/cpp_parameters:/home/khamrouni/auctus/work/kuka_robot/install/lbr_demos_py:/home/khamrouni/auctus/work/kuka_robot/install/lbr_moveit:/home/khamrouni/auctus/work/kuka_robot/install/lbr_demos_advanced_py:/home/khamrouni/ws_moveit/install/moveit_configs_utils:/home/khamrouni/ws_moveit/install/launch_param_builder:/opt/ros/humble /usr/bin/cmake /home/khamrouni/lbr-stack/src/lbr_fri_ros2_stack/lbr_fri_ros2 -DCMAKE_INSTALL_PREFIX=/home/khamrouni/lbr-stack/src/lbr_fri_ros2_stack/install/lbr_fri_ros2
[3.893s] DEBUG:colcon.colcon_core.event_handler.log_command:Invoking command in '/home/khamrouni/lbr-stack/src/lbr_fri_ros2_stack/build/iiwa14_moveit_config': AMENT_PREFIX_PATH=/home/khamrouni/lbr-stack/src/lbr_fri_ros2_stack/install/lbr_description:${AMENT_PREFIX_PATH} CMAKE_PREFIX_PATH=/home/khamrouni/lbr-stack/src/lbr_fri_ros2_stack/install/lbr_description:/home/khamrouni/auctus/work/kuka_robot/install/velocity_controller:/home/khamrouni/auctus/work/kuka_robot/install/med7_moveit_config:/home/khamrouni/auctus/work/kuka_robot/install/med14_moveit_config:/home/khamrouni/auctus/work/kuka_robot/install/lbr_fri_ros2_stack:/home/khamrouni/auctus/work/kuka_robot/install/lbr_demos_cpp:/home/khamrouni/auctus/work/kuka_robot/install/lbr_bringup:/home/khamrouni/auctus/work/kuka_robot/install/lbr_ros2_control:/home/khamrouni/auctus/work/kuka_robot/install/lbr_moveit_cpp:/home/khamrouni/auctus/work/kuka_robot/install/lbr_demos_advanced_cpp:/home/khamrouni/auctus/work/kuka_robot/install/lbr_fri_ros2:/home/khamrouni/auctus/work/kuka_robot/install/lbr_fri_idl:/home/khamrouni/auctus/work/kuka_robot/install/iiwa7_moveit_config:/home/khamrouni/auctus/work/kuka_robot/install/iiwa14_moveit_config:/home/khamrouni/auctus/work/kuka_robot/install/lbr_description:/home/khamrouni/auctus/work/kuka_robot/install/fri_client_sdk:/home/khamrouni/ws_moveit/install/pilz_industrial_motion_planner_testutils:/home/khamrouni/ws_moveit/install/moveit_runtime:/home/khamrouni/ws_moveit/install/moveit2_tutorials:/home/khamrouni/ws_moveit/install/moveit:/home/khamrouni/ws_moveit/install/moveit_planners:/home/khamrouni/ws_moveit/install/pilz_industrial_motion_planner:/home/khamrouni/ws_moveit/install/moveit_visual_tools:/home/khamrouni/ws_moveit/install/moveit_task_constructor_visualization:/home/khamrouni/ws_moveit/install/moveit_task_constructor_demo:/home/khamrouni/ws_moveit/install/moveit_task_constructor_capabilities:/home/khamrouni/ws_moveit/install/moveit_task_constructor_core:/home/khamrouni/ws_moveit/install/moveit_ros_control_interface:/home/khamrouni/ws_moveit/install/moveit_plugins:/home/khamrouni/ws_moveit/install/moveit_simple_controller_manager:/home/khamrouni/ws_moveit/install/moveit_setup_assistant:/home/khamrouni/ws_moveit/install/moveit_setup_srdf_plugins:/home/khamrouni/ws_moveit/install/moveit_setup_core_plugins:/home/khamrouni/ws_moveit/install/moveit_setup_controllers:/home/khamrouni/ws_moveit/install/moveit_setup_app_plugins:/home/khamrouni/ws_moveit/install/moveit_setup_framework:/home/khamrouni/ws_moveit/install/moveit_servo:/home/khamrouni/ws_moveit/install/moveit_ros:/home/khamrouni/ws_moveit/install/moveit_ros_visualization:/home/khamrouni/ws_moveit/install/moveit_hybrid_planning:/home/khamrouni/ws_moveit/install/move_program:/home/khamrouni/ws_moveit/install/hello_moveit:/home/khamrouni/ws_moveit/install/moveit_ros_planning_interface:/home/khamrouni/ws_moveit/install/moveit_ros_benchmarks:/home/khamrouni/ws_moveit/install/moveit_ros_warehouse:/home/khamrouni/ws_moveit/install/moveit_ros_robot_interaction:/home/khamrouni/ws_moveit/install/moveit_ros_perception:/home/khamrouni/ws_moveit/install/moveit_resources_prbt_pg70_support:/home/khamrouni/ws_moveit/install/moveit_resources_prbt_moveit_config:/home/khamrouni/ws_moveit/install/moveit_ros_move_group:/home/khamrouni/ws_moveit/install/moveit_planners_ompl:/home/khamrouni/ws_moveit/install/moveit_ros_planning:/home/khamrouni/ws_moveit/install/moveit_ros_occupancy_map_monitor:/home/khamrouni/ws_moveit/install/moveit_resources_prbt_ikfast_manipulator_plugin:/home/khamrouni/ws_moveit/install/moveit_planners_chomp:/home/khamrouni/ws_moveit/install/moveit_kinematics:/home/khamrouni/ws_moveit/install/moveit_chomp_optimizer_adapter:/home/khamrouni/ws_moveit/install/chomp_motion_planner:/home/khamrouni/ws_moveit/install/moveit_core:/home/khamrouni/ws_moveit/install/srdfdom:/home/khamrouni/ws_moveit/install/rviz_marker_tools:/home/khamrouni/ws_moveit/install/rosparam_shortcuts:/home/khamrouni/ws_moveit/install/moveit_task_constructor_msgs:/home/khamrouni/ws_moveit/install/moveit_resources_prbt_support:/home/khamrouni/ws_moveit/install/moveit_resources:/home/khamrouni/ws_moveit/install/moveit_resources_pr2_description:/home/khamrouni/ws_moveit/install/moveit_resources_panda_moveit_config:/home/khamrouni/ws_moveit/install/moveit_resources_panda_description:/home/khamrouni/ws_moveit/install/moveit_resources_fanuc_moveit_config:/home/khamrouni/ws_moveit/install/moveit_resources_fanuc_description:/home/khamrouni/ws_moveit/install/moveit_common:/home/khamrouni/robot_ws/install/iiwa_description:/home/khamrouni/ros2_ws/install/polygon_base:/home/khamrouni/ros2_ws/install/iiwa_bringup:/home/khamrouni/ros2_ws/install/iiwa_description:/home/khamrouni/ros2_ws/install/examples_rclcpp_minimal_action_client:/home/khamrouni/ros2_ws/install/examples_rclcpp_cbg_executor:/home/khamrouni/ros2_ws/install/examples_rclcpp_async_client:/home/khamrouni/ros2_ws/install/cpp_parameters:/home/khamrouni/auctus/work/kuka_robot/install/lbr_demos_py:/home/khamrouni/auctus/work/kuka_robot/install/lbr_moveit:/home/khamrouni/auctus/work/kuka_robot/install/lbr_demos_advanced_py:/home/khamrouni/ws_moveit/install/moveit_configs_utils:/home/khamrouni/ws_moveit/install/launch_param_builder:/opt/ros/humble /usr/bin/cmake /home/khamrouni/lbr-stack/src/lbr_fri_ros2_stack/lbr_moveit_config/iiwa14_moveit_config -DCMAKE_INSTALL_PREFIX=/home/khamrouni/lbr-stack/src/lbr_fri_ros2_stack/install/iiwa14_moveit_config
[3.901s] DEBUG:colcon.colcon_core.event_handler.log_command:Invoking command in '/home/khamrouni/lbr-stack/src/lbr_fri_ros2_stack/build/iiwa7_moveit_config': AMENT_PREFIX_PATH=/home/khamrouni/lbr-stack/src/lbr_fri_ros2_stack/install/lbr_description:${AMENT_PREFIX_PATH} CMAKE_PREFIX_PATH=/home/khamrouni/lbr-stack/src/lbr_fri_ros2_stack/install/lbr_description:/home/khamrouni/auctus/work/kuka_robot/install/velocity_controller:/home/khamrouni/auctus/work/kuka_robot/install/med7_moveit_config:/home/khamrouni/auctus/work/kuka_robot/install/med14_moveit_config:/home/khamrouni/auctus/work/kuka_robot/install/lbr_fri_ros2_stack:/home/khamrouni/auctus/work/kuka_robot/install/lbr_demos_cpp:/home/khamrouni/auctus/work/kuka_robot/install/lbr_bringup:/home/khamrouni/auctus/work/kuka_robot/install/lbr_ros2_control:/home/khamrouni/auctus/work/kuka_robot/install/lbr_moveit_cpp:/home/khamrouni/auctus/work/kuka_robot/install/lbr_demos_advanced_cpp:/home/khamrouni/auctus/work/kuka_robot/install/lbr_fri_ros2:/home/khamrouni/auctus/work/kuka_robot/install/lbr_fri_idl:/home/khamrouni/auctus/work/kuka_robot/install/iiwa7_moveit_config:/home/khamrouni/auctus/work/kuka_robot/install/iiwa14_moveit_config:/home/khamrouni/auctus/work/kuka_robot/install/lbr_description:/home/khamrouni/auctus/work/kuka_robot/install/fri_client_sdk:/home/khamrouni/ws_moveit/install/pilz_industrial_motion_planner_testutils:/home/khamrouni/ws_moveit/install/moveit_runtime:/home/khamrouni/ws_moveit/install/moveit2_tutorials:/home/khamrouni/ws_moveit/install/moveit:/home/khamrouni/ws_moveit/install/moveit_planners:/home/khamrouni/ws_moveit/install/pilz_industrial_motion_planner:/home/khamrouni/ws_moveit/install/moveit_visual_tools:/home/khamrouni/ws_moveit/install/moveit_task_constructor_visualization:/home/khamrouni/ws_moveit/install/moveit_task_constructor_demo:/home/khamrouni/ws_moveit/install/moveit_task_constructor_capabilities:/home/khamrouni/ws_moveit/install/moveit_task_constructor_core:/home/khamrouni/ws_moveit/install/moveit_ros_control_interface:/home/khamrouni/ws_moveit/install/moveit_plugins:/home/khamrouni/ws_moveit/install/moveit_simple_controller_manager:/home/khamrouni/ws_moveit/install/moveit_setup_assistant:/home/khamrouni/ws_moveit/install/moveit_setup_srdf_plugins:/home/khamrouni/ws_moveit/install/moveit_setup_core_plugins:/home/khamrouni/ws_moveit/install/moveit_setup_controllers:/home/khamrouni/ws_moveit/install/moveit_setup_app_plugins:/home/khamrouni/ws_moveit/install/moveit_setup_framework:/home/khamrouni/ws_moveit/install/moveit_servo:/home/khamrouni/ws_moveit/install/moveit_ros:/home/khamrouni/ws_moveit/install/moveit_ros_visualization:/home/khamrouni/ws_moveit/install/moveit_hybrid_planning:/home/khamrouni/ws_moveit/install/move_program:/home/khamrouni/ws_moveit/install/hello_moveit:/home/khamrouni/ws_moveit/install/moveit_ros_planning_interface:/home/khamrouni/ws_moveit/install/moveit_ros_benchmarks:/home/khamrouni/ws_moveit/install/moveit_ros_warehouse:/home/khamrouni/ws_moveit/install/moveit_ros_robot_interaction:/home/khamrouni/ws_moveit/install/moveit_ros_perception:/home/khamrouni/ws_moveit/install/moveit_resources_prbt_pg70_support:/home/khamrouni/ws_moveit/install/moveit_resources_prbt_moveit_config:/home/khamrouni/ws_moveit/install/moveit_ros_move_group:/home/khamrouni/ws_moveit/install/moveit_planners_ompl:/home/khamrouni/ws_moveit/install/moveit_ros_planning:/home/khamrouni/ws_moveit/install/moveit_ros_occupancy_map_monitor:/home/khamrouni/ws_moveit/install/moveit_resources_prbt_ikfast_manipulator_plugin:/home/khamrouni/ws_moveit/install/moveit_planners_chomp:/home/khamrouni/ws_moveit/install/moveit_kinematics:/home/khamrouni/ws_moveit/install/moveit_chomp_optimizer_adapter:/home/khamrouni/ws_moveit/install/chomp_motion_planner:/home/khamrouni/ws_moveit/install/moveit_core:/home/khamrouni/ws_moveit/install/srdfdom:/home/khamrouni/ws_moveit/install/rviz_marker_tools:/home/khamrouni/ws_moveit/install/rosparam_shortcuts:/home/khamrouni/ws_moveit/install/moveit_task_constructor_msgs:/home/khamrouni/ws_moveit/install/moveit_resources_prbt_support:/home/khamrouni/ws_moveit/install/moveit_resources:/home/khamrouni/ws_moveit/install/moveit_resources_pr2_description:/home/khamrouni/ws_moveit/install/moveit_resources_panda_moveit_config:/home/khamrouni/ws_moveit/install/moveit_resources_panda_description:/home/khamrouni/ws_moveit/install/moveit_resources_fanuc_moveit_config:/home/khamrouni/ws_moveit/install/moveit_resources_fanuc_description:/home/khamrouni/ws_moveit/install/moveit_common:/home/khamrouni/robot_ws/install/iiwa_description:/home/khamrouni/ros2_ws/install/polygon_base:/home/khamrouni/ros2_ws/install/iiwa_bringup:/home/khamrouni/ros2_ws/install/iiwa_description:/home/khamrouni/ros2_ws/install/examples_rclcpp_minimal_action_client:/home/khamrouni/ros2_ws/install/examples_rclcpp_cbg_executor:/home/khamrouni/ros2_ws/install/examples_rclcpp_async_client:/home/khamrouni/ros2_ws/install/cpp_parameters:/home/khamrouni/auctus/work/kuka_robot/install/lbr_demos_py:/home/khamrouni/auctus/work/kuka_robot/install/lbr_moveit:/home/khamrouni/auctus/work/kuka_robot/install/lbr_demos_advanced_py:/home/khamrouni/ws_moveit/install/moveit_configs_utils:/home/khamrouni/ws_moveit/install/launch_param_builder:/opt/ros/humble /usr/bin/cmake /home/khamrouni/lbr-stack/src/lbr_fri_ros2_stack/lbr_moveit_config/iiwa7_moveit_config -DCMAKE_INSTALL_PREFIX=/home/khamrouni/lbr-stack/src/lbr_fri_ros2_stack/install/iiwa7_moveit_config
[3.906s] DEBUG:colcon.colcon_core.event_handler.log_command:Invoking command in '/home/khamrouni/lbr-stack/src/lbr_fri_ros2_stack/build/med14_moveit_config': AMENT_PREFIX_PATH=/home/khamrouni/lbr-stack/src/lbr_fri_ros2_stack/install/lbr_description:${AMENT_PREFIX_PATH} CMAKE_PREFIX_PATH=/home/khamrouni/lbr-stack/src/lbr_fri_ros2_stack/install/lbr_description:/home/khamrouni/auctus/work/kuka_robot/install/velocity_controller:/home/khamrouni/auctus/work/kuka_robot/install/med7_moveit_config:/home/khamrouni/auctus/work/kuka_robot/install/med14_moveit_config:/home/khamrouni/auctus/work/kuka_robot/install/lbr_fri_ros2_stack:/home/khamrouni/auctus/work/kuka_robot/install/lbr_demos_cpp:/home/khamrouni/auctus/work/kuka_robot/install/lbr_bringup:/home/khamrouni/auctus/work/kuka_robot/install/lbr_ros2_control:/home/khamrouni/auctus/work/kuka_robot/install/lbr_moveit_cpp:/home/khamrouni/auctus/work/kuka_robot/install/lbr_demos_advanced_cpp:/home/khamrouni/auctus/work/kuka_robot/install/lbr_fri_ros2:/home/khamrouni/auctus/work/kuka_robot/install/lbr_fri_idl:/home/khamrouni/auctus/work/kuka_robot/install/iiwa7_moveit_config:/home/khamrouni/auctus/work/kuka_robot/install/iiwa14_moveit_config:/home/khamrouni/auctus/work/kuka_robot/install/lbr_description:/home/khamrouni/auctus/work/kuka_robot/install/fri_client_sdk:/home/khamrouni/ws_moveit/install/pilz_industrial_motion_planner_testutils:/home/khamrouni/ws_moveit/install/moveit_runtime:/home/khamrouni/ws_moveit/install/moveit2_tutorials:/home/khamrouni/ws_moveit/install/moveit:/home/khamrouni/ws_moveit/install/moveit_planners:/home/khamrouni/ws_moveit/install/pilz_industrial_motion_planner:/home/khamrouni/ws_moveit/install/moveit_visual_tools:/home/khamrouni/ws_moveit/install/moveit_task_constructor_visualization:/home/khamrouni/ws_moveit/install/moveit_task_constructor_demo:/home/khamrouni/ws_moveit/install/moveit_task_constructor_capabilities:/home/khamrouni/ws_moveit/install/moveit_task_constructor_core:/home/khamrouni/ws_moveit/install/moveit_ros_control_interface:/home/khamrouni/ws_moveit/install/moveit_plugins:/home/khamrouni/ws_moveit/install/moveit_simple_controller_manager:/home/khamrouni/ws_moveit/install/moveit_setup_assistant:/home/khamrouni/ws_moveit/install/moveit_setup_srdf_plugins:/home/khamrouni/ws_moveit/install/moveit_setup_core_plugins:/home/khamrouni/ws_moveit/install/moveit_setup_controllers:/home/khamrouni/ws_moveit/install/moveit_setup_app_plugins:/home/khamrouni/ws_moveit/install/moveit_setup_framework:/home/khamrouni/ws_moveit/install/moveit_servo:/home/khamrouni/ws_moveit/install/moveit_ros:/home/khamrouni/ws_moveit/install/moveit_ros_visualization:/home/khamrouni/ws_moveit/install/moveit_hybrid_planning:/home/khamrouni/ws_moveit/install/move_program:/home/khamrouni/ws_moveit/install/hello_moveit:/home/khamrouni/ws_moveit/install/moveit_ros_planning_interface:/home/khamrouni/ws_moveit/install/moveit_ros_benchmarks:/home/khamrouni/ws_moveit/install/moveit_ros_warehouse:/home/khamrouni/ws_moveit/install/moveit_ros_robot_interaction:/home/khamrouni/ws_moveit/install/moveit_ros_perception:/home/khamrouni/ws_moveit/install/moveit_resources_prbt_pg70_support:/home/khamrouni/ws_moveit/install/moveit_resources_prbt_moveit_config:/home/khamrouni/ws_moveit/install/moveit_ros_move_group:/home/khamrouni/ws_moveit/install/moveit_planners_ompl:/home/khamrouni/ws_moveit/install/moveit_ros_planning:/home/khamrouni/ws_moveit/install/moveit_ros_occupancy_map_monitor:/home/khamrouni/ws_moveit/install/moveit_resources_prbt_ikfast_manipulator_plugin:/home/khamrouni/ws_moveit/install/moveit_planners_chomp:/home/khamrouni/ws_moveit/install/moveit_kinematics:/home/khamrouni/ws_moveit/install/moveit_chomp_optimizer_adapter:/home/khamrouni/ws_moveit/install/chomp_motion_planner:/home/khamrouni/ws_moveit/install/moveit_core:/home/khamrouni/ws_moveit/install/srdfdom:/home/khamrouni/ws_moveit/install/rviz_marker_tools:/home/khamrouni/ws_moveit/install/rosparam_shortcuts:/home/khamrouni/ws_moveit/install/moveit_task_constructor_msgs:/home/khamrouni/ws_moveit/install/moveit_resources_prbt_support:/home/khamrouni/ws_moveit/install/moveit_resources:/home/khamrouni/ws_moveit/install/moveit_resources_pr2_description:/home/khamrouni/ws_moveit/install/moveit_resources_panda_moveit_config:/home/khamrouni/ws_moveit/install/moveit_resources_panda_description:/home/khamrouni/ws_moveit/install/moveit_resources_fanuc_moveit_config:/home/khamrouni/ws_moveit/install/moveit_resources_fanuc_description:/home/khamrouni/ws_moveit/install/moveit_common:/home/khamrouni/robot_ws/install/iiwa_description:/home/khamrouni/ros2_ws/install/polygon_base:/home/khamrouni/ros2_ws/install/iiwa_bringup:/home/khamrouni/ros2_ws/install/iiwa_description:/home/khamrouni/ros2_ws/install/examples_rclcpp_minimal_action_client:/home/khamrouni/ros2_ws/install/examples_rclcpp_cbg_executor:/home/khamrouni/ros2_ws/install/examples_rclcpp_async_client:/home/khamrouni/ros2_ws/install/cpp_parameters:/home/khamrouni/auctus/work/kuka_robot/install/lbr_demos_py:/home/khamrouni/auctus/work/kuka_robot/install/lbr_moveit:/home/khamrouni/auctus/work/kuka_robot/install/lbr_demos_advanced_py:/home/khamrouni/ws_moveit/install/moveit_configs_utils:/home/khamrouni/ws_moveit/install/launch_param_builder:/opt/ros/humble /usr/bin/cmake /home/khamrouni/lbr-stack/src/lbr_fri_ros2_stack/lbr_moveit_config/med14_moveit_config -DCMAKE_INSTALL_PREFIX=/home/khamrouni/lbr-stack/src/lbr_fri_ros2_stack/install/med14_moveit_config
[3.920s] DEBUG:colcon.colcon_core.event_handler.log_command:Invoking command in '/home/khamrouni/lbr-stack/src/lbr_fri_ros2_stack/build/med7_moveit_config': AMENT_PREFIX_PATH=/home/khamrouni/lbr-stack/src/lbr_fri_ros2_stack/install/lbr_description:${AMENT_PREFIX_PATH} CMAKE_PREFIX_PATH=/home/khamrouni/lbr-stack/src/lbr_fri_ros2_stack/install/lbr_description:/home/khamrouni/auctus/work/kuka_robot/install/velocity_controller:/home/khamrouni/auctus/work/kuka_robot/install/med7_moveit_config:/home/khamrouni/auctus/work/kuka_robot/install/med14_moveit_config:/home/khamrouni/auctus/work/kuka_robot/install/lbr_fri_ros2_stack:/home/khamrouni/auctus/work/kuka_robot/install/lbr_demos_cpp:/home/khamrouni/auctus/work/kuka_robot/install/lbr_bringup:/home/khamrouni/auctus/work/kuka_robot/install/lbr_ros2_control:/home/khamrouni/auctus/work/kuka_robot/install/lbr_moveit_cpp:/home/khamrouni/auctus/work/kuka_robot/install/lbr_demos_advanced_cpp:/home/khamrouni/auctus/work/kuka_robot/install/lbr_fri_ros2:/home/khamrouni/auctus/work/kuka_robot/install/lbr_fri_idl:/home/khamrouni/auctus/work/kuka_robot/install/iiwa7_moveit_config:/home/khamrouni/auctus/work/kuka_robot/install/iiwa14_moveit_config:/home/khamrouni/auctus/work/kuka_robot/install/lbr_description:/home/khamrouni/auctus/work/kuka_robot/install/fri_client_sdk:/home/khamrouni/ws_moveit/install/pilz_industrial_motion_planner_testutils:/home/khamrouni/ws_moveit/install/moveit_runtime:/home/khamrouni/ws_moveit/install/moveit2_tutorials:/home/khamrouni/ws_moveit/install/moveit:/home/khamrouni/ws_moveit/install/moveit_planners:/home/khamrouni/ws_moveit/install/pilz_industrial_motion_planner:/home/khamrouni/ws_moveit/install/moveit_visual_tools:/home/khamrouni/ws_moveit/install/moveit_task_constructor_visualization:/home/khamrouni/ws_moveit/install/moveit_task_constructor_demo:/home/khamrouni/ws_moveit/install/moveit_task_constructor_capabilities:/home/khamrouni/ws_moveit/install/moveit_task_constructor_core:/home/khamrouni/ws_moveit/install/moveit_ros_control_interface:/home/khamrouni/ws_moveit/install/moveit_plugins:/home/khamrouni/ws_moveit/install/moveit_simple_controller_manager:/home/khamrouni/ws_moveit/install/moveit_setup_assistant:/home/khamrouni/ws_moveit/install/moveit_setup_srdf_plugins:/home/khamrouni/ws_moveit/install/moveit_setup_core_plugins:/home/khamrouni/ws_moveit/install/moveit_setup_controllers:/home/khamrouni/ws_moveit/install/moveit_setup_app_plugins:/home/khamrouni/ws_moveit/install/moveit_setup_framework:/home/khamrouni/ws_moveit/install/moveit_servo:/home/khamrouni/ws_moveit/install/moveit_ros:/home/khamrouni/ws_moveit/install/moveit_ros_visualization:/home/khamrouni/ws_moveit/install/moveit_hybrid_planning:/home/khamrouni/ws_moveit/install/move_program:/home/khamrouni/ws_moveit/install/hello_moveit:/home/khamrouni/ws_moveit/install/moveit_ros_planning_interface:/home/khamrouni/ws_moveit/install/moveit_ros_benchmarks:/home/khamrouni/ws_moveit/install/moveit_ros_warehouse:/home/khamrouni/ws_moveit/install/moveit_ros_robot_interaction:/home/khamrouni/ws_moveit/install/moveit_ros_perception:/home/khamrouni/ws_moveit/install/moveit_resources_prbt_pg70_support:/home/khamrouni/ws_moveit/install/moveit_resources_prbt_moveit_config:/home/khamrouni/ws_moveit/install/moveit_ros_move_group:/home/khamrouni/ws_moveit/install/moveit_planners_ompl:/home/khamrouni/ws_moveit/install/moveit_ros_planning:/home/khamrouni/ws_moveit/install/moveit_ros_occupancy_map_monitor:/home/khamrouni/ws_moveit/install/moveit_resources_prbt_ikfast_manipulator_plugin:/home/khamrouni/ws_moveit/install/moveit_planners_chomp:/home/khamrouni/ws_moveit/install/moveit_kinematics:/home/khamrouni/ws_moveit/install/moveit_chomp_optimizer_adapter:/home/khamrouni/ws_moveit/install/chomp_motion_planner:/home/khamrouni/ws_moveit/install/moveit_core:/home/khamrouni/ws_moveit/install/srdfdom:/home/khamrouni/ws_moveit/install/rviz_marker_tools:/home/khamrouni/ws_moveit/install/rosparam_shortcuts:/home/khamrouni/ws_moveit/install/moveit_task_constructor_msgs:/home/khamrouni/ws_moveit/install/moveit_resources_prbt_support:/home/khamrouni/ws_moveit/install/moveit_resources:/home/khamrouni/ws_moveit/install/moveit_resources_pr2_description:/home/khamrouni/ws_moveit/install/moveit_resources_panda_moveit_config:/home/khamrouni/ws_moveit/install/moveit_resources_panda_description:/home/khamrouni/ws_moveit/install/moveit_resources_fanuc_moveit_config:/home/khamrouni/ws_moveit/install/moveit_resources_fanuc_description:/home/khamrouni/ws_moveit/install/moveit_common:/home/khamrouni/robot_ws/install/iiwa_description:/home/khamrouni/ros2_ws/install/polygon_base:/home/khamrouni/ros2_ws/install/iiwa_bringup:/home/khamrouni/ros2_ws/install/iiwa_description:/home/khamrouni/ros2_ws/install/examples_rclcpp_minimal_action_client:/home/khamrouni/ros2_ws/install/examples_rclcpp_cbg_executor:/home/khamrouni/ros2_ws/install/examples_rclcpp_async_client:/home/khamrouni/ros2_ws/install/cpp_parameters:/home/khamrouni/auctus/work/kuka_robot/install/lbr_demos_py:/home/khamrouni/auctus/work/kuka_robot/install/lbr_moveit:/home/khamrouni/auctus/work/kuka_robot/install/lbr_demos_advanced_py:/home/khamrouni/ws_moveit/install/moveit_configs_utils:/home/khamrouni/ws_moveit/install/launch_param_builder:/opt/ros/humble /usr/bin/cmake /home/khamrouni/lbr-stack/src/lbr_fri_ros2_stack/lbr_moveit_config/med7_moveit_config -DCMAKE_INSTALL_PREFIX=/home/khamrouni/lbr-stack/src/lbr_fri_ros2_stack/install/med7_moveit_config
[5.946s] DEBUG:colcon.colcon_core.event_handler.log_command:Invoked command in '/home/khamrouni/lbr-stack/src/lbr_fri_ros2_stack/build/iiwa14_moveit_config' returned '0': AMENT_PREFIX_PATH=/home/khamrouni/lbr-stack/src/lbr_fri_ros2_stack/install/lbr_description:${AMENT_PREFIX_PATH} CMAKE_PREFIX_PATH=/home/khamrouni/lbr-stack/src/lbr_fri_ros2_stack/install/lbr_description:/home/khamrouni/auctus/work/kuka_robot/install/velocity_controller:/home/khamrouni/auctus/work/kuka_robot/install/med7_moveit_config:/home/khamrouni/auctus/work/kuka_robot/install/med14_moveit_config:/home/khamrouni/auctus/work/kuka_robot/install/lbr_fri_ros2_stack:/home/khamrouni/auctus/work/kuka_robot/install/lbr_demos_cpp:/home/khamrouni/auctus/work/kuka_robot/install/lbr_bringup:/home/khamrouni/auctus/work/kuka_robot/install/lbr_ros2_control:/home/khamrouni/auctus/work/kuka_robot/install/lbr_moveit_cpp:/home/khamrouni/auctus/work/kuka_robot/install/lbr_demos_advanced_cpp:/home/khamrouni/auctus/work/kuka_robot/install/lbr_fri_ros2:/home/khamrouni/auctus/work/kuka_robot/install/lbr_fri_idl:/home/khamrouni/auctus/work/kuka_robot/install/iiwa7_moveit_config:/home/khamrouni/auctus/work/kuka_robot/install/iiwa14_moveit_config:/home/khamrouni/auctus/work/kuka_robot/install/lbr_description:/home/khamrouni/auctus/work/kuka_robot/install/fri_client_sdk:/home/khamrouni/ws_moveit/install/pilz_industrial_motion_planner_testutils:/home/khamrouni/ws_moveit/install/moveit_runtime:/home/khamrouni/ws_moveit/install/moveit2_tutorials:/home/khamrouni/ws_moveit/install/moveit:/home/khamrouni/ws_moveit/install/moveit_planners:/home/khamrouni/ws_moveit/install/pilz_industrial_motion_planner:/home/khamrouni/ws_moveit/install/moveit_visual_tools:/home/khamrouni/ws_moveit/install/moveit_task_constructor_visualization:/home/khamrouni/ws_moveit/install/moveit_task_constructor_demo:/home/khamrouni/ws_moveit/install/moveit_task_constructor_capabilities:/home/khamrouni/ws_moveit/install/moveit_task_constructor_core:/home/khamrouni/ws_moveit/install/moveit_ros_control_interface:/home/khamrouni/ws_moveit/install/moveit_plugins:/home/khamrouni/ws_moveit/install/moveit_simple_controller_manager:/home/khamrouni/ws_moveit/install/moveit_setup_assistant:/home/khamrouni/ws_moveit/install/moveit_setup_srdf_plugins:/home/khamrouni/ws_moveit/install/moveit_setup_core_plugins:/home/khamrouni/ws_moveit/install/moveit_setup_controllers:/home/khamrouni/ws_moveit/install/moveit_setup_app_plugins:/home/khamrouni/ws_moveit/install/moveit_setup_framework:/home/khamrouni/ws_moveit/install/moveit_servo:/home/khamrouni/ws_moveit/install/moveit_ros:/home/khamrouni/ws_moveit/install/moveit_ros_visualization:/home/khamrouni/ws_moveit/install/moveit_hybrid_planning:/home/khamrouni/ws_moveit/install/move_program:/home/khamrouni/ws_moveit/install/hello_moveit:/home/khamrouni/ws_moveit/install/moveit_ros_planning_interface:/home/khamrouni/ws_moveit/install/moveit_ros_benchmarks:/home/khamrouni/ws_moveit/install/moveit_ros_warehouse:/home/khamrouni/ws_moveit/install/moveit_ros_robot_interaction:/home/khamrouni/ws_moveit/install/moveit_ros_perception:/home/khamrouni/ws_moveit/install/moveit_resources_prbt_pg70_support:/home/khamrouni/ws_moveit/install/moveit_resources_prbt_moveit_config:/home/khamrouni/ws_moveit/install/moveit_ros_move_group:/home/khamrouni/ws_moveit/install/moveit_planners_ompl:/home/khamrouni/ws_moveit/install/moveit_ros_planning:/home/khamrouni/ws_moveit/install/moveit_ros_occupancy_map_monitor:/home/khamrouni/ws_moveit/install/moveit_resources_prbt_ikfast_manipulator_plugin:/home/khamrouni/ws_moveit/install/moveit_planners_chomp:/home/khamrouni/ws_moveit/install/moveit_kinematics:/home/khamrouni/ws_moveit/install/moveit_chomp_optimizer_adapter:/home/khamrouni/ws_moveit/install/chomp_motion_planner:/home/khamrouni/ws_moveit/install/moveit_core:/home/khamrouni/ws_moveit/install/srdfdom:/home/khamrouni/ws_moveit/install/rviz_marker_tools:/home/khamrouni/ws_moveit/install/rosparam_shortcuts:/home/khamrouni/ws_moveit/install/moveit_task_constructor_msgs:/home/khamrouni/ws_moveit/install/moveit_resources_prbt_support:/home/khamrouni/ws_moveit/install/moveit_resources:/home/khamrouni/ws_moveit/install/moveit_resources_pr2_description:/home/khamrouni/ws_moveit/install/moveit_resources_panda_moveit_config:/home/khamrouni/ws_moveit/install/moveit_resources_panda_description:/home/khamrouni/ws_moveit/install/moveit_resources_fanuc_moveit_config:/home/khamrouni/ws_moveit/install/moveit_resources_fanuc_description:/home/khamrouni/ws_moveit/install/moveit_common:/home/khamrouni/robot_ws/install/iiwa_description:/home/khamrouni/ros2_ws/install/polygon_base:/home/khamrouni/ros2_ws/install/iiwa_bringup:/home/khamrouni/ros2_ws/install/iiwa_description:/home/khamrouni/ros2_ws/install/examples_rclcpp_minimal_action_client:/home/khamrouni/ros2_ws/install/examples_rclcpp_cbg_executor:/home/khamrouni/ros2_ws/install/examples_rclcpp_async_client:/home/khamrouni/ros2_ws/install/cpp_parameters:/home/khamrouni/auctus/work/kuka_robot/install/lbr_demos_py:/home/khamrouni/auctus/work/kuka_robot/install/lbr_moveit:/home/khamrouni/auctus/work/kuka_robot/install/lbr_demos_advanced_py:/home/khamrouni/ws_moveit/install/moveit_configs_utils:/home/khamrouni/ws_moveit/install/launch_param_builder:/opt/ros/humble /usr/bin/cmake /home/khamrouni/lbr-stack/src/lbr_fri_ros2_stack/lbr_moveit_config/iiwa14_moveit_config -DCMAKE_INSTALL_PREFIX=/home/khamrouni/lbr-stack/src/lbr_fri_ros2_stack/install/iiwa14_moveit_config
[5.952s] DEBUG:colcon.colcon_core.event_handler.log_command:Invoking command in '/home/khamrouni/lbr-stack/src/lbr_fri_ros2_stack/build/iiwa14_moveit_config': AMENT_PREFIX_PATH=/home/khamrouni/lbr-stack/src/lbr_fri_ros2_stack/install/lbr_description:${AMENT_PREFIX_PATH} CMAKE_PREFIX_PATH=/home/khamrouni/lbr-stack/src/lbr_fri_ros2_stack/install/lbr_description:/home/khamrouni/auctus/work/kuka_robot/install/velocity_controller:/home/khamrouni/auctus/work/kuka_robot/install/med7_moveit_config:/home/khamrouni/auctus/work/kuka_robot/install/med14_moveit_config:/home/khamrouni/auctus/work/kuka_robot/install/lbr_fri_ros2_stack:/home/khamrouni/auctus/work/kuka_robot/install/lbr_demos_cpp:/home/khamrouni/auctus/work/kuka_robot/install/lbr_bringup:/home/khamrouni/auctus/work/kuka_robot/install/lbr_ros2_control:/home/khamrouni/auctus/work/kuka_robot/install/lbr_moveit_cpp:/home/khamrouni/auctus/work/kuka_robot/install/lbr_demos_advanced_cpp:/home/khamrouni/auctus/work/kuka_robot/install/lbr_fri_ros2:/home/khamrouni/auctus/work/kuka_robot/install/lbr_fri_idl:/home/khamrouni/auctus/work/kuka_robot/install/iiwa7_moveit_config:/home/khamrouni/auctus/work/kuka_robot/install/iiwa14_moveit_config:/home/khamrouni/auctus/work/kuka_robot/install/lbr_description:/home/khamrouni/auctus/work/kuka_robot/install/fri_client_sdk:/home/khamrouni/ws_moveit/install/pilz_industrial_motion_planner_testutils:/home/khamrouni/ws_moveit/install/moveit_runtime:/home/khamrouni/ws_moveit/install/moveit2_tutorials:/home/khamrouni/ws_moveit/install/moveit:/home/khamrouni/ws_moveit/install/moveit_planners:/home/khamrouni/ws_moveit/install/pilz_industrial_motion_planner:/home/khamrouni/ws_moveit/install/moveit_visual_tools:/home/khamrouni/ws_moveit/install/moveit_task_constructor_visualization:/home/khamrouni/ws_moveit/install/moveit_task_constructor_demo:/home/khamrouni/ws_moveit/install/moveit_task_constructor_capabilities:/home/khamrouni/ws_moveit/install/moveit_task_constructor_core:/home/khamrouni/ws_moveit/install/moveit_ros_control_interface:/home/khamrouni/ws_moveit/install/moveit_plugins:/home/khamrouni/ws_moveit/install/moveit_simple_controller_manager:/home/khamrouni/ws_moveit/install/moveit_setup_assistant:/home/khamrouni/ws_moveit/install/moveit_setup_srdf_plugins:/home/khamrouni/ws_moveit/install/moveit_setup_core_plugins:/home/khamrouni/ws_moveit/install/moveit_setup_controllers:/home/khamrouni/ws_moveit/install/moveit_setup_app_plugins:/home/khamrouni/ws_moveit/install/moveit_setup_framework:/home/khamrouni/ws_moveit/install/moveit_servo:/home/khamrouni/ws_moveit/install/moveit_ros:/home/khamrouni/ws_moveit/install/moveit_ros_visualization:/home/khamrouni/ws_moveit/install/moveit_hybrid_planning:/home/khamrouni/ws_moveit/install/move_program:/home/khamrouni/ws_moveit/install/hello_moveit:/home/khamrouni/ws_moveit/install/moveit_ros_planning_interface:/home/khamrouni/ws_moveit/install/moveit_ros_benchmarks:/home/khamrouni/ws_moveit/install/moveit_ros_warehouse:/home/khamrouni/ws_moveit/install/moveit_ros_robot_interaction:/home/khamrouni/ws_moveit/install/moveit_ros_perception:/home/khamrouni/ws_moveit/install/moveit_resources_prbt_pg70_support:/home/khamrouni/ws_moveit/install/moveit_resources_prbt_moveit_config:/home/khamrouni/ws_moveit/install/moveit_ros_move_group:/home/khamrouni/ws_moveit/install/moveit_planners_ompl:/home/khamrouni/ws_moveit/install/moveit_ros_planning:/home/khamrouni/ws_moveit/install/moveit_ros_occupancy_map_monitor:/home/khamrouni/ws_moveit/install/moveit_resources_prbt_ikfast_manipulator_plugin:/home/khamrouni/ws_moveit/install/moveit_planners_chomp:/home/khamrouni/ws_moveit/install/moveit_kinematics:/home/khamrouni/ws_moveit/install/moveit_chomp_optimizer_adapter:/home/khamrouni/ws_moveit/install/chomp_motion_planner:/home/khamrouni/ws_moveit/install/moveit_core:/home/khamrouni/ws_moveit/install/srdfdom:/home/khamrouni/ws_moveit/install/rviz_marker_tools:/home/khamrouni/ws_moveit/install/rosparam_shortcuts:/home/khamrouni/ws_moveit/install/moveit_task_constructor_msgs:/home/khamrouni/ws_moveit/install/moveit_resources_prbt_support:/home/khamrouni/ws_moveit/install/moveit_resources:/home/khamrouni/ws_moveit/install/moveit_resources_pr2_description:/home/khamrouni/ws_moveit/install/moveit_resources_panda_moveit_config:/home/khamrouni/ws_moveit/install/moveit_resources_panda_description:/home/khamrouni/ws_moveit/install/moveit_resources_fanuc_moveit_config:/home/khamrouni/ws_moveit/install/moveit_resources_fanuc_description:/home/khamrouni/ws_moveit/install/moveit_common:/home/khamrouni/robot_ws/install/iiwa_description:/home/khamrouni/ros2_ws/install/polygon_base:/home/khamrouni/ros2_ws/install/iiwa_bringup:/home/khamrouni/ros2_ws/install/iiwa_description:/home/khamrouni/ros2_ws/install/examples_rclcpp_minimal_action_client:/home/khamrouni/ros2_ws/install/examples_rclcpp_cbg_executor:/home/khamrouni/ros2_ws/install/examples_rclcpp_async_client:/home/khamrouni/ros2_ws/install/cpp_parameters:/home/khamrouni/auctus/work/kuka_robot/install/lbr_demos_py:/home/khamrouni/auctus/work/kuka_robot/install/lbr_moveit:/home/khamrouni/auctus/work/kuka_robot/install/lbr_demos_advanced_py:/home/khamrouni/ws_moveit/install/moveit_configs_utils:/home/khamrouni/ws_moveit/install/launch_param_builder:/opt/ros/humble /usr/bin/cmake --build /home/khamrouni/lbr-stack/src/lbr_fri_ros2_stack/build/iiwa14_moveit_config -- -j8 -l8
[5.980s] DEBUG:colcon.colcon_core.event_handler.log_command:Invoked command in '/home/khamrouni/lbr-stack/src/lbr_fri_ros2_stack/build/med7_moveit_config' returned '0': AMENT_PREFIX_PATH=/home/khamrouni/lbr-stack/src/lbr_fri_ros2_stack/install/lbr_description:${AMENT_PREFIX_PATH} CMAKE_PREFIX_PATH=/home/khamrouni/lbr-stack/src/lbr_fri_ros2_stack/install/lbr_description:/home/khamrouni/auctus/work/kuka_robot/install/velocity_controller:/home/khamrouni/auctus/work/kuka_robot/install/med7_moveit_config:/home/khamrouni/auctus/work/kuka_robot/install/med14_moveit_config:/home/khamrouni/auctus/work/kuka_robot/install/lbr_fri_ros2_stack:/home/khamrouni/auctus/work/kuka_robot/install/lbr_demos_cpp:/home/khamrouni/auctus/work/kuka_robot/install/lbr_bringup:/home/khamrouni/auctus/work/kuka_robot/install/lbr_ros2_control:/home/khamrouni/auctus/work/kuka_robot/install/lbr_moveit_cpp:/home/khamrouni/auctus/work/kuka_robot/install/lbr_demos_advanced_cpp:/home/khamrouni/auctus/work/kuka_robot/install/lbr_fri_ros2:/home/khamrouni/auctus/work/kuka_robot/install/lbr_fri_idl:/home/khamrouni/auctus/work/kuka_robot/install/iiwa7_moveit_config:/home/khamrouni/auctus/work/kuka_robot/install/iiwa14_moveit_config:/home/khamrouni/auctus/work/kuka_robot/install/lbr_description:/home/khamrouni/auctus/work/kuka_robot/install/fri_client_sdk:/home/khamrouni/ws_moveit/install/pilz_industrial_motion_planner_testutils:/home/khamrouni/ws_moveit/install/moveit_runtime:/home/khamrouni/ws_moveit/install/moveit2_tutorials:/home/khamrouni/ws_moveit/install/moveit:/home/khamrouni/ws_moveit/install/moveit_planners:/home/khamrouni/ws_moveit/install/pilz_industrial_motion_planner:/home/khamrouni/ws_moveit/install/moveit_visual_tools:/home/khamrouni/ws_moveit/install/moveit_task_constructor_visualization:/home/khamrouni/ws_moveit/install/moveit_task_constructor_demo:/home/khamrouni/ws_moveit/install/moveit_task_constructor_capabilities:/home/khamrouni/ws_moveit/install/moveit_task_constructor_core:/home/khamrouni/ws_moveit/install/moveit_ros_control_interface:/home/khamrouni/ws_moveit/install/moveit_plugins:/home/khamrouni/ws_moveit/install/moveit_simple_controller_manager:/home/khamrouni/ws_moveit/install/moveit_setup_assistant:/home/khamrouni/ws_moveit/install/moveit_setup_srdf_plugins:/home/khamrouni/ws_moveit/install/moveit_setup_core_plugins:/home/khamrouni/ws_moveit/install/moveit_setup_controllers:/home/khamrouni/ws_moveit/install/moveit_setup_app_plugins:/home/khamrouni/ws_moveit/install/moveit_setup_framework:/home/khamrouni/ws_moveit/install/moveit_servo:/home/khamrouni/ws_moveit/install/moveit_ros:/home/khamrouni/ws_moveit/install/moveit_ros_visualization:/home/khamrouni/ws_moveit/install/moveit_hybrid_planning:/home/khamrouni/ws_moveit/install/move_program:/home/khamrouni/ws_moveit/install/hello_moveit:/home/khamrouni/ws_moveit/install/moveit_ros_planning_interface:/home/khamrouni/ws_moveit/install/moveit_ros_benchmarks:/home/khamrouni/ws_moveit/install/moveit_ros_warehouse:/home/khamrouni/ws_moveit/install/moveit_ros_robot_interaction:/home/khamrouni/ws_moveit/install/moveit_ros_perception:/home/khamrouni/ws_moveit/install/moveit_resources_prbt_pg70_support:/home/khamrouni/ws_moveit/install/moveit_resources_prbt_moveit_config:/home/khamrouni/ws_moveit/install/moveit_ros_move_group:/home/khamrouni/ws_moveit/install/moveit_planners_ompl:/home/khamrouni/ws_moveit/install/moveit_ros_planning:/home/khamrouni/ws_moveit/install/moveit_ros_occupancy_map_monitor:/home/khamrouni/ws_moveit/install/moveit_resources_prbt_ikfast_manipulator_plugin:/home/khamrouni/ws_moveit/install/moveit_planners_chomp:/home/khamrouni/ws_moveit/install/moveit_kinematics:/home/khamrouni/ws_moveit/install/moveit_chomp_optimizer_adapter:/home/khamrouni/ws_moveit/install/chomp_motion_planner:/home/khamrouni/ws_moveit/install/moveit_core:/home/khamrouni/ws_moveit/install/srdfdom:/home/khamrouni/ws_moveit/install/rviz_marker_tools:/home/khamrouni/ws_moveit/install/rosparam_shortcuts:/home/khamrouni/ws_moveit/install/moveit_task_constructor_msgs:/home/khamrouni/ws_moveit/install/moveit_resources_prbt_support:/home/khamrouni/ws_moveit/install/moveit_resources:/home/khamrouni/ws_moveit/install/moveit_resources_pr2_description:/home/khamrouni/ws_moveit/install/moveit_resources_panda_moveit_config:/home/khamrouni/ws_moveit/install/moveit_resources_panda_description:/home/khamrouni/ws_moveit/install/moveit_resources_fanuc_moveit_config:/home/khamrouni/ws_moveit/install/moveit_resources_fanuc_description:/home/khamrouni/ws_moveit/install/moveit_common:/home/khamrouni/robot_ws/install/iiwa_description:/home/khamrouni/ros2_ws/install/polygon_base:/home/khamrouni/ros2_ws/install/iiwa_bringup:/home/khamrouni/ros2_ws/install/iiwa_description:/home/khamrouni/ros2_ws/install/examples_rclcpp_minimal_action_client:/home/khamrouni/ros2_ws/install/examples_rclcpp_cbg_executor:/home/khamrouni/ros2_ws/install/examples_rclcpp_async_client:/home/khamrouni/ros2_ws/install/cpp_parameters:/home/khamrouni/auctus/work/kuka_robot/install/lbr_demos_py:/home/khamrouni/auctus/work/kuka_robot/install/lbr_moveit:/home/khamrouni/auctus/work/kuka_robot/install/lbr_demos_advanced_py:/home/khamrouni/ws_moveit/install/moveit_configs_utils:/home/khamrouni/ws_moveit/install/launch_param_builder:/opt/ros/humble /usr/bin/cmake /home/khamrouni/lbr-stack/src/lbr_fri_ros2_stack/lbr_moveit_config/med7_moveit_config -DCMAKE_INSTALL_PREFIX=/home/khamrouni/lbr-stack/src/lbr_fri_ros2_stack/install/med7_moveit_config
[5.985s] DEBUG:colcon.colcon_core.event_handler.log_command:Invoking command in '/home/khamrouni/lbr-stack/src/lbr_fri_ros2_stack/build/med7_moveit_config': AMENT_PREFIX_PATH=/home/khamrouni/lbr-stack/src/lbr_fri_ros2_stack/install/lbr_description:${AMENT_PREFIX_PATH} CMAKE_PREFIX_PATH=/home/khamrouni/lbr-stack/src/lbr_fri_ros2_stack/install/lbr_description:/home/khamrouni/auctus/work/kuka_robot/install/velocity_controller:/home/khamrouni/auctus/work/kuka_robot/install/med7_moveit_config:/home/khamrouni/auctus/work/kuka_robot/install/med14_moveit_config:/home/khamrouni/auctus/work/kuka_robot/install/lbr_fri_ros2_stack:/home/khamrouni/auctus/work/kuka_robot/install/lbr_demos_cpp:/home/khamrouni/auctus/work/kuka_robot/install/lbr_bringup:/home/khamrouni/auctus/work/kuka_robot/install/lbr_ros2_control:/home/khamrouni/auctus/work/kuka_robot/install/lbr_moveit_cpp:/home/khamrouni/auctus/work/kuka_robot/install/lbr_demos_advanced_cpp:/home/khamrouni/auctus/work/kuka_robot/install/lbr_fri_ros2:/home/khamrouni/auctus/work/kuka_robot/install/lbr_fri_idl:/home/khamrouni/auctus/work/kuka_robot/install/iiwa7_moveit_config:/home/khamrouni/auctus/work/kuka_robot/install/iiwa14_moveit_config:/home/khamrouni/auctus/work/kuka_robot/install/lbr_description:/home/khamrouni/auctus/work/kuka_robot/install/fri_client_sdk:/home/khamrouni/ws_moveit/install/pilz_industrial_motion_planner_testutils:/home/khamrouni/ws_moveit/install/moveit_runtime:/home/khamrouni/ws_moveit/install/moveit2_tutorials:/home/khamrouni/ws_moveit/install/moveit:/home/khamrouni/ws_moveit/install/moveit_planners:/home/khamrouni/ws_moveit/install/pilz_industrial_motion_planner:/home/khamrouni/ws_moveit/install/moveit_visual_tools:/home/khamrouni/ws_moveit/install/moveit_task_constructor_visualization:/home/khamrouni/ws_moveit/install/moveit_task_constructor_demo:/home/khamrouni/ws_moveit/install/moveit_task_constructor_capabilities:/home/khamrouni/ws_moveit/install/moveit_task_constructor_core:/home/khamrouni/ws_moveit/install/moveit_ros_control_interface:/home/khamrouni/ws_moveit/install/moveit_plugins:/home/khamrouni/ws_moveit/install/moveit_simple_controller_manager:/home/khamrouni/ws_moveit/install/moveit_setup_assistant:/home/khamrouni/ws_moveit/install/moveit_setup_srdf_plugins:/home/khamrouni/ws_moveit/install/moveit_setup_core_plugins:/home/khamrouni/ws_moveit/install/moveit_setup_controllers:/home/khamrouni/ws_moveit/install/moveit_setup_app_plugins:/home/khamrouni/ws_moveit/install/moveit_setup_framework:/home/khamrouni/ws_moveit/install/moveit_servo:/home/khamrouni/ws_moveit/install/moveit_ros:/home/khamrouni/ws_moveit/install/moveit_ros_visualization:/home/khamrouni/ws_moveit/install/moveit_hybrid_planning:/home/khamrouni/ws_moveit/install/move_program:/home/khamrouni/ws_moveit/install/hello_moveit:/home/khamrouni/ws_moveit/install/moveit_ros_planning_interface:/home/khamrouni/ws_moveit/install/moveit_ros_benchmarks:/home/khamrouni/ws_moveit/install/moveit_ros_warehouse:/home/khamrouni/ws_moveit/install/moveit_ros_robot_interaction:/home/khamrouni/ws_moveit/install/moveit_ros_perception:/home/khamrouni/ws_moveit/install/moveit_resources_prbt_pg70_support:/home/khamrouni/ws_moveit/install/moveit_resources_prbt_moveit_config:/home/khamrouni/ws_moveit/install/moveit_ros_move_group:/home/khamrouni/ws_moveit/install/moveit_planners_ompl:/home/khamrouni/ws_moveit/install/moveit_ros_planning:/home/khamrouni/ws_moveit/install/moveit_ros_occupancy_map_monitor:/home/khamrouni/ws_moveit/install/moveit_resources_prbt_ikfast_manipulator_plugin:/home/khamrouni/ws_moveit/install/moveit_planners_chomp:/home/khamrouni/ws_moveit/install/moveit_kinematics:/home/khamrouni/ws_moveit/install/moveit_chomp_optimizer_adapter:/home/khamrouni/ws_moveit/install/chomp_motion_planner:/home/khamrouni/ws_moveit/install/moveit_core:/home/khamrouni/ws_moveit/install/srdfdom:/home/khamrouni/ws_moveit/install/rviz_marker_tools:/home/khamrouni/ws_moveit/install/rosparam_shortcuts:/home/khamrouni/ws_moveit/install/moveit_task_constructor_msgs:/home/khamrouni/ws_moveit/install/moveit_resources_prbt_support:/home/khamrouni/ws_moveit/install/moveit_resources:/home/khamrouni/ws_moveit/install/moveit_resources_pr2_description:/home/khamrouni/ws_moveit/install/moveit_resources_panda_moveit_config:/home/khamrouni/ws_moveit/install/moveit_resources_panda_description:/home/khamrouni/ws_moveit/install/moveit_resources_fanuc_moveit_config:/home/khamrouni/ws_moveit/install/moveit_resources_fanuc_description:/home/khamrouni/ws_moveit/install/moveit_common:/home/khamrouni/robot_ws/install/iiwa_description:/home/khamrouni/ros2_ws/install/polygon_base:/home/khamrouni/ros2_ws/install/iiwa_bringup:/home/khamrouni/ros2_ws/install/iiwa_description:/home/khamrouni/ros2_ws/install/examples_rclcpp_minimal_action_client:/home/khamrouni/ros2_ws/install/examples_rclcpp_cbg_executor:/home/khamrouni/ros2_ws/install/examples_rclcpp_async_client:/home/khamrouni/ros2_ws/install/cpp_parameters:/home/khamrouni/auctus/work/kuka_robot/install/lbr_demos_py:/home/khamrouni/auctus/work/kuka_robot/install/lbr_moveit:/home/khamrouni/auctus/work/kuka_robot/install/lbr_demos_advanced_py:/home/khamrouni/ws_moveit/install/moveit_configs_utils:/home/khamrouni/ws_moveit/install/launch_param_builder:/opt/ros/humble /usr/bin/cmake --build /home/khamrouni/lbr-stack/src/lbr_fri_ros2_stack/build/med7_moveit_config -- -j8 -l8
[5.988s] DEBUG:colcon.colcon_core.event_handler.log_command:Invoked command in '/home/khamrouni/lbr-stack/src/lbr_fri_ros2_stack/build/iiwa7_moveit_config' returned '0': AMENT_PREFIX_PATH=/home/khamrouni/lbr-stack/src/lbr_fri_ros2_stack/install/lbr_description:${AMENT_PREFIX_PATH} CMAKE_PREFIX_PATH=/home/khamrouni/lbr-stack/src/lbr_fri_ros2_stack/install/lbr_description:/home/khamrouni/auctus/work/kuka_robot/install/velocity_controller:/home/khamrouni/auctus/work/kuka_robot/install/med7_moveit_config:/home/khamrouni/auctus/work/kuka_robot/install/med14_moveit_config:/home/khamrouni/auctus/work/kuka_robot/install/lbr_fri_ros2_stack:/home/khamrouni/auctus/work/kuka_robot/install/lbr_demos_cpp:/home/khamrouni/auctus/work/kuka_robot/install/lbr_bringup:/home/khamrouni/auctus/work/kuka_robot/install/lbr_ros2_control:/home/khamrouni/auctus/work/kuka_robot/install/lbr_moveit_cpp:/home/khamrouni/auctus/work/kuka_robot/install/lbr_demos_advanced_cpp:/home/khamrouni/auctus/work/kuka_robot/install/lbr_fri_ros2:/home/khamrouni/auctus/work/kuka_robot/install/lbr_fri_idl:/home/khamrouni/auctus/work/kuka_robot/install/iiwa7_moveit_config:/home/khamrouni/auctus/work/kuka_robot/install/iiwa14_moveit_config:/home/khamrouni/auctus/work/kuka_robot/install/lbr_description:/home/khamrouni/auctus/work/kuka_robot/install/fri_client_sdk:/home/khamrouni/ws_moveit/install/pilz_industrial_motion_planner_testutils:/home/khamrouni/ws_moveit/install/moveit_runtime:/home/khamrouni/ws_moveit/install/moveit2_tutorials:/home/khamrouni/ws_moveit/install/moveit:/home/khamrouni/ws_moveit/install/moveit_planners:/home/khamrouni/ws_moveit/install/pilz_industrial_motion_planner:/home/khamrouni/ws_moveit/install/moveit_visual_tools:/home/khamrouni/ws_moveit/install/moveit_task_constructor_visualization:/home/khamrouni/ws_moveit/install/moveit_task_constructor_demo:/home/khamrouni/ws_moveit/install/moveit_task_constructor_capabilities:/home/khamrouni/ws_moveit/install/moveit_task_constructor_core:/home/khamrouni/ws_moveit/install/moveit_ros_control_interface:/home/khamrouni/ws_moveit/install/moveit_plugins:/home/khamrouni/ws_moveit/install/moveit_simple_controller_manager:/home/khamrouni/ws_moveit/install/moveit_setup_assistant:/home/khamrouni/ws_moveit/install/moveit_setup_srdf_plugins:/home/khamrouni/ws_moveit/install/moveit_setup_core_plugins:/home/khamrouni/ws_moveit/install/moveit_setup_controllers:/home/khamrouni/ws_moveit/install/moveit_setup_app_plugins:/home/khamrouni/ws_moveit/install/moveit_setup_framework:/home/khamrouni/ws_moveit/install/moveit_servo:/home/khamrouni/ws_moveit/install/moveit_ros:/home/khamrouni/ws_moveit/install/moveit_ros_visualization:/home/khamrouni/ws_moveit/install/moveit_hybrid_planning:/home/khamrouni/ws_moveit/install/move_program:/home/khamrouni/ws_moveit/install/hello_moveit:/home/khamrouni/ws_moveit/install/moveit_ros_planning_interface:/home/khamrouni/ws_moveit/install/moveit_ros_benchmarks:/home/khamrouni/ws_moveit/install/moveit_ros_warehouse:/home/khamrouni/ws_moveit/install/moveit_ros_robot_interaction:/home/khamrouni/ws_moveit/install/moveit_ros_perception:/home/khamrouni/ws_moveit/install/moveit_resources_prbt_pg70_support:/home/khamrouni/ws_moveit/install/moveit_resources_prbt_moveit_config:/home/khamrouni/ws_moveit/install/moveit_ros_move_group:/home/khamrouni/ws_moveit/install/moveit_planners_ompl:/home/khamrouni/ws_moveit/install/moveit_ros_planning:/home/khamrouni/ws_moveit/install/moveit_ros_occupancy_map_monitor:/home/khamrouni/ws_moveit/install/moveit_resources_prbt_ikfast_manipulator_plugin:/home/khamrouni/ws_moveit/install/moveit_planners_chomp:/home/khamrouni/ws_moveit/install/moveit_kinematics:/home/khamrouni/ws_moveit/install/moveit_chomp_optimizer_adapter:/home/khamrouni/ws_moveit/install/chomp_motion_planner:/home/khamrouni/ws_moveit/install/moveit_core:/home/khamrouni/ws_moveit/install/srdfdom:/home/khamrouni/ws_moveit/install/rviz_marker_tools:/home/khamrouni/ws_moveit/install/rosparam_shortcuts:/home/khamrouni/ws_moveit/install/moveit_task_constructor_msgs:/home/khamrouni/ws_moveit/install/moveit_resources_prbt_support:/home/khamrouni/ws_moveit/install/moveit_resources:/home/khamrouni/ws_moveit/install/moveit_resources_pr2_description:/home/khamrouni/ws_moveit/install/moveit_resources_panda_moveit_config:/home/khamrouni/ws_moveit/install/moveit_resources_panda_description:/home/khamrouni/ws_moveit/install/moveit_resources_fanuc_moveit_config:/home/khamrouni/ws_moveit/install/moveit_resources_fanuc_description:/home/khamrouni/ws_moveit/install/moveit_common:/home/khamrouni/robot_ws/install/iiwa_description:/home/khamrouni/ros2_ws/install/polygon_base:/home/khamrouni/ros2_ws/install/iiwa_bringup:/home/khamrouni/ros2_ws/install/iiwa_description:/home/khamrouni/ros2_ws/install/examples_rclcpp_minimal_action_client:/home/khamrouni/ros2_ws/install/examples_rclcpp_cbg_executor:/home/khamrouni/ros2_ws/install/examples_rclcpp_async_client:/home/khamrouni/ros2_ws/install/cpp_parameters:/home/khamrouni/auctus/work/kuka_robot/install/lbr_demos_py:/home/khamrouni/auctus/work/kuka_robot/install/lbr_moveit:/home/khamrouni/auctus/work/kuka_robot/install/lbr_demos_advanced_py:/home/khamrouni/ws_moveit/install/moveit_configs_utils:/home/khamrouni/ws_moveit/install/launch_param_builder:/opt/ros/humble /usr/bin/cmake /home/khamrouni/lbr-stack/src/lbr_fri_ros2_stack/lbr_moveit_config/iiwa7_moveit_config -DCMAKE_INSTALL_PREFIX=/home/khamrouni/lbr-stack/src/lbr_fri_ros2_stack/install/iiwa7_moveit_config
[5.995s] DEBUG:colcon.colcon_core.event_handler.log_command:Invoking command in '/home/khamrouni/lbr-stack/src/lbr_fri_ros2_stack/build/iiwa7_moveit_config': AMENT_PREFIX_PATH=/home/khamrouni/lbr-stack/src/lbr_fri_ros2_stack/install/lbr_description:${AMENT_PREFIX_PATH} CMAKE_PREFIX_PATH=/home/khamrouni/lbr-stack/src/lbr_fri_ros2_stack/install/lbr_description:/home/khamrouni/auctus/work/kuka_robot/install/velocity_controller:/home/khamrouni/auctus/work/kuka_robot/install/med7_moveit_config:/home/khamrouni/auctus/work/kuka_robot/install/med14_moveit_config:/home/khamrouni/auctus/work/kuka_robot/install/lbr_fri_ros2_stack:/home/khamrouni/auctus/work/kuka_robot/install/lbr_demos_cpp:/home/khamrouni/auctus/work/kuka_robot/install/lbr_bringup:/home/khamrouni/auctus/work/kuka_robot/install/lbr_ros2_control:/home/khamrouni/auctus/work/kuka_robot/install/lbr_moveit_cpp:/home/khamrouni/auctus/work/kuka_robot/install/lbr_demos_advanced_cpp:/home/khamrouni/auctus/work/kuka_robot/install/lbr_fri_ros2:/home/khamrouni/auctus/work/kuka_robot/install/lbr_fri_idl:/home/khamrouni/auctus/work/kuka_robot/install/iiwa7_moveit_config:/home/khamrouni/auctus/work/kuka_robot/install/iiwa14_moveit_config:/home/khamrouni/auctus/work/kuka_robot/install/lbr_description:/home/khamrouni/auctus/work/kuka_robot/install/fri_client_sdk:/home/khamrouni/ws_moveit/install/pilz_industrial_motion_planner_testutils:/home/khamrouni/ws_moveit/install/moveit_runtime:/home/khamrouni/ws_moveit/install/moveit2_tutorials:/home/khamrouni/ws_moveit/install/moveit:/home/khamrouni/ws_moveit/install/moveit_planners:/home/khamrouni/ws_moveit/install/pilz_industrial_motion_planner:/home/khamrouni/ws_moveit/install/moveit_visual_tools:/home/khamrouni/ws_moveit/install/moveit_task_constructor_visualization:/home/khamrouni/ws_moveit/install/moveit_task_constructor_demo:/home/khamrouni/ws_moveit/install/moveit_task_constructor_capabilities:/home/khamrouni/ws_moveit/install/moveit_task_constructor_core:/home/khamrouni/ws_moveit/install/moveit_ros_control_interface:/home/khamrouni/ws_moveit/install/moveit_plugins:/home/khamrouni/ws_moveit/install/moveit_simple_controller_manager:/home/khamrouni/ws_moveit/install/moveit_setup_assistant:/home/khamrouni/ws_moveit/install/moveit_setup_srdf_plugins:/home/khamrouni/ws_moveit/install/moveit_setup_core_plugins:/home/khamrouni/ws_moveit/install/moveit_setup_controllers:/home/khamrouni/ws_moveit/install/moveit_setup_app_plugins:/home/khamrouni/ws_moveit/install/moveit_setup_framework:/home/khamrouni/ws_moveit/install/moveit_servo:/home/khamrouni/ws_moveit/install/moveit_ros:/home/khamrouni/ws_moveit/install/moveit_ros_visualization:/home/khamrouni/ws_moveit/install/moveit_hybrid_planning:/home/khamrouni/ws_moveit/install/move_program:/home/khamrouni/ws_moveit/install/hello_moveit:/home/khamrouni/ws_moveit/install/moveit_ros_planning_interface:/home/khamrouni/ws_moveit/install/moveit_ros_benchmarks:/home/khamrouni/ws_moveit/install/moveit_ros_warehouse:/home/khamrouni/ws_moveit/install/moveit_ros_robot_interaction:/home/khamrouni/ws_moveit/install/moveit_ros_perception:/home/khamrouni/ws_moveit/install/moveit_resources_prbt_pg70_support:/home/khamrouni/ws_moveit/install/moveit_resources_prbt_moveit_config:/home/khamrouni/ws_moveit/install/moveit_ros_move_group:/home/khamrouni/ws_moveit/install/moveit_planners_ompl:/home/khamrouni/ws_moveit/install/moveit_ros_planning:/home/khamrouni/ws_moveit/install/moveit_ros_occupancy_map_monitor:/home/khamrouni/ws_moveit/install/moveit_resources_prbt_ikfast_manipulator_plugin:/home/khamrouni/ws_moveit/install/moveit_planners_chomp:/home/khamrouni/ws_moveit/install/moveit_kinematics:/home/khamrouni/ws_moveit/install/moveit_chomp_optimizer_adapter:/home/khamrouni/ws_moveit/install/chomp_motion_planner:/home/khamrouni/ws_moveit/install/moveit_core:/home/khamrouni/ws_moveit/install/srdfdom:/home/khamrouni/ws_moveit/install/rviz_marker_tools:/home/khamrouni/ws_moveit/install/rosparam_shortcuts:/home/khamrouni/ws_moveit/install/moveit_task_constructor_msgs:/home/khamrouni/ws_moveit/install/moveit_resources_prbt_support:/home/khamrouni/ws_moveit/install/moveit_resources:/home/khamrouni/ws_moveit/install/moveit_resources_pr2_description:/home/khamrouni/ws_moveit/install/moveit_resources_panda_moveit_config:/home/khamrouni/ws_moveit/install/moveit_resources_panda_description:/home/khamrouni/ws_moveit/install/moveit_resources_fanuc_moveit_config:/home/khamrouni/ws_moveit/install/moveit_resources_fanuc_description:/home/khamrouni/ws_moveit/install/moveit_common:/home/khamrouni/robot_ws/install/iiwa_description:/home/khamrouni/ros2_ws/install/polygon_base:/home/khamrouni/ros2_ws/install/iiwa_bringup:/home/khamrouni/ros2_ws/install/iiwa_description:/home/khamrouni/ros2_ws/install/examples_rclcpp_minimal_action_client:/home/khamrouni/ros2_ws/install/examples_rclcpp_cbg_executor:/home/khamrouni/ros2_ws/install/examples_rclcpp_async_client:/home/khamrouni/ros2_ws/install/cpp_parameters:/home/khamrouni/auctus/work/kuka_robot/install/lbr_demos_py:/home/khamrouni/auctus/work/kuka_robot/install/lbr_moveit:/home/khamrouni/auctus/work/kuka_robot/install/lbr_demos_advanced_py:/home/khamrouni/ws_moveit/install/moveit_configs_utils:/home/khamrouni/ws_moveit/install/launch_param_builder:/opt/ros/humble /usr/bin/cmake --build /home/khamrouni/lbr-stack/src/lbr_fri_ros2_stack/build/iiwa7_moveit_config -- -j8 -l8
[6.000s] DEBUG:colcon.colcon_core.event_handler.log_command:Invoked command in '/home/khamrouni/lbr-stack/src/lbr_fri_ros2_stack/build/med14_moveit_config' returned '0': AMENT_PREFIX_PATH=/home/khamrouni/lbr-stack/src/lbr_fri_ros2_stack/install/lbr_description:${AMENT_PREFIX_PATH} CMAKE_PREFIX_PATH=/home/khamrouni/lbr-stack/src/lbr_fri_ros2_stack/install/lbr_description:/home/khamrouni/auctus/work/kuka_robot/install/velocity_controller:/home/khamrouni/auctus/work/kuka_robot/install/med7_moveit_config:/home/khamrouni/auctus/work/kuka_robot/install/med14_moveit_config:/home/khamrouni/auctus/work/kuka_robot/install/lbr_fri_ros2_stack:/home/khamrouni/auctus/work/kuka_robot/install/lbr_demos_cpp:/home/khamrouni/auctus/work/kuka_robot/install/lbr_bringup:/home/khamrouni/auctus/work/kuka_robot/install/lbr_ros2_control:/home/khamrouni/auctus/work/kuka_robot/install/lbr_moveit_cpp:/home/khamrouni/auctus/work/kuka_robot/install/lbr_demos_advanced_cpp:/home/khamrouni/auctus/work/kuka_robot/install/lbr_fri_ros2:/home/khamrouni/auctus/work/kuka_robot/install/lbr_fri_idl:/home/khamrouni/auctus/work/kuka_robot/install/iiwa7_moveit_config:/home/khamrouni/auctus/work/kuka_robot/install/iiwa14_moveit_config:/home/khamrouni/auctus/work/kuka_robot/install/lbr_description:/home/khamrouni/auctus/work/kuka_robot/install/fri_client_sdk:/home/khamrouni/ws_moveit/install/pilz_industrial_motion_planner_testutils:/home/khamrouni/ws_moveit/install/moveit_runtime:/home/khamrouni/ws_moveit/install/moveit2_tutorials:/home/khamrouni/ws_moveit/install/moveit:/home/khamrouni/ws_moveit/install/moveit_planners:/home/khamrouni/ws_moveit/install/pilz_industrial_motion_planner:/home/khamrouni/ws_moveit/install/moveit_visual_tools:/home/khamrouni/ws_moveit/install/moveit_task_constructor_visualization:/home/khamrouni/ws_moveit/install/moveit_task_constructor_demo:/home/khamrouni/ws_moveit/install/moveit_task_constructor_capabilities:/home/khamrouni/ws_moveit/install/moveit_task_constructor_core:/home/khamrouni/ws_moveit/install/moveit_ros_control_interface:/home/khamrouni/ws_moveit/install/moveit_plugins:/home/khamrouni/ws_moveit/install/moveit_simple_controller_manager:/home/khamrouni/ws_moveit/install/moveit_setup_assistant:/home/khamrouni/ws_moveit/install/moveit_setup_srdf_plugins:/home/khamrouni/ws_moveit/install/moveit_setup_core_plugins:/home/khamrouni/ws_moveit/install/moveit_setup_controllers:/home/khamrouni/ws_moveit/install/moveit_setup_app_plugins:/home/khamrouni/ws_moveit/install/moveit_setup_framework:/home/khamrouni/ws_moveit/install/moveit_servo:/home/khamrouni/ws_moveit/install/moveit_ros:/home/khamrouni/ws_moveit/install/moveit_ros_visualization:/home/khamrouni/ws_moveit/install/moveit_hybrid_planning:/home/khamrouni/ws_moveit/install/move_program:/home/khamrouni/ws_moveit/install/hello_moveit:/home/khamrouni/ws_moveit/install/moveit_ros_planning_interface:/home/khamrouni/ws_moveit/install/moveit_ros_benchmarks:/home/khamrouni/ws_moveit/install/moveit_ros_warehouse:/home/khamrouni/ws_moveit/install/moveit_ros_robot_interaction:/home/khamrouni/ws_moveit/install/moveit_ros_perception:/home/khamrouni/ws_moveit/install/moveit_resources_prbt_pg70_support:/home/khamrouni/ws_moveit/install/moveit_resources_prbt_moveit_config:/home/khamrouni/ws_moveit/install/moveit_ros_move_group:/home/khamrouni/ws_moveit/install/moveit_planners_ompl:/home/khamrouni/ws_moveit/install/moveit_ros_planning:/home/khamrouni/ws_moveit/install/moveit_ros_occupancy_map_monitor:/home/khamrouni/ws_moveit/install/moveit_resources_prbt_ikfast_manipulator_plugin:/home/khamrouni/ws_moveit/install/moveit_planners_chomp:/home/khamrouni/ws_moveit/install/moveit_kinematics:/home/khamrouni/ws_moveit/install/moveit_chomp_optimizer_adapter:/home/khamrouni/ws_moveit/install/chomp_motion_planner:/home/khamrouni/ws_moveit/install/moveit_core:/home/khamrouni/ws_moveit/install/srdfdom:/home/khamrouni/ws_moveit/install/rviz_marker_tools:/home/khamrouni/ws_moveit/install/rosparam_shortcuts:/home/khamrouni/ws_moveit/install/moveit_task_constructor_msgs:/home/khamrouni/ws_moveit/install/moveit_resources_prbt_support:/home/khamrouni/ws_moveit/install/moveit_resources:/home/khamrouni/ws_moveit/install/moveit_resources_pr2_description:/home/khamrouni/ws_moveit/install/moveit_resources_panda_moveit_config:/home/khamrouni/ws_moveit/install/moveit_resources_panda_description:/home/khamrouni/ws_moveit/install/moveit_resources_fanuc_moveit_config:/home/khamrouni/ws_moveit/install/moveit_resources_fanuc_description:/home/khamrouni/ws_moveit/install/moveit_common:/home/khamrouni/robot_ws/install/iiwa_description:/home/khamrouni/ros2_ws/install/polygon_base:/home/khamrouni/ros2_ws/install/iiwa_bringup:/home/khamrouni/ros2_ws/install/iiwa_description:/home/khamrouni/ros2_ws/install/examples_rclcpp_minimal_action_client:/home/khamrouni/ros2_ws/install/examples_rclcpp_cbg_executor:/home/khamrouni/ros2_ws/install/examples_rclcpp_async_client:/home/khamrouni/ros2_ws/install/cpp_parameters:/home/khamrouni/auctus/work/kuka_robot/install/lbr_demos_py:/home/khamrouni/auctus/work/kuka_robot/install/lbr_moveit:/home/khamrouni/auctus/work/kuka_robot/install/lbr_demos_advanced_py:/home/khamrouni/ws_moveit/install/moveit_configs_utils:/home/khamrouni/ws_moveit/install/launch_param_builder:/opt/ros/humble /usr/bin/cmake /home/khamrouni/lbr-stack/src/lbr_fri_ros2_stack/lbr_moveit_config/med14_moveit_config -DCMAKE_INSTALL_PREFIX=/home/khamrouni/lbr-stack/src/lbr_fri_ros2_stack/install/med14_moveit_config
[6.003s] DEBUG:colcon.colcon_core.event_handler.log_command:Invoking command in '/home/khamrouni/lbr-stack/src/lbr_fri_ros2_stack/build/med14_moveit_config': AMENT_PREFIX_PATH=/home/khamrouni/lbr-stack/src/lbr_fri_ros2_stack/install/lbr_description:${AMENT_PREFIX_PATH} CMAKE_PREFIX_PATH=/home/khamrouni/lbr-stack/src/lbr_fri_ros2_stack/install/lbr_description:/home/khamrouni/auctus/work/kuka_robot/install/velocity_controller:/home/khamrouni/auctus/work/kuka_robot/install/med7_moveit_config:/home/khamrouni/auctus/work/kuka_robot/install/med14_moveit_config:/home/khamrouni/auctus/work/kuka_robot/install/lbr_fri_ros2_stack:/home/khamrouni/auctus/work/kuka_robot/install/lbr_demos_cpp:/home/khamrouni/auctus/work/kuka_robot/install/lbr_bringup:/home/khamrouni/auctus/work/kuka_robot/install/lbr_ros2_control:/home/khamrouni/auctus/work/kuka_robot/install/lbr_moveit_cpp:/home/khamrouni/auctus/work/kuka_robot/install/lbr_demos_advanced_cpp:/home/khamrouni/auctus/work/kuka_robot/install/lbr_fri_ros2:/home/khamrouni/auctus/work/kuka_robot/install/lbr_fri_idl:/home/khamrouni/auctus/work/kuka_robot/install/iiwa7_moveit_config:/home/khamrouni/auctus/work/kuka_robot/install/iiwa14_moveit_config:/home/khamrouni/auctus/work/kuka_robot/install/lbr_description:/home/khamrouni/auctus/work/kuka_robot/install/fri_client_sdk:/home/khamrouni/ws_moveit/install/pilz_industrial_motion_planner_testutils:/home/khamrouni/ws_moveit/install/moveit_runtime:/home/khamrouni/ws_moveit/install/moveit2_tutorials:/home/khamrouni/ws_moveit/install/moveit:/home/khamrouni/ws_moveit/install/moveit_planners:/home/khamrouni/ws_moveit/install/pilz_industrial_motion_planner:/home/khamrouni/ws_moveit/install/moveit_visual_tools:/home/khamrouni/ws_moveit/install/moveit_task_constructor_visualization:/home/khamrouni/ws_moveit/install/moveit_task_constructor_demo:/home/khamrouni/ws_moveit/install/moveit_task_constructor_capabilities:/home/khamrouni/ws_moveit/install/moveit_task_constructor_core:/home/khamrouni/ws_moveit/install/moveit_ros_control_interface:/home/khamrouni/ws_moveit/install/moveit_plugins:/home/khamrouni/ws_moveit/install/moveit_simple_controller_manager:/home/khamrouni/ws_moveit/install/moveit_setup_assistant:/home/khamrouni/ws_moveit/install/moveit_setup_srdf_plugins:/home/khamrouni/ws_moveit/install/moveit_setup_core_plugins:/home/khamrouni/ws_moveit/install/moveit_setup_controllers:/home/khamrouni/ws_moveit/install/moveit_setup_app_plugins:/home/khamrouni/ws_moveit/install/moveit_setup_framework:/home/khamrouni/ws_moveit/install/moveit_servo:/home/khamrouni/ws_moveit/install/moveit_ros:/home/khamrouni/ws_moveit/install/moveit_ros_visualization:/home/khamrouni/ws_moveit/install/moveit_hybrid_planning:/home/khamrouni/ws_moveit/install/move_program:/home/khamrouni/ws_moveit/install/hello_moveit:/home/khamrouni/ws_moveit/install/moveit_ros_planning_interface:/home/khamrouni/ws_moveit/install/moveit_ros_benchmarks:/home/khamrouni/ws_moveit/install/moveit_ros_warehouse:/home/khamrouni/ws_moveit/install/moveit_ros_robot_interaction:/home/khamrouni/ws_moveit/install/moveit_ros_perception:/home/khamrouni/ws_moveit/install/moveit_resources_prbt_pg70_support:/home/khamrouni/ws_moveit/install/moveit_resources_prbt_moveit_config:/home/khamrouni/ws_moveit/install/moveit_ros_move_group:/home/khamrouni/ws_moveit/install/moveit_planners_ompl:/home/khamrouni/ws_moveit/install/moveit_ros_planning:/home/khamrouni/ws_moveit/install/moveit_ros_occupancy_map_monitor:/home/khamrouni/ws_moveit/install/moveit_resources_prbt_ikfast_manipulator_plugin:/home/khamrouni/ws_moveit/install/moveit_planners_chomp:/home/khamrouni/ws_moveit/install/moveit_kinematics:/home/khamrouni/ws_moveit/install/moveit_chomp_optimizer_adapter:/home/khamrouni/ws_moveit/install/chomp_motion_planner:/home/khamrouni/ws_moveit/install/moveit_core:/home/khamrouni/ws_moveit/install/srdfdom:/home/khamrouni/ws_moveit/install/rviz_marker_tools:/home/khamrouni/ws_moveit/install/rosparam_shortcuts:/home/khamrouni/ws_moveit/install/moveit_task_constructor_msgs:/home/khamrouni/ws_moveit/install/moveit_resources_prbt_support:/home/khamrouni/ws_moveit/install/moveit_resources:/home/khamrouni/ws_moveit/install/moveit_resources_pr2_description:/home/khamrouni/ws_moveit/install/moveit_resources_panda_moveit_config:/home/khamrouni/ws_moveit/install/moveit_resources_panda_description:/home/khamrouni/ws_moveit/install/moveit_resources_fanuc_moveit_config:/home/khamrouni/ws_moveit/install/moveit_resources_fanuc_description:/home/khamrouni/ws_moveit/install/moveit_common:/home/khamrouni/robot_ws/install/iiwa_description:/home/khamrouni/ros2_ws/install/polygon_base:/home/khamrouni/ros2_ws/install/iiwa_bringup:/home/khamrouni/ros2_ws/install/iiwa_description:/home/khamrouni/ros2_ws/install/examples_rclcpp_minimal_action_client:/home/khamrouni/ros2_ws/install/examples_rclcpp_cbg_executor:/home/khamrouni/ros2_ws/install/examples_rclcpp_async_client:/home/khamrouni/ros2_ws/install/cpp_parameters:/home/khamrouni/auctus/work/kuka_robot/install/lbr_demos_py:/home/khamrouni/auctus/work/kuka_robot/install/lbr_moveit:/home/khamrouni/auctus/work/kuka_robot/install/lbr_demos_advanced_py:/home/khamrouni/ws_moveit/install/moveit_configs_utils:/home/khamrouni/ws_moveit/install/launch_param_builder:/opt/ros/humble /usr/bin/cmake --build /home/khamrouni/lbr-stack/src/lbr_fri_ros2_stack/build/med14_moveit_config -- -j8 -l8
[6.078s] DEBUG:colcon.colcon_core.event_handler.log_command:Invoked command in '/home/khamrouni/lbr-stack/src/lbr_fri_ros2_stack/build/iiwa14_moveit_config' returned '0': AMENT_PREFIX_PATH=/home/khamrouni/lbr-stack/src/lbr_fri_ros2_stack/install/lbr_description:${AMENT_PREFIX_PATH} CMAKE_PREFIX_PATH=/home/khamrouni/lbr-stack/src/lbr_fri_ros2_stack/install/lbr_description:/home/khamrouni/auctus/work/kuka_robot/install/velocity_controller:/home/khamrouni/auctus/work/kuka_robot/install/med7_moveit_config:/home/khamrouni/auctus/work/kuka_robot/install/med14_moveit_config:/home/khamrouni/auctus/work/kuka_robot/install/lbr_fri_ros2_stack:/home/khamrouni/auctus/work/kuka_robot/install/lbr_demos_cpp:/home/khamrouni/auctus/work/kuka_robot/install/lbr_bringup:/home/khamrouni/auctus/work/kuka_robot/install/lbr_ros2_control:/home/khamrouni/auctus/work/kuka_robot/install/lbr_moveit_cpp:/home/khamrouni/auctus/work/kuka_robot/install/lbr_demos_advanced_cpp:/home/khamrouni/auctus/work/kuka_robot/install/lbr_fri_ros2:/home/khamrouni/auctus/work/kuka_robot/install/lbr_fri_idl:/home/khamrouni/auctus/work/kuka_robot/install/iiwa7_moveit_config:/home/khamrouni/auctus/work/kuka_robot/install/iiwa14_moveit_config:/home/khamrouni/auctus/work/kuka_robot/install/lbr_description:/home/khamrouni/auctus/work/kuka_robot/install/fri_client_sdk:/home/khamrouni/ws_moveit/install/pilz_industrial_motion_planner_testutils:/home/khamrouni/ws_moveit/install/moveit_runtime:/home/khamrouni/ws_moveit/install/moveit2_tutorials:/home/khamrouni/ws_moveit/install/moveit:/home/khamrouni/ws_moveit/install/moveit_planners:/home/khamrouni/ws_moveit/install/pilz_industrial_motion_planner:/home/khamrouni/ws_moveit/install/moveit_visual_tools:/home/khamrouni/ws_moveit/install/moveit_task_constructor_visualization:/home/khamrouni/ws_moveit/install/moveit_task_constructor_demo:/home/khamrouni/ws_moveit/install/moveit_task_constructor_capabilities:/home/khamrouni/ws_moveit/install/moveit_task_constructor_core:/home/khamrouni/ws_moveit/install/moveit_ros_control_interface:/home/khamrouni/ws_moveit/install/moveit_plugins:/home/khamrouni/ws_moveit/install/moveit_simple_controller_manager:/home/khamrouni/ws_moveit/install/moveit_setup_assistant:/home/khamrouni/ws_moveit/install/moveit_setup_srdf_plugins:/home/khamrouni/ws_moveit/install/moveit_setup_core_plugins:/home/khamrouni/ws_moveit/install/moveit_setup_controllers:/home/khamrouni/ws_moveit/install/moveit_setup_app_plugins:/home/khamrouni/ws_moveit/install/moveit_setup_framework:/home/khamrouni/ws_moveit/install/moveit_servo:/home/khamrouni/ws_moveit/install/moveit_ros:/home/khamrouni/ws_moveit/install/moveit_ros_visualization:/home/khamrouni/ws_moveit/install/moveit_hybrid_planning:/home/khamrouni/ws_moveit/install/move_program:/home/khamrouni/ws_moveit/install/hello_moveit:/home/khamrouni/ws_moveit/install/moveit_ros_planning_interface:/home/khamrouni/ws_moveit/install/moveit_ros_benchmarks:/home/khamrouni/ws_moveit/install/moveit_ros_warehouse:/home/khamrouni/ws_moveit/install/moveit_ros_robot_interaction:/home/khamrouni/ws_moveit/install/moveit_ros_perception:/home/khamrouni/ws_moveit/install/moveit_resources_prbt_pg70_support:/home/khamrouni/ws_moveit/install/moveit_resources_prbt_moveit_config:/home/khamrouni/ws_moveit/install/moveit_ros_move_group:/home/khamrouni/ws_moveit/install/moveit_planners_ompl:/home/khamrouni/ws_moveit/install/moveit_ros_planning:/home/khamrouni/ws_moveit/install/moveit_ros_occupancy_map_monitor:/home/khamrouni/ws_moveit/install/moveit_resources_prbt_ikfast_manipulator_plugin:/home/khamrouni/ws_moveit/install/moveit_planners_chomp:/home/khamrouni/ws_moveit/install/moveit_kinematics:/home/khamrouni/ws_moveit/install/moveit_chomp_optimizer_adapter:/home/khamrouni/ws_moveit/install/chomp_motion_planner:/home/khamrouni/ws_moveit/install/moveit_core:/home/khamrouni/ws_moveit/install/srdfdom:/home/khamrouni/ws_moveit/install/rviz_marker_tools:/home/khamrouni/ws_moveit/install/rosparam_shortcuts:/home/khamrouni/ws_moveit/install/moveit_task_constructor_msgs:/home/khamrouni/ws_moveit/install/moveit_resources_prbt_support:/home/khamrouni/ws_moveit/install/moveit_resources:/home/khamrouni/ws_moveit/install/moveit_resources_pr2_description:/home/khamrouni/ws_moveit/install/moveit_resources_panda_moveit_config:/home/khamrouni/ws_moveit/install/moveit_resources_panda_description:/home/khamrouni/ws_moveit/install/moveit_resources_fanuc_moveit_config:/home/khamrouni/ws_moveit/install/moveit_resources_fanuc_description:/home/khamrouni/ws_moveit/install/moveit_common:/home/khamrouni/robot_ws/install/iiwa_description:/home/khamrouni/ros2_ws/install/polygon_base:/home/khamrouni/ros2_ws/install/iiwa_bringup:/home/khamrouni/ros2_ws/install/iiwa_description:/home/khamrouni/ros2_ws/install/examples_rclcpp_minimal_action_client:/home/khamrouni/ros2_ws/install/examples_rclcpp_cbg_executor:/home/khamrouni/ros2_ws/install/examples_rclcpp_async_client:/home/khamrouni/ros2_ws/install/cpp_parameters:/home/khamrouni/auctus/work/kuka_robot/install/lbr_demos_py:/home/khamrouni/auctus/work/kuka_robot/install/lbr_moveit:/home/khamrouni/auctus/work/kuka_robot/install/lbr_demos_advanced_py:/home/khamrouni/ws_moveit/install/moveit_configs_utils:/home/khamrouni/ws_moveit/install/launch_param_builder:/opt/ros/humble /usr/bin/cmake --build /home/khamrouni/lbr-stack/src/lbr_fri_ros2_stack/build/iiwa14_moveit_config -- -j8 -l8
[6.084s] DEBUG:colcon.colcon_core.event_handler.log_command:Invoking command in '/home/khamrouni/lbr-stack/src/lbr_fri_ros2_stack/build/iiwa14_moveit_config': AMENT_PREFIX_PATH=/home/khamrouni/lbr-stack/src/lbr_fri_ros2_stack/install/lbr_description:${AMENT_PREFIX_PATH} CMAKE_PREFIX_PATH=/home/khamrouni/lbr-stack/src/lbr_fri_ros2_stack/install/lbr_description:/home/khamrouni/auctus/work/kuka_robot/install/velocity_controller:/home/khamrouni/auctus/work/kuka_robot/install/med7_moveit_config:/home/khamrouni/auctus/work/kuka_robot/install/med14_moveit_config:/home/khamrouni/auctus/work/kuka_robot/install/lbr_fri_ros2_stack:/home/khamrouni/auctus/work/kuka_robot/install/lbr_demos_cpp:/home/khamrouni/auctus/work/kuka_robot/install/lbr_bringup:/home/khamrouni/auctus/work/kuka_robot/install/lbr_ros2_control:/home/khamrouni/auctus/work/kuka_robot/install/lbr_moveit_cpp:/home/khamrouni/auctus/work/kuka_robot/install/lbr_demos_advanced_cpp:/home/khamrouni/auctus/work/kuka_robot/install/lbr_fri_ros2:/home/khamrouni/auctus/work/kuka_robot/install/lbr_fri_idl:/home/khamrouni/auctus/work/kuka_robot/install/iiwa7_moveit_config:/home/khamrouni/auctus/work/kuka_robot/install/iiwa14_moveit_config:/home/khamrouni/auctus/work/kuka_robot/install/lbr_description:/home/khamrouni/auctus/work/kuka_robot/install/fri_client_sdk:/home/khamrouni/ws_moveit/install/pilz_industrial_motion_planner_testutils:/home/khamrouni/ws_moveit/install/moveit_runtime:/home/khamrouni/ws_moveit/install/moveit2_tutorials:/home/khamrouni/ws_moveit/install/moveit:/home/khamrouni/ws_moveit/install/moveit_planners:/home/khamrouni/ws_moveit/install/pilz_industrial_motion_planner:/home/khamrouni/ws_moveit/install/moveit_visual_tools:/home/khamrouni/ws_moveit/install/moveit_task_constructor_visualization:/home/khamrouni/ws_moveit/install/moveit_task_constructor_demo:/home/khamrouni/ws_moveit/install/moveit_task_constructor_capabilities:/home/khamrouni/ws_moveit/install/moveit_task_constructor_core:/home/khamrouni/ws_moveit/install/moveit_ros_control_interface:/home/khamrouni/ws_moveit/install/moveit_plugins:/home/khamrouni/ws_moveit/install/moveit_simple_controller_manager:/home/khamrouni/ws_moveit/install/moveit_setup_assistant:/home/khamrouni/ws_moveit/install/moveit_setup_srdf_plugins:/home/khamrouni/ws_moveit/install/moveit_setup_core_plugins:/home/khamrouni/ws_moveit/install/moveit_setup_controllers:/home/khamrouni/ws_moveit/install/moveit_setup_app_plugins:/home/khamrouni/ws_moveit/install/moveit_setup_framework:/home/khamrouni/ws_moveit/install/moveit_servo:/home/khamrouni/ws_moveit/install/moveit_ros:/home/khamrouni/ws_moveit/install/moveit_ros_visualization:/home/khamrouni/ws_moveit/install/moveit_hybrid_planning:/home/khamrouni/ws_moveit/install/move_program:/home/khamrouni/ws_moveit/install/hello_moveit:/home/khamrouni/ws_moveit/install/moveit_ros_planning_interface:/home/khamrouni/ws_moveit/install/moveit_ros_benchmarks:/home/khamrouni/ws_moveit/install/moveit_ros_warehouse:/home/khamrouni/ws_moveit/install/moveit_ros_robot_interaction:/home/khamrouni/ws_moveit/install/moveit_ros_perception:/home/khamrouni/ws_moveit/install/moveit_resources_prbt_pg70_support:/home/khamrouni/ws_moveit/install/moveit_resources_prbt_moveit_config:/home/khamrouni/ws_moveit/install/moveit_ros_move_group:/home/khamrouni/ws_moveit/install/moveit_planners_ompl:/home/khamrouni/ws_moveit/install/moveit_ros_planning:/home/khamrouni/ws_moveit/install/moveit_ros_occupancy_map_monitor:/home/khamrouni/ws_moveit/install/moveit_resources_prbt_ikfast_manipulator_plugin:/home/khamrouni/ws_moveit/install/moveit_planners_chomp:/home/khamrouni/ws_moveit/install/moveit_kinematics:/home/khamrouni/ws_moveit/install/moveit_chomp_optimizer_adapter:/home/khamrouni/ws_moveit/install/chomp_motion_planner:/home/khamrouni/ws_moveit/install/moveit_core:/home/khamrouni/ws_moveit/install/srdfdom:/home/khamrouni/ws_moveit/install/rviz_marker_tools:/home/khamrouni/ws_moveit/install/rosparam_shortcuts:/home/khamrouni/ws_moveit/install/moveit_task_constructor_msgs:/home/khamrouni/ws_moveit/install/moveit_resources_prbt_support:/home/khamrouni/ws_moveit/install/moveit_resources:/home/khamrouni/ws_moveit/install/moveit_resources_pr2_description:/home/khamrouni/ws_moveit/install/moveit_resources_panda_moveit_config:/home/khamrouni/ws_moveit/install/moveit_resources_panda_description:/home/khamrouni/ws_moveit/install/moveit_resources_fanuc_moveit_config:/home/khamrouni/ws_moveit/install/moveit_resources_fanuc_description:/home/khamrouni/ws_moveit/install/moveit_common:/home/khamrouni/robot_ws/install/iiwa_description:/home/khamrouni/ros2_ws/install/polygon_base:/home/khamrouni/ros2_ws/install/iiwa_bringup:/home/khamrouni/ros2_ws/install/iiwa_description:/home/khamrouni/ros2_ws/install/examples_rclcpp_minimal_action_client:/home/khamrouni/ros2_ws/install/examples_rclcpp_cbg_executor:/home/khamrouni/ros2_ws/install/examples_rclcpp_async_client:/home/khamrouni/ros2_ws/install/cpp_parameters:/home/khamrouni/auctus/work/kuka_robot/install/lbr_demos_py:/home/khamrouni/auctus/work/kuka_robot/install/lbr_moveit:/home/khamrouni/auctus/work/kuka_robot/install/lbr_demos_advanced_py:/home/khamrouni/ws_moveit/install/moveit_configs_utils:/home/khamrouni/ws_moveit/install/launch_param_builder:/opt/ros/humble /usr/bin/cmake --install /home/khamrouni/lbr-stack/src/lbr_fri_ros2_stack/build/iiwa14_moveit_config
[6.100s] DEBUG:colcon.colcon_core.event_handler.log_command:Invoked command in '/home/khamrouni/lbr-stack/src/lbr_fri_ros2_stack/build/iiwa7_moveit_config' returned '0': AMENT_PREFIX_PATH=/home/khamrouni/lbr-stack/src/lbr_fri_ros2_stack/install/lbr_description:${AMENT_PREFIX_PATH} CMAKE_PREFIX_PATH=/home/khamrouni/lbr-stack/src/lbr_fri_ros2_stack/install/lbr_description:/home/khamrouni/auctus/work/kuka_robot/install/velocity_controller:/home/khamrouni/auctus/work/kuka_robot/install/med7_moveit_config:/home/khamrouni/auctus/work/kuka_robot/install/med14_moveit_config:/home/khamrouni/auctus/work/kuka_robot/install/lbr_fri_ros2_stack:/home/khamrouni/auctus/work/kuka_robot/install/lbr_demos_cpp:/home/khamrouni/auctus/work/kuka_robot/install/lbr_bringup:/home/khamrouni/auctus/work/kuka_robot/install/lbr_ros2_control:/home/khamrouni/auctus/work/kuka_robot/install/lbr_moveit_cpp:/home/khamrouni/auctus/work/kuka_robot/install/lbr_demos_advanced_cpp:/home/khamrouni/auctus/work/kuka_robot/install/lbr_fri_ros2:/home/khamrouni/auctus/work/kuka_robot/install/lbr_fri_idl:/home/khamrouni/auctus/work/kuka_robot/install/iiwa7_moveit_config:/home/khamrouni/auctus/work/kuka_robot/install/iiwa14_moveit_config:/home/khamrouni/auctus/work/kuka_robot/install/lbr_description:/home/khamrouni/auctus/work/kuka_robot/install/fri_client_sdk:/home/khamrouni/ws_moveit/install/pilz_industrial_motion_planner_testutils:/home/khamrouni/ws_moveit/install/moveit_runtime:/home/khamrouni/ws_moveit/install/moveit2_tutorials:/home/khamrouni/ws_moveit/install/moveit:/home/khamrouni/ws_moveit/install/moveit_planners:/home/khamrouni/ws_moveit/install/pilz_industrial_motion_planner:/home/khamrouni/ws_moveit/install/moveit_visual_tools:/home/khamrouni/ws_moveit/install/moveit_task_constructor_visualization:/home/khamrouni/ws_moveit/install/moveit_task_constructor_demo:/home/khamrouni/ws_moveit/install/moveit_task_constructor_capabilities:/home/khamrouni/ws_moveit/install/moveit_task_constructor_core:/home/khamrouni/ws_moveit/install/moveit_ros_control_interface:/home/khamrouni/ws_moveit/install/moveit_plugins:/home/khamrouni/ws_moveit/install/moveit_simple_controller_manager:/home/khamrouni/ws_moveit/install/moveit_setup_assistant:/home/khamrouni/ws_moveit/install/moveit_setup_srdf_plugins:/home/khamrouni/ws_moveit/install/moveit_setup_core_plugins:/home/khamrouni/ws_moveit/install/moveit_setup_controllers:/home/khamrouni/ws_moveit/install/moveit_setup_app_plugins:/home/khamrouni/ws_moveit/install/moveit_setup_framework:/home/khamrouni/ws_moveit/install/moveit_servo:/home/khamrouni/ws_moveit/install/moveit_ros:/home/khamrouni/ws_moveit/install/moveit_ros_visualization:/home/khamrouni/ws_moveit/install/moveit_hybrid_planning:/home/khamrouni/ws_moveit/install/move_program:/home/khamrouni/ws_moveit/install/hello_moveit:/home/khamrouni/ws_moveit/install/moveit_ros_planning_interface:/home/khamrouni/ws_moveit/install/moveit_ros_benchmarks:/home/khamrouni/ws_moveit/install/moveit_ros_warehouse:/home/khamrouni/ws_moveit/install/moveit_ros_robot_interaction:/home/khamrouni/ws_moveit/install/moveit_ros_perception:/home/khamrouni/ws_moveit/install/moveit_resources_prbt_pg70_support:/home/khamrouni/ws_moveit/install/moveit_resources_prbt_moveit_config:/home/khamrouni/ws_moveit/install/moveit_ros_move_group:/home/khamrouni/ws_moveit/install/moveit_planners_ompl:/home/khamrouni/ws_moveit/install/moveit_ros_planning:/home/khamrouni/ws_moveit/install/moveit_ros_occupancy_map_monitor:/home/khamrouni/ws_moveit/install/moveit_resources_prbt_ikfast_manipulator_plugin:/home/khamrouni/ws_moveit/install/moveit_planners_chomp:/home/khamrouni/ws_moveit/install/moveit_kinematics:/home/khamrouni/ws_moveit/install/moveit_chomp_optimizer_adapter:/home/khamrouni/ws_moveit/install/chomp_motion_planner:/home/khamrouni/ws_moveit/install/moveit_core:/home/khamrouni/ws_moveit/install/srdfdom:/home/khamrouni/ws_moveit/install/rviz_marker_tools:/home/khamrouni/ws_moveit/install/rosparam_shortcuts:/home/khamrouni/ws_moveit/install/moveit_task_constructor_msgs:/home/khamrouni/ws_moveit/install/moveit_resources_prbt_support:/home/khamrouni/ws_moveit/install/moveit_resources:/home/khamrouni/ws_moveit/install/moveit_resources_pr2_description:/home/khamrouni/ws_moveit/install/moveit_resources_panda_moveit_config:/home/khamrouni/ws_moveit/install/moveit_resources_panda_description:/home/khamrouni/ws_moveit/install/moveit_resources_fanuc_moveit_config:/home/khamrouni/ws_moveit/install/moveit_resources_fanuc_description:/home/khamrouni/ws_moveit/install/moveit_common:/home/khamrouni/robot_ws/install/iiwa_description:/home/khamrouni/ros2_ws/install/polygon_base:/home/khamrouni/ros2_ws/install/iiwa_bringup:/home/khamrouni/ros2_ws/install/iiwa_description:/home/khamrouni/ros2_ws/install/examples_rclcpp_minimal_action_client:/home/khamrouni/ros2_ws/install/examples_rclcpp_cbg_executor:/home/khamrouni/ros2_ws/install/examples_rclcpp_async_client:/home/khamrouni/ros2_ws/install/cpp_parameters:/home/khamrouni/auctus/work/kuka_robot/install/lbr_demos_py:/home/khamrouni/auctus/work/kuka_robot/install/lbr_moveit:/home/khamrouni/auctus/work/kuka_robot/install/lbr_demos_advanced_py:/home/khamrouni/ws_moveit/install/moveit_configs_utils:/home/khamrouni/ws_moveit/install/launch_param_builder:/opt/ros/humble /usr/bin/cmake --build /home/khamrouni/lbr-stack/src/lbr_fri_ros2_stack/build/iiwa7_moveit_config -- -j8 -l8
[6.104s] DEBUG:colcon.colcon_core.event_handler.log_command:Invoking command in '/home/khamrouni/lbr-stack/src/lbr_fri_ros2_stack/build/iiwa7_moveit_config': AMENT_PREFIX_PATH=/home/khamrouni/lbr-stack/src/lbr_fri_ros2_stack/install/lbr_description:${AMENT_PREFIX_PATH} CMAKE_PREFIX_PATH=/home/khamrouni/lbr-stack/src/lbr_fri_ros2_stack/install/lbr_description:/home/khamrouni/auctus/work/kuka_robot/install/velocity_controller:/home/khamrouni/auctus/work/kuka_robot/install/med7_moveit_config:/home/khamrouni/auctus/work/kuka_robot/install/med14_moveit_config:/home/khamrouni/auctus/work/kuka_robot/install/lbr_fri_ros2_stack:/home/khamrouni/auctus/work/kuka_robot/install/lbr_demos_cpp:/home/khamrouni/auctus/work/kuka_robot/install/lbr_bringup:/home/khamrouni/auctus/work/kuka_robot/install/lbr_ros2_control:/home/khamrouni/auctus/work/kuka_robot/install/lbr_moveit_cpp:/home/khamrouni/auctus/work/kuka_robot/install/lbr_demos_advanced_cpp:/home/khamrouni/auctus/work/kuka_robot/install/lbr_fri_ros2:/home/khamrouni/auctus/work/kuka_robot/install/lbr_fri_idl:/home/khamrouni/auctus/work/kuka_robot/install/iiwa7_moveit_config:/home/khamrouni/auctus/work/kuka_robot/install/iiwa14_moveit_config:/home/khamrouni/auctus/work/kuka_robot/install/lbr_description:/home/khamrouni/auctus/work/kuka_robot/install/fri_client_sdk:/home/khamrouni/ws_moveit/install/pilz_industrial_motion_planner_testutils:/home/khamrouni/ws_moveit/install/moveit_runtime:/home/khamrouni/ws_moveit/install/moveit2_tutorials:/home/khamrouni/ws_moveit/install/moveit:/home/khamrouni/ws_moveit/install/moveit_planners:/home/khamrouni/ws_moveit/install/pilz_industrial_motion_planner:/home/khamrouni/ws_moveit/install/moveit_visual_tools:/home/khamrouni/ws_moveit/install/moveit_task_constructor_visualization:/home/khamrouni/ws_moveit/install/moveit_task_constructor_demo:/home/khamrouni/ws_moveit/install/moveit_task_constructor_capabilities:/home/khamrouni/ws_moveit/install/moveit_task_constructor_core:/home/khamrouni/ws_moveit/install/moveit_ros_control_interface:/home/khamrouni/ws_moveit/install/moveit_plugins:/home/khamrouni/ws_moveit/install/moveit_simple_controller_manager:/home/khamrouni/ws_moveit/install/moveit_setup_assistant:/home/khamrouni/ws_moveit/install/moveit_setup_srdf_plugins:/home/khamrouni/ws_moveit/install/moveit_setup_core_plugins:/home/khamrouni/ws_moveit/install/moveit_setup_controllers:/home/khamrouni/ws_moveit/install/moveit_setup_app_plugins:/home/khamrouni/ws_moveit/install/moveit_setup_framework:/home/khamrouni/ws_moveit/install/moveit_servo:/home/khamrouni/ws_moveit/install/moveit_ros:/home/khamrouni/ws_moveit/install/moveit_ros_visualization:/home/khamrouni/ws_moveit/install/moveit_hybrid_planning:/home/khamrouni/ws_moveit/install/move_program:/home/khamrouni/ws_moveit/install/hello_moveit:/home/khamrouni/ws_moveit/install/moveit_ros_planning_interface:/home/khamrouni/ws_moveit/install/moveit_ros_benchmarks:/home/khamrouni/ws_moveit/install/moveit_ros_warehouse:/home/khamrouni/ws_moveit/install/moveit_ros_robot_interaction:/home/khamrouni/ws_moveit/install/moveit_ros_perception:/home/khamrouni/ws_moveit/install/moveit_resources_prbt_pg70_support:/home/khamrouni/ws_moveit/install/moveit_resources_prbt_moveit_config:/home/khamrouni/ws_moveit/install/moveit_ros_move_group:/home/khamrouni/ws_moveit/install/moveit_planners_ompl:/home/khamrouni/ws_moveit/install/moveit_ros_planning:/home/khamrouni/ws_moveit/install/moveit_ros_occupancy_map_monitor:/home/khamrouni/ws_moveit/install/moveit_resources_prbt_ikfast_manipulator_plugin:/home/khamrouni/ws_moveit/install/moveit_planners_chomp:/home/khamrouni/ws_moveit/install/moveit_kinematics:/home/khamrouni/ws_moveit/install/moveit_chomp_optimizer_adapter:/home/khamrouni/ws_moveit/install/chomp_motion_planner:/home/khamrouni/ws_moveit/install/moveit_core:/home/khamrouni/ws_moveit/install/srdfdom:/home/khamrouni/ws_moveit/install/rviz_marker_tools:/home/khamrouni/ws_moveit/install/rosparam_shortcuts:/home/khamrouni/ws_moveit/install/moveit_task_constructor_msgs:/home/khamrouni/ws_moveit/install/moveit_resources_prbt_support:/home/khamrouni/ws_moveit/install/moveit_resources:/home/khamrouni/ws_moveit/install/moveit_resources_pr2_description:/home/khamrouni/ws_moveit/install/moveit_resources_panda_moveit_config:/home/khamrouni/ws_moveit/install/moveit_resources_panda_description:/home/khamrouni/ws_moveit/install/moveit_resources_fanuc_moveit_config:/home/khamrouni/ws_moveit/install/moveit_resources_fanuc_description:/home/khamrouni/ws_moveit/install/moveit_common:/home/khamrouni/robot_ws/install/iiwa_description:/home/khamrouni/ros2_ws/install/polygon_base:/home/khamrouni/ros2_ws/install/iiwa_bringup:/home/khamrouni/ros2_ws/install/iiwa_description:/home/khamrouni/ros2_ws/install/examples_rclcpp_minimal_action_client:/home/khamrouni/ros2_ws/install/examples_rclcpp_cbg_executor:/home/khamrouni/ros2_ws/install/examples_rclcpp_async_client:/home/khamrouni/ros2_ws/install/cpp_parameters:/home/khamrouni/auctus/work/kuka_robot/install/lbr_demos_py:/home/khamrouni/auctus/work/kuka_robot/install/lbr_moveit:/home/khamrouni/auctus/work/kuka_robot/install/lbr_demos_advanced_py:/home/khamrouni/ws_moveit/install/moveit_configs_utils:/home/khamrouni/ws_moveit/install/launch_param_builder:/opt/ros/humble /usr/bin/cmake --install /home/khamrouni/lbr-stack/src/lbr_fri_ros2_stack/build/iiwa7_moveit_config
[6.108s] DEBUG:colcon.colcon_core.event_handler.log_command:Invoked command in '/home/khamrouni/lbr-stack/src/lbr_fri_ros2_stack/build/med7_moveit_config' returned '0': AMENT_PREFIX_PATH=/home/khamrouni/lbr-stack/src/lbr_fri_ros2_stack/install/lbr_description:${AMENT_PREFIX_PATH} CMAKE_PREFIX_PATH=/home/khamrouni/lbr-stack/src/lbr_fri_ros2_stack/install/lbr_description:/home/khamrouni/auctus/work/kuka_robot/install/velocity_controller:/home/khamrouni/auctus/work/kuka_robot/install/med7_moveit_config:/home/khamrouni/auctus/work/kuka_robot/install/med14_moveit_config:/home/khamrouni/auctus/work/kuka_robot/install/lbr_fri_ros2_stack:/home/khamrouni/auctus/work/kuka_robot/install/lbr_demos_cpp:/home/khamrouni/auctus/work/kuka_robot/install/lbr_bringup:/home/khamrouni/auctus/work/kuka_robot/install/lbr_ros2_control:/home/khamrouni/auctus/work/kuka_robot/install/lbr_moveit_cpp:/home/khamrouni/auctus/work/kuka_robot/install/lbr_demos_advanced_cpp:/home/khamrouni/auctus/work/kuka_robot/install/lbr_fri_ros2:/home/khamrouni/auctus/work/kuka_robot/install/lbr_fri_idl:/home/khamrouni/auctus/work/kuka_robot/install/iiwa7_moveit_config:/home/khamrouni/auctus/work/kuka_robot/install/iiwa14_moveit_config:/home/khamrouni/auctus/work/kuka_robot/install/lbr_description:/home/khamrouni/auctus/work/kuka_robot/install/fri_client_sdk:/home/khamrouni/ws_moveit/install/pilz_industrial_motion_planner_testutils:/home/khamrouni/ws_moveit/install/moveit_runtime:/home/khamrouni/ws_moveit/install/moveit2_tutorials:/home/khamrouni/ws_moveit/install/moveit:/home/khamrouni/ws_moveit/install/moveit_planners:/home/khamrouni/ws_moveit/install/pilz_industrial_motion_planner:/home/khamrouni/ws_moveit/install/moveit_visual_tools:/home/khamrouni/ws_moveit/install/moveit_task_constructor_visualization:/home/khamrouni/ws_moveit/install/moveit_task_constructor_demo:/home/khamrouni/ws_moveit/install/moveit_task_constructor_capabilities:/home/khamrouni/ws_moveit/install/moveit_task_constructor_core:/home/khamrouni/ws_moveit/install/moveit_ros_control_interface:/home/khamrouni/ws_moveit/install/moveit_plugins:/home/khamrouni/ws_moveit/install/moveit_simple_controller_manager:/home/khamrouni/ws_moveit/install/moveit_setup_assistant:/home/khamrouni/ws_moveit/install/moveit_setup_srdf_plugins:/home/khamrouni/ws_moveit/install/moveit_setup_core_plugins:/home/khamrouni/ws_moveit/install/moveit_setup_controllers:/home/khamrouni/ws_moveit/install/moveit_setup_app_plugins:/home/khamrouni/ws_moveit/install/moveit_setup_framework:/home/khamrouni/ws_moveit/install/moveit_servo:/home/khamrouni/ws_moveit/install/moveit_ros:/home/khamrouni/ws_moveit/install/moveit_ros_visualization:/home/khamrouni/ws_moveit/install/moveit_hybrid_planning:/home/khamrouni/ws_moveit/install/move_program:/home/khamrouni/ws_moveit/install/hello_moveit:/home/khamrouni/ws_moveit/install/moveit_ros_planning_interface:/home/khamrouni/ws_moveit/install/moveit_ros_benchmarks:/home/khamrouni/ws_moveit/install/moveit_ros_warehouse:/home/khamrouni/ws_moveit/install/moveit_ros_robot_interaction:/home/khamrouni/ws_moveit/install/moveit_ros_perception:/home/khamrouni/ws_moveit/install/moveit_resources_prbt_pg70_support:/home/khamrouni/ws_moveit/install/moveit_resources_prbt_moveit_config:/home/khamrouni/ws_moveit/install/moveit_ros_move_group:/home/khamrouni/ws_moveit/install/moveit_planners_ompl:/home/khamrouni/ws_moveit/install/moveit_ros_planning:/home/khamrouni/ws_moveit/install/moveit_ros_occupancy_map_monitor:/home/khamrouni/ws_moveit/install/moveit_resources_prbt_ikfast_manipulator_plugin:/home/khamrouni/ws_moveit/install/moveit_planners_chomp:/home/khamrouni/ws_moveit/install/moveit_kinematics:/home/khamrouni/ws_moveit/install/moveit_chomp_optimizer_adapter:/home/khamrouni/ws_moveit/install/chomp_motion_planner:/home/khamrouni/ws_moveit/install/moveit_core:/home/khamrouni/ws_moveit/install/srdfdom:/home/khamrouni/ws_moveit/install/rviz_marker_tools:/home/khamrouni/ws_moveit/install/rosparam_shortcuts:/home/khamrouni/ws_moveit/install/moveit_task_constructor_msgs:/home/khamrouni/ws_moveit/install/moveit_resources_prbt_support:/home/khamrouni/ws_moveit/install/moveit_resources:/home/khamrouni/ws_moveit/install/moveit_resources_pr2_description:/home/khamrouni/ws_moveit/install/moveit_resources_panda_moveit_config:/home/khamrouni/ws_moveit/install/moveit_resources_panda_description:/home/khamrouni/ws_moveit/install/moveit_resources_fanuc_moveit_config:/home/khamrouni/ws_moveit/install/moveit_resources_fanuc_description:/home/khamrouni/ws_moveit/install/moveit_common:/home/khamrouni/robot_ws/install/iiwa_description:/home/khamrouni/ros2_ws/install/polygon_base:/home/khamrouni/ros2_ws/install/iiwa_bringup:/home/khamrouni/ros2_ws/install/iiwa_description:/home/khamrouni/ros2_ws/install/examples_rclcpp_minimal_action_client:/home/khamrouni/ros2_ws/install/examples_rclcpp_cbg_executor:/home/khamrouni/ros2_ws/install/examples_rclcpp_async_client:/home/khamrouni/ros2_ws/install/cpp_parameters:/home/khamrouni/auctus/work/kuka_robot/install/lbr_demos_py:/home/khamrouni/auctus/work/kuka_robot/install/lbr_moveit:/home/khamrouni/auctus/work/kuka_robot/install/lbr_demos_advanced_py:/home/khamrouni/ws_moveit/install/moveit_configs_utils:/home/khamrouni/ws_moveit/install/launch_param_builder:/opt/ros/humble /usr/bin/cmake --build /home/khamrouni/lbr-stack/src/lbr_fri_ros2_stack/build/med7_moveit_config -- -j8 -l8
[6.113s] DEBUG:colcon.colcon_core.event_handler.log_command:Invoking command in '/home/khamrouni/lbr-stack/src/lbr_fri_ros2_stack/build/med7_moveit_config': AMENT_PREFIX_PATH=/home/khamrouni/lbr-stack/src/lbr_fri_ros2_stack/install/lbr_description:${AMENT_PREFIX_PATH} CMAKE_PREFIX_PATH=/home/khamrouni/lbr-stack/src/lbr_fri_ros2_stack/install/lbr_description:/home/khamrouni/auctus/work/kuka_robot/install/velocity_controller:/home/khamrouni/auctus/work/kuka_robot/install/med7_moveit_config:/home/khamrouni/auctus/work/kuka_robot/install/med14_moveit_config:/home/khamrouni/auctus/work/kuka_robot/install/lbr_fri_ros2_stack:/home/khamrouni/auctus/work/kuka_robot/install/lbr_demos_cpp:/home/khamrouni/auctus/work/kuka_robot/install/lbr_bringup:/home/khamrouni/auctus/work/kuka_robot/install/lbr_ros2_control:/home/khamrouni/auctus/work/kuka_robot/install/lbr_moveit_cpp:/home/khamrouni/auctus/work/kuka_robot/install/lbr_demos_advanced_cpp:/home/khamrouni/auctus/work/kuka_robot/install/lbr_fri_ros2:/home/khamrouni/auctus/work/kuka_robot/install/lbr_fri_idl:/home/khamrouni/auctus/work/kuka_robot/install/iiwa7_moveit_config:/home/khamrouni/auctus/work/kuka_robot/install/iiwa14_moveit_config:/home/khamrouni/auctus/work/kuka_robot/install/lbr_description:/home/khamrouni/auctus/work/kuka_robot/install/fri_client_sdk:/home/khamrouni/ws_moveit/install/pilz_industrial_motion_planner_testutils:/home/khamrouni/ws_moveit/install/moveit_runtime:/home/khamrouni/ws_moveit/install/moveit2_tutorials:/home/khamrouni/ws_moveit/install/moveit:/home/khamrouni/ws_moveit/install/moveit_planners:/home/khamrouni/ws_moveit/install/pilz_industrial_motion_planner:/home/khamrouni/ws_moveit/install/moveit_visual_tools:/home/khamrouni/ws_moveit/install/moveit_task_constructor_visualization:/home/khamrouni/ws_moveit/install/moveit_task_constructor_demo:/home/khamrouni/ws_moveit/install/moveit_task_constructor_capabilities:/home/khamrouni/ws_moveit/install/moveit_task_constructor_core:/home/khamrouni/ws_moveit/install/moveit_ros_control_interface:/home/khamrouni/ws_moveit/install/moveit_plugins:/home/khamrouni/ws_moveit/install/moveit_simple_controller_manager:/home/khamrouni/ws_moveit/install/moveit_setup_assistant:/home/khamrouni/ws_moveit/install/moveit_setup_srdf_plugins:/home/khamrouni/ws_moveit/install/moveit_setup_core_plugins:/home/khamrouni/ws_moveit/install/moveit_setup_controllers:/home/khamrouni/ws_moveit/install/moveit_setup_app_plugins:/home/khamrouni/ws_moveit/install/moveit_setup_framework:/home/khamrouni/ws_moveit/install/moveit_servo:/home/khamrouni/ws_moveit/install/moveit_ros:/home/khamrouni/ws_moveit/install/moveit_ros_visualization:/home/khamrouni/ws_moveit/install/moveit_hybrid_planning:/home/khamrouni/ws_moveit/install/move_program:/home/khamrouni/ws_moveit/install/hello_moveit:/home/khamrouni/ws_moveit/install/moveit_ros_planning_interface:/home/khamrouni/ws_moveit/install/moveit_ros_benchmarks:/home/khamrouni/ws_moveit/install/moveit_ros_warehouse:/home/khamrouni/ws_moveit/install/moveit_ros_robot_interaction:/home/khamrouni/ws_moveit/install/moveit_ros_perception:/home/khamrouni/ws_moveit/install/moveit_resources_prbt_pg70_support:/home/khamrouni/ws_moveit/install/moveit_resources_prbt_moveit_config:/home/khamrouni/ws_moveit/install/moveit_ros_move_group:/home/khamrouni/ws_moveit/install/moveit_planners_ompl:/home/khamrouni/ws_moveit/install/moveit_ros_planning:/home/khamrouni/ws_moveit/install/moveit_ros_occupancy_map_monitor:/home/khamrouni/ws_moveit/install/moveit_resources_prbt_ikfast_manipulator_plugin:/home/khamrouni/ws_moveit/install/moveit_planners_chomp:/home/khamrouni/ws_moveit/install/moveit_kinematics:/home/khamrouni/ws_moveit/install/moveit_chomp_optimizer_adapter:/home/khamrouni/ws_moveit/install/chomp_motion_planner:/home/khamrouni/ws_moveit/install/moveit_core:/home/khamrouni/ws_moveit/install/srdfdom:/home/khamrouni/ws_moveit/install/rviz_marker_tools:/home/khamrouni/ws_moveit/install/rosparam_shortcuts:/home/khamrouni/ws_moveit/install/moveit_task_constructor_msgs:/home/khamrouni/ws_moveit/install/moveit_resources_prbt_support:/home/khamrouni/ws_moveit/install/moveit_resources:/home/khamrouni/ws_moveit/install/moveit_resources_pr2_description:/home/khamrouni/ws_moveit/install/moveit_resources_panda_moveit_config:/home/khamrouni/ws_moveit/install/moveit_resources_panda_description:/home/khamrouni/ws_moveit/install/moveit_resources_fanuc_moveit_config:/home/khamrouni/ws_moveit/install/moveit_resources_fanuc_description:/home/khamrouni/ws_moveit/install/moveit_common:/home/khamrouni/robot_ws/install/iiwa_description:/home/khamrouni/ros2_ws/install/polygon_base:/home/khamrouni/ros2_ws/install/iiwa_bringup:/home/khamrouni/ros2_ws/install/iiwa_description:/home/khamrouni/ros2_ws/install/examples_rclcpp_minimal_action_client:/home/khamrouni/ros2_ws/install/examples_rclcpp_cbg_executor:/home/khamrouni/ros2_ws/install/examples_rclcpp_async_client:/home/khamrouni/ros2_ws/install/cpp_parameters:/home/khamrouni/auctus/work/kuka_robot/install/lbr_demos_py:/home/khamrouni/auctus/work/kuka_robot/install/lbr_moveit:/home/khamrouni/auctus/work/kuka_robot/install/lbr_demos_advanced_py:/home/khamrouni/ws_moveit/install/moveit_configs_utils:/home/khamrouni/ws_moveit/install/launch_param_builder:/opt/ros/humble /usr/bin/cmake --install /home/khamrouni/lbr-stack/src/lbr_fri_ros2_stack/build/med7_moveit_config
[6.127s] DEBUG:colcon.colcon_core.event_handler.log_command:Invoked command in '/home/khamrouni/lbr-stack/src/lbr_fri_ros2_stack/build/med14_moveit_config' returned '0': AMENT_PREFIX_PATH=/home/khamrouni/lbr-stack/src/lbr_fri_ros2_stack/install/lbr_description:${AMENT_PREFIX_PATH} CMAKE_PREFIX_PATH=/home/khamrouni/lbr-stack/src/lbr_fri_ros2_stack/install/lbr_description:/home/khamrouni/auctus/work/kuka_robot/install/velocity_controller:/home/khamrouni/auctus/work/kuka_robot/install/med7_moveit_config:/home/khamrouni/auctus/work/kuka_robot/install/med14_moveit_config:/home/khamrouni/auctus/work/kuka_robot/install/lbr_fri_ros2_stack:/home/khamrouni/auctus/work/kuka_robot/install/lbr_demos_cpp:/home/khamrouni/auctus/work/kuka_robot/install/lbr_bringup:/home/khamrouni/auctus/work/kuka_robot/install/lbr_ros2_control:/home/khamrouni/auctus/work/kuka_robot/install/lbr_moveit_cpp:/home/khamrouni/auctus/work/kuka_robot/install/lbr_demos_advanced_cpp:/home/khamrouni/auctus/work/kuka_robot/install/lbr_fri_ros2:/home/khamrouni/auctus/work/kuka_robot/install/lbr_fri_idl:/home/khamrouni/auctus/work/kuka_robot/install/iiwa7_moveit_config:/home/khamrouni/auctus/work/kuka_robot/install/iiwa14_moveit_config:/home/khamrouni/auctus/work/kuka_robot/install/lbr_description:/home/khamrouni/auctus/work/kuka_robot/install/fri_client_sdk:/home/khamrouni/ws_moveit/install/pilz_industrial_motion_planner_testutils:/home/khamrouni/ws_moveit/install/moveit_runtime:/home/khamrouni/ws_moveit/install/moveit2_tutorials:/home/khamrouni/ws_moveit/install/moveit:/home/khamrouni/ws_moveit/install/moveit_planners:/home/khamrouni/ws_moveit/install/pilz_industrial_motion_planner:/home/khamrouni/ws_moveit/install/moveit_visual_tools:/home/khamrouni/ws_moveit/install/moveit_task_constructor_visualization:/home/khamrouni/ws_moveit/install/moveit_task_constructor_demo:/home/khamrouni/ws_moveit/install/moveit_task_constructor_capabilities:/home/khamrouni/ws_moveit/install/moveit_task_constructor_core:/home/khamrouni/ws_moveit/install/moveit_ros_control_interface:/home/khamrouni/ws_moveit/install/moveit_plugins:/home/khamrouni/ws_moveit/install/moveit_simple_controller_manager:/home/khamrouni/ws_moveit/install/moveit_setup_assistant:/home/khamrouni/ws_moveit/install/moveit_setup_srdf_plugins:/home/khamrouni/ws_moveit/install/moveit_setup_core_plugins:/home/khamrouni/ws_moveit/install/moveit_setup_controllers:/home/khamrouni/ws_moveit/install/moveit_setup_app_plugins:/home/khamrouni/ws_moveit/install/moveit_setup_framework:/home/khamrouni/ws_moveit/install/moveit_servo:/home/khamrouni/ws_moveit/install/moveit_ros:/home/khamrouni/ws_moveit/install/moveit_ros_visualization:/home/khamrouni/ws_moveit/install/moveit_hybrid_planning:/home/khamrouni/ws_moveit/install/move_program:/home/khamrouni/ws_moveit/install/hello_moveit:/home/khamrouni/ws_moveit/install/moveit_ros_planning_interface:/home/khamrouni/ws_moveit/install/moveit_ros_benchmarks:/home/khamrouni/ws_moveit/install/moveit_ros_warehouse:/home/khamrouni/ws_moveit/install/moveit_ros_robot_interaction:/home/khamrouni/ws_moveit/install/moveit_ros_perception:/home/khamrouni/ws_moveit/install/moveit_resources_prbt_pg70_support:/home/khamrouni/ws_moveit/install/moveit_resources_prbt_moveit_config:/home/khamrouni/ws_moveit/install/moveit_ros_move_group:/home/khamrouni/ws_moveit/install/moveit_planners_ompl:/home/khamrouni/ws_moveit/install/moveit_ros_planning:/home/khamrouni/ws_moveit/install/moveit_ros_occupancy_map_monitor:/home/khamrouni/ws_moveit/install/moveit_resources_prbt_ikfast_manipulator_plugin:/home/khamrouni/ws_moveit/install/moveit_planners_chomp:/home/khamrouni/ws_moveit/install/moveit_kinematics:/home/khamrouni/ws_moveit/install/moveit_chomp_optimizer_adapter:/home/khamrouni/ws_moveit/install/chomp_motion_planner:/home/khamrouni/ws_moveit/install/moveit_core:/home/khamrouni/ws_moveit/install/srdfdom:/home/khamrouni/ws_moveit/install/rviz_marker_tools:/home/khamrouni/ws_moveit/install/rosparam_shortcuts:/home/khamrouni/ws_moveit/install/moveit_task_constructor_msgs:/home/khamrouni/ws_moveit/install/moveit_resources_prbt_support:/home/khamrouni/ws_moveit/install/moveit_resources:/home/khamrouni/ws_moveit/install/moveit_resources_pr2_description:/home/khamrouni/ws_moveit/install/moveit_resources_panda_moveit_config:/home/khamrouni/ws_moveit/install/moveit_resources_panda_description:/home/khamrouni/ws_moveit/install/moveit_resources_fanuc_moveit_config:/home/khamrouni/ws_moveit/install/moveit_resources_fanuc_description:/home/khamrouni/ws_moveit/install/moveit_common:/home/khamrouni/robot_ws/install/iiwa_description:/home/khamrouni/ros2_ws/install/polygon_base:/home/khamrouni/ros2_ws/install/iiwa_bringup:/home/khamrouni/ros2_ws/install/iiwa_description:/home/khamrouni/ros2_ws/install/examples_rclcpp_minimal_action_client:/home/khamrouni/ros2_ws/install/examples_rclcpp_cbg_executor:/home/khamrouni/ros2_ws/install/examples_rclcpp_async_client:/home/khamrouni/ros2_ws/install/cpp_parameters:/home/khamrouni/auctus/work/kuka_robot/install/lbr_demos_py:/home/khamrouni/auctus/work/kuka_robot/install/lbr_moveit:/home/khamrouni/auctus/work/kuka_robot/install/lbr_demos_advanced_py:/home/khamrouni/ws_moveit/install/moveit_configs_utils:/home/khamrouni/ws_moveit/install/launch_param_builder:/opt/ros/humble /usr/bin/cmake --build /home/khamrouni/lbr-stack/src/lbr_fri_ros2_stack/build/med14_moveit_config -- -j8 -l8
[6.130s] DEBUG:colcon.colcon_core.event_handler.log_command:Invoking command in '/home/khamrouni/lbr-stack/src/lbr_fri_ros2_stack/build/med14_moveit_config': AMENT_PREFIX_PATH=/home/khamrouni/lbr-stack/src/lbr_fri_ros2_stack/install/lbr_description:${AMENT_PREFIX_PATH} CMAKE_PREFIX_PATH=/home/khamrouni/lbr-stack/src/lbr_fri_ros2_stack/install/lbr_description:/home/khamrouni/auctus/work/kuka_robot/install/velocity_controller:/home/khamrouni/auctus/work/kuka_robot/install/med7_moveit_config:/home/khamrouni/auctus/work/kuka_robot/install/med14_moveit_config:/home/khamrouni/auctus/work/kuka_robot/install/lbr_fri_ros2_stack:/home/khamrouni/auctus/work/kuka_robot/install/lbr_demos_cpp:/home/khamrouni/auctus/work/kuka_robot/install/lbr_bringup:/home/khamrouni/auctus/work/kuka_robot/install/lbr_ros2_control:/home/khamrouni/auctus/work/kuka_robot/install/lbr_moveit_cpp:/home/khamrouni/auctus/work/kuka_robot/install/lbr_demos_advanced_cpp:/home/khamrouni/auctus/work/kuka_robot/install/lbr_fri_ros2:/home/khamrouni/auctus/work/kuka_robot/install/lbr_fri_idl:/home/khamrouni/auctus/work/kuka_robot/install/iiwa7_moveit_config:/home/khamrouni/auctus/work/kuka_robot/install/iiwa14_moveit_config:/home/khamrouni/auctus/work/kuka_robot/install/lbr_description:/home/khamrouni/auctus/work/kuka_robot/install/fri_client_sdk:/home/khamrouni/ws_moveit/install/pilz_industrial_motion_planner_testutils:/home/khamrouni/ws_moveit/install/moveit_runtime:/home/khamrouni/ws_moveit/install/moveit2_tutorials:/home/khamrouni/ws_moveit/install/moveit:/home/khamrouni/ws_moveit/install/moveit_planners:/home/khamrouni/ws_moveit/install/pilz_industrial_motion_planner:/home/khamrouni/ws_moveit/install/moveit_visual_tools:/home/khamrouni/ws_moveit/install/moveit_task_constructor_visualization:/home/khamrouni/ws_moveit/install/moveit_task_constructor_demo:/home/khamrouni/ws_moveit/install/moveit_task_constructor_capabilities:/home/khamrouni/ws_moveit/install/moveit_task_constructor_core:/home/khamrouni/ws_moveit/install/moveit_ros_control_interface:/home/khamrouni/ws_moveit/install/moveit_plugins:/home/khamrouni/ws_moveit/install/moveit_simple_controller_manager:/home/khamrouni/ws_moveit/install/moveit_setup_assistant:/home/khamrouni/ws_moveit/install/moveit_setup_srdf_plugins:/home/khamrouni/ws_moveit/install/moveit_setup_core_plugins:/home/khamrouni/ws_moveit/install/moveit_setup_controllers:/home/khamrouni/ws_moveit/install/moveit_setup_app_plugins:/home/khamrouni/ws_moveit/install/moveit_setup_framework:/home/khamrouni/ws_moveit/install/moveit_servo:/home/khamrouni/ws_moveit/install/moveit_ros:/home/khamrouni/ws_moveit/install/moveit_ros_visualization:/home/khamrouni/ws_moveit/install/moveit_hybrid_planning:/home/khamrouni/ws_moveit/install/move_program:/home/khamrouni/ws_moveit/install/hello_moveit:/home/khamrouni/ws_moveit/install/moveit_ros_planning_interface:/home/khamrouni/ws_moveit/install/moveit_ros_benchmarks:/home/khamrouni/ws_moveit/install/moveit_ros_warehouse:/home/khamrouni/ws_moveit/install/moveit_ros_robot_interaction:/home/khamrouni/ws_moveit/install/moveit_ros_perception:/home/khamrouni/ws_moveit/install/moveit_resources_prbt_pg70_support:/home/khamrouni/ws_moveit/install/moveit_resources_prbt_moveit_config:/home/khamrouni/ws_moveit/install/moveit_ros_move_group:/home/khamrouni/ws_moveit/install/moveit_planners_ompl:/home/khamrouni/ws_moveit/install/moveit_ros_planning:/home/khamrouni/ws_moveit/install/moveit_ros_occupancy_map_monitor:/home/khamrouni/ws_moveit/install/moveit_resources_prbt_ikfast_manipulator_plugin:/home/khamrouni/ws_moveit/install/moveit_planners_chomp:/home/khamrouni/ws_moveit/install/moveit_kinematics:/home/khamrouni/ws_moveit/install/moveit_chomp_optimizer_adapter:/home/khamrouni/ws_moveit/install/chomp_motion_planner:/home/khamrouni/ws_moveit/install/moveit_core:/home/khamrouni/ws_moveit/install/srdfdom:/home/khamrouni/ws_moveit/install/rviz_marker_tools:/home/khamrouni/ws_moveit/install/rosparam_shortcuts:/home/khamrouni/ws_moveit/install/moveit_task_constructor_msgs:/home/khamrouni/ws_moveit/install/moveit_resources_prbt_support:/home/khamrouni/ws_moveit/install/moveit_resources:/home/khamrouni/ws_moveit/install/moveit_resources_pr2_description:/home/khamrouni/ws_moveit/install/moveit_resources_panda_moveit_config:/home/khamrouni/ws_moveit/install/moveit_resources_panda_description:/home/khamrouni/ws_moveit/install/moveit_resources_fanuc_moveit_config:/home/khamrouni/ws_moveit/install/moveit_resources_fanuc_description:/home/khamrouni/ws_moveit/install/moveit_common:/home/khamrouni/robot_ws/install/iiwa_description:/home/khamrouni/ros2_ws/install/polygon_base:/home/khamrouni/ros2_ws/install/iiwa_bringup:/home/khamrouni/ros2_ws/install/iiwa_description:/home/khamrouni/ros2_ws/install/examples_rclcpp_minimal_action_client:/home/khamrouni/ros2_ws/install/examples_rclcpp_cbg_executor:/home/khamrouni/ros2_ws/install/examples_rclcpp_async_client:/home/khamrouni/ros2_ws/install/cpp_parameters:/home/khamrouni/auctus/work/kuka_robot/install/lbr_demos_py:/home/khamrouni/auctus/work/kuka_robot/install/lbr_moveit:/home/khamrouni/auctus/work/kuka_robot/install/lbr_demos_advanced_py:/home/khamrouni/ws_moveit/install/moveit_configs_utils:/home/khamrouni/ws_moveit/install/launch_param_builder:/opt/ros/humble /usr/bin/cmake --install /home/khamrouni/lbr-stack/src/lbr_fri_ros2_stack/build/med14_moveit_config
[6.133s] Level 1:colcon.colcon_core.environment:create_environment_scripts_only(iiwa14_moveit_config)
[6.134s] Level 1:colcon.colcon_core.environment:checking '/home/khamrouni/lbr-stack/src/lbr_fri_ros2_stack/install/iiwa14_moveit_config' for CMake module files
[6.136s] Level 1:colcon.colcon_core.environment:checking '/home/khamrouni/lbr-stack/src/lbr_fri_ros2_stack/install/iiwa14_moveit_config' for CMake config files
[6.139s] Level 1:colcon.colcon_core.shell:create_environment_hook('iiwa14_moveit_config', 'cmake_prefix_path')
[6.140s] INFO:colcon.colcon_core.shell:Creating environment hook '/home/khamrouni/lbr-stack/src/lbr_fri_ros2_stack/install/iiwa14_moveit_config/share/iiwa14_moveit_config/hook/cmake_prefix_path.ps1'
[6.144s] INFO:colcon.colcon_core.shell:Creating environment descriptor '/home/khamrouni/lbr-stack/src/lbr_fri_ros2_stack/install/iiwa14_moveit_config/share/iiwa14_moveit_config/hook/cmake_prefix_path.dsv'
[6.144s] DEBUG:colcon.colcon_core.event_handler.log_command:Invoked command in '/home/khamrouni/lbr-stack/src/lbr_fri_ros2_stack/build/iiwa14_moveit_config' returned '0': AMENT_PREFIX_PATH=/home/khamrouni/lbr-stack/src/lbr_fri_ros2_stack/install/lbr_description:${AMENT_PREFIX_PATH} CMAKE_PREFIX_PATH=/home/khamrouni/lbr-stack/src/lbr_fri_ros2_stack/install/lbr_description:/home/khamrouni/auctus/work/kuka_robot/install/velocity_controller:/home/khamrouni/auctus/work/kuka_robot/install/med7_moveit_config:/home/khamrouni/auctus/work/kuka_robot/install/med14_moveit_config:/home/khamrouni/auctus/work/kuka_robot/install/lbr_fri_ros2_stack:/home/khamrouni/auctus/work/kuka_robot/install/lbr_demos_cpp:/home/khamrouni/auctus/work/kuka_robot/install/lbr_bringup:/home/khamrouni/auctus/work/kuka_robot/install/lbr_ros2_control:/home/khamrouni/auctus/work/kuka_robot/install/lbr_moveit_cpp:/home/khamrouni/auctus/work/kuka_robot/install/lbr_demos_advanced_cpp:/home/khamrouni/auctus/work/kuka_robot/install/lbr_fri_ros2:/home/khamrouni/auctus/work/kuka_robot/install/lbr_fri_idl:/home/khamrouni/auctus/work/kuka_robot/install/iiwa7_moveit_config:/home/khamrouni/auctus/work/kuka_robot/install/iiwa14_moveit_config:/home/khamrouni/auctus/work/kuka_robot/install/lbr_description:/home/khamrouni/auctus/work/kuka_robot/install/fri_client_sdk:/home/khamrouni/ws_moveit/install/pilz_industrial_motion_planner_testutils:/home/khamrouni/ws_moveit/install/moveit_runtime:/home/khamrouni/ws_moveit/install/moveit2_tutorials:/home/khamrouni/ws_moveit/install/moveit:/home/khamrouni/ws_moveit/install/moveit_planners:/home/khamrouni/ws_moveit/install/pilz_industrial_motion_planner:/home/khamrouni/ws_moveit/install/moveit_visual_tools:/home/khamrouni/ws_moveit/install/moveit_task_constructor_visualization:/home/khamrouni/ws_moveit/install/moveit_task_constructor_demo:/home/khamrouni/ws_moveit/install/moveit_task_constructor_capabilities:/home/khamrouni/ws_moveit/install/moveit_task_constructor_core:/home/khamrouni/ws_moveit/install/moveit_ros_control_interface:/home/khamrouni/ws_moveit/install/moveit_plugins:/home/khamrouni/ws_moveit/install/moveit_simple_controller_manager:/home/khamrouni/ws_moveit/install/moveit_setup_assistant:/home/khamrouni/ws_moveit/install/moveit_setup_srdf_plugins:/home/khamrouni/ws_moveit/install/moveit_setup_core_plugins:/home/khamrouni/ws_moveit/install/moveit_setup_controllers:/home/khamrouni/ws_moveit/install/moveit_setup_app_plugins:/home/khamrouni/ws_moveit/install/moveit_setup_framework:/home/khamrouni/ws_moveit/install/moveit_servo:/home/khamrouni/ws_moveit/install/moveit_ros:/home/khamrouni/ws_moveit/install/moveit_ros_visualization:/home/khamrouni/ws_moveit/install/moveit_hybrid_planning:/home/khamrouni/ws_moveit/install/move_program:/home/khamrouni/ws_moveit/install/hello_moveit:/home/khamrouni/ws_moveit/install/moveit_ros_planning_interface:/home/khamrouni/ws_moveit/install/moveit_ros_benchmarks:/home/khamrouni/ws_moveit/install/moveit_ros_warehouse:/home/khamrouni/ws_moveit/install/moveit_ros_robot_interaction:/home/khamrouni/ws_moveit/install/moveit_ros_perception:/home/khamrouni/ws_moveit/install/moveit_resources_prbt_pg70_support:/home/khamrouni/ws_moveit/install/moveit_resources_prbt_moveit_config:/home/khamrouni/ws_moveit/install/moveit_ros_move_group:/home/khamrouni/ws_moveit/install/moveit_planners_ompl:/home/khamrouni/ws_moveit/install/moveit_ros_planning:/home/khamrouni/ws_moveit/install/moveit_ros_occupancy_map_monitor:/home/khamrouni/ws_moveit/install/moveit_resources_prbt_ikfast_manipulator_plugin:/home/khamrouni/ws_moveit/install/moveit_planners_chomp:/home/khamrouni/ws_moveit/install/moveit_kinematics:/home/khamrouni/ws_moveit/install/moveit_chomp_optimizer_adapter:/home/khamrouni/ws_moveit/install/chomp_motion_planner:/home/khamrouni/ws_moveit/install/moveit_core:/home/khamrouni/ws_moveit/install/srdfdom:/home/khamrouni/ws_moveit/install/rviz_marker_tools:/home/khamrouni/ws_moveit/install/rosparam_shortcuts:/home/khamrouni/ws_moveit/install/moveit_task_constructor_msgs:/home/khamrouni/ws_moveit/install/moveit_resources_prbt_support:/home/khamrouni/ws_moveit/install/moveit_resources:/home/khamrouni/ws_moveit/install/moveit_resources_pr2_description:/home/khamrouni/ws_moveit/install/moveit_resources_panda_moveit_config:/home/khamrouni/ws_moveit/install/moveit_resources_panda_description:/home/khamrouni/ws_moveit/install/moveit_resources_fanuc_moveit_config:/home/khamrouni/ws_moveit/install/moveit_resources_fanuc_description:/home/khamrouni/ws_moveit/install/moveit_common:/home/khamrouni/robot_ws/install/iiwa_description:/home/khamrouni/ros2_ws/install/polygon_base:/home/khamrouni/ros2_ws/install/iiwa_bringup:/home/khamrouni/ros2_ws/install/iiwa_description:/home/khamrouni/ros2_ws/install/examples_rclcpp_minimal_action_client:/home/khamrouni/ros2_ws/install/examples_rclcpp_cbg_executor:/home/khamrouni/ros2_ws/install/examples_rclcpp_async_client:/home/khamrouni/ros2_ws/install/cpp_parameters:/home/khamrouni/auctus/work/kuka_robot/install/lbr_demos_py:/home/khamrouni/auctus/work/kuka_robot/install/lbr_moveit:/home/khamrouni/auctus/work/kuka_robot/install/lbr_demos_advanced_py:/home/khamrouni/ws_moveit/install/moveit_configs_utils:/home/khamrouni/ws_moveit/install/launch_param_builder:/opt/ros/humble /usr/bin/cmake --install /home/khamrouni/lbr-stack/src/lbr_fri_ros2_stack/build/iiwa14_moveit_config
[6.148s] INFO:colcon.colcon_core.shell:Creating environment hook '/home/khamrouni/lbr-stack/src/lbr_fri_ros2_stack/install/iiwa14_moveit_config/share/iiwa14_moveit_config/hook/cmake_prefix_path.sh'
[6.156s] Level 1:colcon.colcon_core.environment:checking '/home/khamrouni/lbr-stack/src/lbr_fri_ros2_stack/install/iiwa14_moveit_config/bin'
[6.157s] Level 1:colcon.colcon_core.environment:checking '/home/khamrouni/lbr-stack/src/lbr_fri_ros2_stack/install/iiwa14_moveit_config/lib/pkgconfig/iiwa14_moveit_config.pc'
[6.157s] Level 1:colcon.colcon_core.environment:checking '/home/khamrouni/lbr-stack/src/lbr_fri_ros2_stack/install/iiwa14_moveit_config/lib/python3.10/site-packages'
[6.157s] Level 1:colcon.colcon_core.environment:checking '/home/khamrouni/lbr-stack/src/lbr_fri_ros2_stack/install/iiwa14_moveit_config/bin'
[6.158s] INFO:colcon.colcon_core.shell:Creating package script '/home/khamrouni/lbr-stack/src/lbr_fri_ros2_stack/install/iiwa14_moveit_config/share/iiwa14_moveit_config/package.ps1'
[6.160s] INFO:colcon.colcon_core.shell:Creating package descriptor '/home/khamrouni/lbr-stack/src/lbr_fri_ros2_stack/install/iiwa14_moveit_config/share/iiwa14_moveit_config/package.dsv'
[6.163s] INFO:colcon.colcon_core.shell:Creating package script '/home/khamrouni/lbr-stack/src/lbr_fri_ros2_stack/install/iiwa14_moveit_config/share/iiwa14_moveit_config/package.sh'
[6.166s] INFO:colcon.colcon_core.shell:Creating package script '/home/khamrouni/lbr-stack/src/lbr_fri_ros2_stack/install/iiwa14_moveit_config/share/iiwa14_moveit_config/package.bash'
[6.166s] INFO:colcon.colcon_core.shell:Creating package script '/home/khamrouni/lbr-stack/src/lbr_fri_ros2_stack/install/iiwa14_moveit_config/share/iiwa14_moveit_config/package.zsh'
[6.167s] Level 1:colcon.colcon_core.environment:create_file_with_runtime_dependencies(/home/khamrouni/lbr-stack/src/lbr_fri_ros2_stack/install/iiwa14_moveit_config/share/colcon-core/packages/iiwa14_moveit_config)
[6.168s] Level 1:colcon.colcon_core.environment:create_environment_scripts_only(iiwa14_moveit_config)
[6.168s] Level 1:colcon.colcon_core.environment:checking '/home/khamrouni/lbr-stack/src/lbr_fri_ros2_stack/install/iiwa14_moveit_config' for CMake module files
[6.169s] Level 1:colcon.colcon_core.environment:checking '/home/khamrouni/lbr-stack/src/lbr_fri_ros2_stack/install/iiwa14_moveit_config' for CMake config files
[6.169s] Level 1:colcon.colcon_core.shell:create_environment_hook('iiwa14_moveit_config', 'cmake_prefix_path')
[6.170s] INFO:colcon.colcon_core.shell:Creating environment hook '/home/khamrouni/lbr-stack/src/lbr_fri_ros2_stack/install/iiwa14_moveit_config/share/iiwa14_moveit_config/hook/cmake_prefix_path.ps1'
[6.171s] INFO:colcon.colcon_core.shell:Creating environment descriptor '/home/khamrouni/lbr-stack/src/lbr_fri_ros2_stack/install/iiwa14_moveit_config/share/iiwa14_moveit_config/hook/cmake_prefix_path.dsv'
[6.171s] INFO:colcon.colcon_core.shell:Creating environment hook '/home/khamrouni/lbr-stack/src/lbr_fri_ros2_stack/install/iiwa14_moveit_config/share/iiwa14_moveit_config/hook/cmake_prefix_path.sh'
[6.172s] Level 1:colcon.colcon_core.environment:checking '/home/khamrouni/lbr-stack/src/lbr_fri_ros2_stack/install/iiwa14_moveit_config/bin'
[6.172s] Level 1:colcon.colcon_core.environment:checking '/home/khamrouni/lbr-stack/src/lbr_fri_ros2_stack/install/iiwa14_moveit_config/lib/pkgconfig/iiwa14_moveit_config.pc'
[6.173s] Level 1:colcon.colcon_core.environment:checking '/home/khamrouni/lbr-stack/src/lbr_fri_ros2_stack/install/iiwa14_moveit_config/lib/python3.10/site-packages'
[6.173s] Level 1:colcon.colcon_core.environment:checking '/home/khamrouni/lbr-stack/src/lbr_fri_ros2_stack/install/iiwa14_moveit_config/bin'
[6.174s] INFO:colcon.colcon_core.shell:Creating package script '/home/khamrouni/lbr-stack/src/lbr_fri_ros2_stack/install/iiwa14_moveit_config/share/iiwa14_moveit_config/package.ps1'
[6.175s] INFO:colcon.colcon_core.shell:Creating package descriptor '/home/khamrouni/lbr-stack/src/lbr_fri_ros2_stack/install/iiwa14_moveit_config/share/iiwa14_moveit_config/package.dsv'
[6.176s] INFO:colcon.colcon_core.shell:Creating package script '/home/khamrouni/lbr-stack/src/lbr_fri_ros2_stack/install/iiwa14_moveit_config/share/iiwa14_moveit_config/package.sh'
[6.176s] INFO:colcon.colcon_core.shell:Creating package script '/home/khamrouni/lbr-stack/src/lbr_fri_ros2_stack/install/iiwa14_moveit_config/share/iiwa14_moveit_config/package.bash'
[6.177s] INFO:colcon.colcon_core.shell:Creating package script '/home/khamrouni/lbr-stack/src/lbr_fri_ros2_stack/install/iiwa14_moveit_config/share/iiwa14_moveit_config/package.zsh'
[6.178s] Level 1:colcon.colcon_core.environment:create_file_with_runtime_dependencies(/home/khamrouni/lbr-stack/src/lbr_fri_ros2_stack/install/iiwa14_moveit_config/share/colcon-core/packages/iiwa14_moveit_config)
[6.180s] Level 1:colcon.colcon_core.environment:create_environment_scripts_only(med7_moveit_config)
[6.181s] Level 1:colcon.colcon_core.environment:checking '/home/khamrouni/lbr-stack/src/lbr_fri_ros2_stack/install/med7_moveit_config' for CMake module files
[6.183s] DEBUG:colcon.colcon_core.event_handler.log_command:Invoked command in '/home/khamrouni/lbr-stack/src/lbr_fri_ros2_stack/build/med7_moveit_config' returned '0': AMENT_PREFIX_PATH=/home/khamrouni/lbr-stack/src/lbr_fri_ros2_stack/install/lbr_description:${AMENT_PREFIX_PATH} CMAKE_PREFIX_PATH=/home/khamrouni/lbr-stack/src/lbr_fri_ros2_stack/install/lbr_description:/home/khamrouni/auctus/work/kuka_robot/install/velocity_controller:/home/khamrouni/auctus/work/kuka_robot/install/med7_moveit_config:/home/khamrouni/auctus/work/kuka_robot/install/med14_moveit_config:/home/khamrouni/auctus/work/kuka_robot/install/lbr_fri_ros2_stack:/home/khamrouni/auctus/work/kuka_robot/install/lbr_demos_cpp:/home/khamrouni/auctus/work/kuka_robot/install/lbr_bringup:/home/khamrouni/auctus/work/kuka_robot/install/lbr_ros2_control:/home/khamrouni/auctus/work/kuka_robot/install/lbr_moveit_cpp:/home/khamrouni/auctus/work/kuka_robot/install/lbr_demos_advanced_cpp:/home/khamrouni/auctus/work/kuka_robot/install/lbr_fri_ros2:/home/khamrouni/auctus/work/kuka_robot/install/lbr_fri_idl:/home/khamrouni/auctus/work/kuka_robot/install/iiwa7_moveit_config:/home/khamrouni/auctus/work/kuka_robot/install/iiwa14_moveit_config:/home/khamrouni/auctus/work/kuka_robot/install/lbr_description:/home/khamrouni/auctus/work/kuka_robot/install/fri_client_sdk:/home/khamrouni/ws_moveit/install/pilz_industrial_motion_planner_testutils:/home/khamrouni/ws_moveit/install/moveit_runtime:/home/khamrouni/ws_moveit/install/moveit2_tutorials:/home/khamrouni/ws_moveit/install/moveit:/home/khamrouni/ws_moveit/install/moveit_planners:/home/khamrouni/ws_moveit/install/pilz_industrial_motion_planner:/home/khamrouni/ws_moveit/install/moveit_visual_tools:/home/khamrouni/ws_moveit/install/moveit_task_constructor_visualization:/home/khamrouni/ws_moveit/install/moveit_task_constructor_demo:/home/khamrouni/ws_moveit/install/moveit_task_constructor_capabilities:/home/khamrouni/ws_moveit/install/moveit_task_constructor_core:/home/khamrouni/ws_moveit/install/moveit_ros_control_interface:/home/khamrouni/ws_moveit/install/moveit_plugins:/home/khamrouni/ws_moveit/install/moveit_simple_controller_manager:/home/khamrouni/ws_moveit/install/moveit_setup_assistant:/home/khamrouni/ws_moveit/install/moveit_setup_srdf_plugins:/home/khamrouni/ws_moveit/install/moveit_setup_core_plugins:/home/khamrouni/ws_moveit/install/moveit_setup_controllers:/home/khamrouni/ws_moveit/install/moveit_setup_app_plugins:/home/khamrouni/ws_moveit/install/moveit_setup_framework:/home/khamrouni/ws_moveit/install/moveit_servo:/home/khamrouni/ws_moveit/install/moveit_ros:/home/khamrouni/ws_moveit/install/moveit_ros_visualization:/home/khamrouni/ws_moveit/install/moveit_hybrid_planning:/home/khamrouni/ws_moveit/install/move_program:/home/khamrouni/ws_moveit/install/hello_moveit:/home/khamrouni/ws_moveit/install/moveit_ros_planning_interface:/home/khamrouni/ws_moveit/install/moveit_ros_benchmarks:/home/khamrouni/ws_moveit/install/moveit_ros_warehouse:/home/khamrouni/ws_moveit/install/moveit_ros_robot_interaction:/home/khamrouni/ws_moveit/install/moveit_ros_perception:/home/khamrouni/ws_moveit/install/moveit_resources_prbt_pg70_support:/home/khamrouni/ws_moveit/install/moveit_resources_prbt_moveit_config:/home/khamrouni/ws_moveit/install/moveit_ros_move_group:/home/khamrouni/ws_moveit/install/moveit_planners_ompl:/home/khamrouni/ws_moveit/install/moveit_ros_planning:/home/khamrouni/ws_moveit/install/moveit_ros_occupancy_map_monitor:/home/khamrouni/ws_moveit/install/moveit_resources_prbt_ikfast_manipulator_plugin:/home/khamrouni/ws_moveit/install/moveit_planners_chomp:/home/khamrouni/ws_moveit/install/moveit_kinematics:/home/khamrouni/ws_moveit/install/moveit_chomp_optimizer_adapter:/home/khamrouni/ws_moveit/install/chomp_motion_planner:/home/khamrouni/ws_moveit/install/moveit_core:/home/khamrouni/ws_moveit/install/srdfdom:/home/khamrouni/ws_moveit/install/rviz_marker_tools:/home/khamrouni/ws_moveit/install/rosparam_shortcuts:/home/khamrouni/ws_moveit/install/moveit_task_constructor_msgs:/home/khamrouni/ws_moveit/install/moveit_resources_prbt_support:/home/khamrouni/ws_moveit/install/moveit_resources:/home/khamrouni/ws_moveit/install/moveit_resources_pr2_description:/home/khamrouni/ws_moveit/install/moveit_resources_panda_moveit_config:/home/khamrouni/ws_moveit/install/moveit_resources_panda_description:/home/khamrouni/ws_moveit/install/moveit_resources_fanuc_moveit_config:/home/khamrouni/ws_moveit/install/moveit_resources_fanuc_description:/home/khamrouni/ws_moveit/install/moveit_common:/home/khamrouni/robot_ws/install/iiwa_description:/home/khamrouni/ros2_ws/install/polygon_base:/home/khamrouni/ros2_ws/install/iiwa_bringup:/home/khamrouni/ros2_ws/install/iiwa_description:/home/khamrouni/ros2_ws/install/examples_rclcpp_minimal_action_client:/home/khamrouni/ros2_ws/install/examples_rclcpp_cbg_executor:/home/khamrouni/ros2_ws/install/examples_rclcpp_async_client:/home/khamrouni/ros2_ws/install/cpp_parameters:/home/khamrouni/auctus/work/kuka_robot/install/lbr_demos_py:/home/khamrouni/auctus/work/kuka_robot/install/lbr_moveit:/home/khamrouni/auctus/work/kuka_robot/install/lbr_demos_advanced_py:/home/khamrouni/ws_moveit/install/moveit_configs_utils:/home/khamrouni/ws_moveit/install/launch_param_builder:/opt/ros/humble /usr/bin/cmake --install /home/khamrouni/lbr-stack/src/lbr_fri_ros2_stack/build/med7_moveit_config
[6.183s] Level 1:colcon.colcon_core.environment:checking '/home/khamrouni/lbr-stack/src/lbr_fri_ros2_stack/install/med7_moveit_config' for CMake config files
[6.184s] Level 1:colcon.colcon_core.shell:create_environment_hook('med7_moveit_config', 'cmake_prefix_path')
[6.184s] INFO:colcon.colcon_core.shell:Creating environment hook '/home/khamrouni/lbr-stack/src/lbr_fri_ros2_stack/install/med7_moveit_config/share/med7_moveit_config/hook/cmake_prefix_path.ps1'
[6.185s] INFO:colcon.colcon_core.shell:Creating environment descriptor '/home/khamrouni/lbr-stack/src/lbr_fri_ros2_stack/install/med7_moveit_config/share/med7_moveit_config/hook/cmake_prefix_path.dsv'
[6.186s] INFO:colcon.colcon_core.shell:Creating environment hook '/home/khamrouni/lbr-stack/src/lbr_fri_ros2_stack/install/med7_moveit_config/share/med7_moveit_config/hook/cmake_prefix_path.sh'
[6.187s] Level 1:colcon.colcon_core.environment:checking '/home/khamrouni/lbr-stack/src/lbr_fri_ros2_stack/install/med7_moveit_config/bin'
[6.187s] Level 1:colcon.colcon_core.environment:checking '/home/khamrouni/lbr-stack/src/lbr_fri_ros2_stack/install/med7_moveit_config/lib/pkgconfig/med7_moveit_config.pc'
[6.188s] Level 1:colcon.colcon_core.environment:checking '/home/khamrouni/lbr-stack/src/lbr_fri_ros2_stack/install/med7_moveit_config/lib/python3.10/site-packages'
[6.188s] Level 1:colcon.colcon_core.environment:checking '/home/khamrouni/lbr-stack/src/lbr_fri_ros2_stack/install/med7_moveit_config/bin'
[6.189s] INFO:colcon.colcon_core.shell:Creating package script '/home/khamrouni/lbr-stack/src/lbr_fri_ros2_stack/install/med7_moveit_config/share/med7_moveit_config/package.ps1'
[6.189s] INFO:colcon.colcon_core.shell:Creating package descriptor '/home/khamrouni/lbr-stack/src/lbr_fri_ros2_stack/install/med7_moveit_config/share/med7_moveit_config/package.dsv'
[6.190s] INFO:colcon.colcon_core.shell:Creating package script '/home/khamrouni/lbr-stack/src/lbr_fri_ros2_stack/install/med7_moveit_config/share/med7_moveit_config/package.sh'
[6.191s] INFO:colcon.colcon_core.shell:Creating package script '/home/khamrouni/lbr-stack/src/lbr_fri_ros2_stack/install/med7_moveit_config/share/med7_moveit_config/package.bash'
[6.192s] INFO:colcon.colcon_core.shell:Creating package script '/home/khamrouni/lbr-stack/src/lbr_fri_ros2_stack/install/med7_moveit_config/share/med7_moveit_config/package.zsh'
[6.192s] Level 1:colcon.colcon_core.environment:create_file_with_runtime_dependencies(/home/khamrouni/lbr-stack/src/lbr_fri_ros2_stack/install/med7_moveit_config/share/colcon-core/packages/med7_moveit_config)
[6.194s] Level 1:colcon.colcon_core.environment:create_environment_scripts_only(med7_moveit_config)
[6.195s] Level 1:colcon.colcon_core.environment:checking '/home/khamrouni/lbr-stack/src/lbr_fri_ros2_stack/install/med7_moveit_config' for CMake module files
[6.196s] Level 1:colcon.colcon_core.environment:checking '/home/khamrouni/lbr-stack/src/lbr_fri_ros2_stack/install/med7_moveit_config' for CMake config files
[6.196s] Level 1:colcon.colcon_core.shell:create_environment_hook('med7_moveit_config', 'cmake_prefix_path')
[6.197s] INFO:colcon.colcon_core.shell:Creating environment hook '/home/khamrouni/lbr-stack/src/lbr_fri_ros2_stack/install/med7_moveit_config/share/med7_moveit_config/hook/cmake_prefix_path.ps1'
[6.198s] INFO:colcon.colcon_core.shell:Creating environment descriptor '/home/khamrouni/lbr-stack/src/lbr_fri_ros2_stack/install/med7_moveit_config/share/med7_moveit_config/hook/cmake_prefix_path.dsv'
[6.198s] INFO:colcon.colcon_core.shell:Creating environment hook '/home/khamrouni/lbr-stack/src/lbr_fri_ros2_stack/install/med7_moveit_config/share/med7_moveit_config/hook/cmake_prefix_path.sh'
[6.199s] Level 1:colcon.colcon_core.environment:checking '/home/khamrouni/lbr-stack/src/lbr_fri_ros2_stack/install/med7_moveit_config/bin'
[6.199s] Level 1:colcon.colcon_core.environment:checking '/home/khamrouni/lbr-stack/src/lbr_fri_ros2_stack/install/med7_moveit_config/lib/pkgconfig/med7_moveit_config.pc'
[6.200s] Level 1:colcon.colcon_core.environment:checking '/home/khamrouni/lbr-stack/src/lbr_fri_ros2_stack/install/med7_moveit_config/lib/python3.10/site-packages'
[6.200s] Level 1:colcon.colcon_core.environment:checking '/home/khamrouni/lbr-stack/src/lbr_fri_ros2_stack/install/med7_moveit_config/bin'
[6.201s] INFO:colcon.colcon_core.shell:Creating package script '/home/khamrouni/lbr-stack/src/lbr_fri_ros2_stack/install/med7_moveit_config/share/med7_moveit_config/package.ps1'
[6.202s] INFO:colcon.colcon_core.shell:Creating package descriptor '/home/khamrouni/lbr-stack/src/lbr_fri_ros2_stack/install/med7_moveit_config/share/med7_moveit_config/package.dsv'
[6.203s] INFO:colcon.colcon_core.shell:Creating package script '/home/khamrouni/lbr-stack/src/lbr_fri_ros2_stack/install/med7_moveit_config/share/med7_moveit_config/package.sh'
[6.203s] INFO:colcon.colcon_core.shell:Creating package script '/home/khamrouni/lbr-stack/src/lbr_fri_ros2_stack/install/med7_moveit_config/share/med7_moveit_config/package.bash'
[6.204s] INFO:colcon.colcon_core.shell:Creating package script '/home/khamrouni/lbr-stack/src/lbr_fri_ros2_stack/install/med7_moveit_config/share/med7_moveit_config/package.zsh'
[6.205s] Level 1:colcon.colcon_core.environment:create_file_with_runtime_dependencies(/home/khamrouni/lbr-stack/src/lbr_fri_ros2_stack/install/med7_moveit_config/share/colcon-core/packages/med7_moveit_config)
[6.205s] Level 1:colcon.colcon_core.environment:create_environment_scripts_only(iiwa7_moveit_config)
[6.206s] Level 1:colcon.colcon_core.environment:checking '/home/khamrouni/lbr-stack/src/lbr_fri_ros2_stack/install/iiwa7_moveit_config' for CMake module files
[6.208s] DEBUG:colcon.colcon_core.event_handler.log_command:Invoked command in '/home/khamrouni/lbr-stack/src/lbr_fri_ros2_stack/build/iiwa7_moveit_config' returned '0': AMENT_PREFIX_PATH=/home/khamrouni/lbr-stack/src/lbr_fri_ros2_stack/install/lbr_description:${AMENT_PREFIX_PATH} CMAKE_PREFIX_PATH=/home/khamrouni/lbr-stack/src/lbr_fri_ros2_stack/install/lbr_description:/home/khamrouni/auctus/work/kuka_robot/install/velocity_controller:/home/khamrouni/auctus/work/kuka_robot/install/med7_moveit_config:/home/khamrouni/auctus/work/kuka_robot/install/med14_moveit_config:/home/khamrouni/auctus/work/kuka_robot/install/lbr_fri_ros2_stack:/home/khamrouni/auctus/work/kuka_robot/install/lbr_demos_cpp:/home/khamrouni/auctus/work/kuka_robot/install/lbr_bringup:/home/khamrouni/auctus/work/kuka_robot/install/lbr_ros2_control:/home/khamrouni/auctus/work/kuka_robot/install/lbr_moveit_cpp:/home/khamrouni/auctus/work/kuka_robot/install/lbr_demos_advanced_cpp:/home/khamrouni/auctus/work/kuka_robot/install/lbr_fri_ros2:/home/khamrouni/auctus/work/kuka_robot/install/lbr_fri_idl:/home/khamrouni/auctus/work/kuka_robot/install/iiwa7_moveit_config:/home/khamrouni/auctus/work/kuka_robot/install/iiwa14_moveit_config:/home/khamrouni/auctus/work/kuka_robot/install/lbr_description:/home/khamrouni/auctus/work/kuka_robot/install/fri_client_sdk:/home/khamrouni/ws_moveit/install/pilz_industrial_motion_planner_testutils:/home/khamrouni/ws_moveit/install/moveit_runtime:/home/khamrouni/ws_moveit/install/moveit2_tutorials:/home/khamrouni/ws_moveit/install/moveit:/home/khamrouni/ws_moveit/install/moveit_planners:/home/khamrouni/ws_moveit/install/pilz_industrial_motion_planner:/home/khamrouni/ws_moveit/install/moveit_visual_tools:/home/khamrouni/ws_moveit/install/moveit_task_constructor_visualization:/home/khamrouni/ws_moveit/install/moveit_task_constructor_demo:/home/khamrouni/ws_moveit/install/moveit_task_constructor_capabilities:/home/khamrouni/ws_moveit/install/moveit_task_constructor_core:/home/khamrouni/ws_moveit/install/moveit_ros_control_interface:/home/khamrouni/ws_moveit/install/moveit_plugins:/home/khamrouni/ws_moveit/install/moveit_simple_controller_manager:/home/khamrouni/ws_moveit/install/moveit_setup_assistant:/home/khamrouni/ws_moveit/install/moveit_setup_srdf_plugins:/home/khamrouni/ws_moveit/install/moveit_setup_core_plugins:/home/khamrouni/ws_moveit/install/moveit_setup_controllers:/home/khamrouni/ws_moveit/install/moveit_setup_app_plugins:/home/khamrouni/ws_moveit/install/moveit_setup_framework:/home/khamrouni/ws_moveit/install/moveit_servo:/home/khamrouni/ws_moveit/install/moveit_ros:/home/khamrouni/ws_moveit/install/moveit_ros_visualization:/home/khamrouni/ws_moveit/install/moveit_hybrid_planning:/home/khamrouni/ws_moveit/install/move_program:/home/khamrouni/ws_moveit/install/hello_moveit:/home/khamrouni/ws_moveit/install/moveit_ros_planning_interface:/home/khamrouni/ws_moveit/install/moveit_ros_benchmarks:/home/khamrouni/ws_moveit/install/moveit_ros_warehouse:/home/khamrouni/ws_moveit/install/moveit_ros_robot_interaction:/home/khamrouni/ws_moveit/install/moveit_ros_perception:/home/khamrouni/ws_moveit/install/moveit_resources_prbt_pg70_support:/home/khamrouni/ws_moveit/install/moveit_resources_prbt_moveit_config:/home/khamrouni/ws_moveit/install/moveit_ros_move_group:/home/khamrouni/ws_moveit/install/moveit_planners_ompl:/home/khamrouni/ws_moveit/install/moveit_ros_planning:/home/khamrouni/ws_moveit/install/moveit_ros_occupancy_map_monitor:/home/khamrouni/ws_moveit/install/moveit_resources_prbt_ikfast_manipulator_plugin:/home/khamrouni/ws_moveit/install/moveit_planners_chomp:/home/khamrouni/ws_moveit/install/moveit_kinematics:/home/khamrouni/ws_moveit/install/moveit_chomp_optimizer_adapter:/home/khamrouni/ws_moveit/install/chomp_motion_planner:/home/khamrouni/ws_moveit/install/moveit_core:/home/khamrouni/ws_moveit/install/srdfdom:/home/khamrouni/ws_moveit/install/rviz_marker_tools:/home/khamrouni/ws_moveit/install/rosparam_shortcuts:/home/khamrouni/ws_moveit/install/moveit_task_constructor_msgs:/home/khamrouni/ws_moveit/install/moveit_resources_prbt_support:/home/khamrouni/ws_moveit/install/moveit_resources:/home/khamrouni/ws_moveit/install/moveit_resources_pr2_description:/home/khamrouni/ws_moveit/install/moveit_resources_panda_moveit_config:/home/khamrouni/ws_moveit/install/moveit_resources_panda_description:/home/khamrouni/ws_moveit/install/moveit_resources_fanuc_moveit_config:/home/khamrouni/ws_moveit/install/moveit_resources_fanuc_description:/home/khamrouni/ws_moveit/install/moveit_common:/home/khamrouni/robot_ws/install/iiwa_description:/home/khamrouni/ros2_ws/install/polygon_base:/home/khamrouni/ros2_ws/install/iiwa_bringup:/home/khamrouni/ros2_ws/install/iiwa_description:/home/khamrouni/ros2_ws/install/examples_rclcpp_minimal_action_client:/home/khamrouni/ros2_ws/install/examples_rclcpp_cbg_executor:/home/khamrouni/ros2_ws/install/examples_rclcpp_async_client:/home/khamrouni/ros2_ws/install/cpp_parameters:/home/khamrouni/auctus/work/kuka_robot/install/lbr_demos_py:/home/khamrouni/auctus/work/kuka_robot/install/lbr_moveit:/home/khamrouni/auctus/work/kuka_robot/install/lbr_demos_advanced_py:/home/khamrouni/ws_moveit/install/moveit_configs_utils:/home/khamrouni/ws_moveit/install/launch_param_builder:/opt/ros/humble /usr/bin/cmake --install /home/khamrouni/lbr-stack/src/lbr_fri_ros2_stack/build/iiwa7_moveit_config
[6.208s] Level 1:colcon.colcon_core.environment:checking '/home/khamrouni/lbr-stack/src/lbr_fri_ros2_stack/install/iiwa7_moveit_config' for CMake config files
[6.209s] Level 1:colcon.colcon_core.shell:create_environment_hook('iiwa7_moveit_config', 'cmake_prefix_path')
[6.210s] INFO:colcon.colcon_core.shell:Creating environment hook '/home/khamrouni/lbr-stack/src/lbr_fri_ros2_stack/install/iiwa7_moveit_config/share/iiwa7_moveit_config/hook/cmake_prefix_path.ps1'
[6.211s] INFO:colcon.colcon_core.shell:Creating environment descriptor '/home/khamrouni/lbr-stack/src/lbr_fri_ros2_stack/install/iiwa7_moveit_config/share/iiwa7_moveit_config/hook/cmake_prefix_path.dsv'
[6.211s] INFO:colcon.colcon_core.shell:Creating environment hook '/home/khamrouni/lbr-stack/src/lbr_fri_ros2_stack/install/iiwa7_moveit_config/share/iiwa7_moveit_config/hook/cmake_prefix_path.sh'
[6.212s] Level 1:colcon.colcon_core.environment:checking '/home/khamrouni/lbr-stack/src/lbr_fri_ros2_stack/install/iiwa7_moveit_config/bin'
[6.213s] Level 1:colcon.colcon_core.environment:checking '/home/khamrouni/lbr-stack/src/lbr_fri_ros2_stack/install/iiwa7_moveit_config/lib/pkgconfig/iiwa7_moveit_config.pc'
[6.213s] Level 1:colcon.colcon_core.environment:checking '/home/khamrouni/lbr-stack/src/lbr_fri_ros2_stack/install/iiwa7_moveit_config/lib/python3.10/site-packages'
[6.214s] Level 1:colcon.colcon_core.environment:checking '/home/khamrouni/lbr-stack/src/lbr_fri_ros2_stack/install/iiwa7_moveit_config/bin'
[6.214s] INFO:colcon.colcon_core.shell:Creating package script '/home/khamrouni/lbr-stack/src/lbr_fri_ros2_stack/install/iiwa7_moveit_config/share/iiwa7_moveit_config/package.ps1'
[6.215s] INFO:colcon.colcon_core.shell:Creating package descriptor '/home/khamrouni/lbr-stack/src/lbr_fri_ros2_stack/install/iiwa7_moveit_config/share/iiwa7_moveit_config/package.dsv'
[6.216s] INFO:colcon.colcon_core.shell:Creating package script '/home/khamrouni/lbr-stack/src/lbr_fri_ros2_stack/install/iiwa7_moveit_config/share/iiwa7_moveit_config/package.sh'
[6.216s] INFO:colcon.colcon_core.shell:Creating package script '/home/khamrouni/lbr-stack/src/lbr_fri_ros2_stack/install/iiwa7_moveit_config/share/iiwa7_moveit_config/package.bash'
[6.217s] INFO:colcon.colcon_core.shell:Creating package script '/home/khamrouni/lbr-stack/src/lbr_fri_ros2_stack/install/iiwa7_moveit_config/share/iiwa7_moveit_config/package.zsh'
[6.218s] Level 1:colcon.colcon_core.environment:create_file_with_runtime_dependencies(/home/khamrouni/lbr-stack/src/lbr_fri_ros2_stack/install/iiwa7_moveit_config/share/colcon-core/packages/iiwa7_moveit_config)
[6.219s] Level 1:colcon.colcon_core.environment:create_environment_scripts_only(iiwa7_moveit_config)
[6.219s] Level 1:colcon.colcon_core.environment:checking '/home/khamrouni/lbr-stack/src/lbr_fri_ros2_stack/install/iiwa7_moveit_config' for CMake module files
[6.220s] Level 1:colcon.colcon_core.environment:checking '/home/khamrouni/lbr-stack/src/lbr_fri_ros2_stack/install/iiwa7_moveit_config' for CMake config files
[6.221s] Level 1:colcon.colcon_core.shell:create_environment_hook('iiwa7_moveit_config', 'cmake_prefix_path')
[6.221s] INFO:colcon.colcon_core.shell:Creating environment hook '/home/khamrouni/lbr-stack/src/lbr_fri_ros2_stack/install/iiwa7_moveit_config/share/iiwa7_moveit_config/hook/cmake_prefix_path.ps1'
[6.222s] INFO:colcon.colcon_core.shell:Creating environment descriptor '/home/khamrouni/lbr-stack/src/lbr_fri_ros2_stack/install/iiwa7_moveit_config/share/iiwa7_moveit_config/hook/cmake_prefix_path.dsv'
[6.222s] INFO:colcon.colcon_core.shell:Creating environment hook '/home/khamrouni/lbr-stack/src/lbr_fri_ros2_stack/install/iiwa7_moveit_config/share/iiwa7_moveit_config/hook/cmake_prefix_path.sh'
[6.223s] Level 1:colcon.colcon_core.environment:checking '/home/khamrouni/lbr-stack/src/lbr_fri_ros2_stack/install/iiwa7_moveit_config/bin'
[6.224s] Level 1:colcon.colcon_core.environment:checking '/home/khamrouni/lbr-stack/src/lbr_fri_ros2_stack/install/iiwa7_moveit_config/lib/pkgconfig/iiwa7_moveit_config.pc'
[6.224s] Level 1:colcon.colcon_core.environment:checking '/home/khamrouni/lbr-stack/src/lbr_fri_ros2_stack/install/iiwa7_moveit_config/lib/python3.10/site-packages'
[6.225s] Level 1:colcon.colcon_core.environment:checking '/home/khamrouni/lbr-stack/src/lbr_fri_ros2_stack/install/iiwa7_moveit_config/bin'
[6.225s] INFO:colcon.colcon_core.shell:Creating package script '/home/khamrouni/lbr-stack/src/lbr_fri_ros2_stack/install/iiwa7_moveit_config/share/iiwa7_moveit_config/package.ps1'
[6.227s] INFO:colcon.colcon_core.shell:Creating package descriptor '/home/khamrouni/lbr-stack/src/lbr_fri_ros2_stack/install/iiwa7_moveit_config/share/iiwa7_moveit_config/package.dsv'
[6.227s] INFO:colcon.colcon_core.shell:Creating package script '/home/khamrouni/lbr-stack/src/lbr_fri_ros2_stack/install/iiwa7_moveit_config/share/iiwa7_moveit_config/package.sh'
[6.228s] INFO:colcon.colcon_core.shell:Creating package script '/home/khamrouni/lbr-stack/src/lbr_fri_ros2_stack/install/iiwa7_moveit_config/share/iiwa7_moveit_config/package.bash'
[6.229s] INFO:colcon.colcon_core.shell:Creating package script '/home/khamrouni/lbr-stack/src/lbr_fri_ros2_stack/install/iiwa7_moveit_config/share/iiwa7_moveit_config/package.zsh'
[6.230s] Level 1:colcon.colcon_core.environment:create_file_with_runtime_dependencies(/home/khamrouni/lbr-stack/src/lbr_fri_ros2_stack/install/iiwa7_moveit_config/share/colcon-core/packages/iiwa7_moveit_config)
[6.230s] Level 1:colcon.colcon_core.environment:create_environment_scripts_only(med14_moveit_config)
[6.231s] Level 1:colcon.colcon_core.environment:checking '/home/khamrouni/lbr-stack/src/lbr_fri_ros2_stack/install/med14_moveit_config' for CMake module files
[6.233s] DEBUG:colcon.colcon_core.event_handler.log_command:Invoked command in '/home/khamrouni/lbr-stack/src/lbr_fri_ros2_stack/build/med14_moveit_config' returned '0': AMENT_PREFIX_PATH=/home/khamrouni/lbr-stack/src/lbr_fri_ros2_stack/install/lbr_description:${AMENT_PREFIX_PATH} CMAKE_PREFIX_PATH=/home/khamrouni/lbr-stack/src/lbr_fri_ros2_stack/install/lbr_description:/home/khamrouni/auctus/work/kuka_robot/install/velocity_controller:/home/khamrouni/auctus/work/kuka_robot/install/med7_moveit_config:/home/khamrouni/auctus/work/kuka_robot/install/med14_moveit_config:/home/khamrouni/auctus/work/kuka_robot/install/lbr_fri_ros2_stack:/home/khamrouni/auctus/work/kuka_robot/install/lbr_demos_cpp:/home/khamrouni/auctus/work/kuka_robot/install/lbr_bringup:/home/khamrouni/auctus/work/kuka_robot/install/lbr_ros2_control:/home/khamrouni/auctus/work/kuka_robot/install/lbr_moveit_cpp:/home/khamrouni/auctus/work/kuka_robot/install/lbr_demos_advanced_cpp:/home/khamrouni/auctus/work/kuka_robot/install/lbr_fri_ros2:/home/khamrouni/auctus/work/kuka_robot/install/lbr_fri_idl:/home/khamrouni/auctus/work/kuka_robot/install/iiwa7_moveit_config:/home/khamrouni/auctus/work/kuka_robot/install/iiwa14_moveit_config:/home/khamrouni/auctus/work/kuka_robot/install/lbr_description:/home/khamrouni/auctus/work/kuka_robot/install/fri_client_sdk:/home/khamrouni/ws_moveit/install/pilz_industrial_motion_planner_testutils:/home/khamrouni/ws_moveit/install/moveit_runtime:/home/khamrouni/ws_moveit/install/moveit2_tutorials:/home/khamrouni/ws_moveit/install/moveit:/home/khamrouni/ws_moveit/install/moveit_planners:/home/khamrouni/ws_moveit/install/pilz_industrial_motion_planner:/home/khamrouni/ws_moveit/install/moveit_visual_tools:/home/khamrouni/ws_moveit/install/moveit_task_constructor_visualization:/home/khamrouni/ws_moveit/install/moveit_task_constructor_demo:/home/khamrouni/ws_moveit/install/moveit_task_constructor_capabilities:/home/khamrouni/ws_moveit/install/moveit_task_constructor_core:/home/khamrouni/ws_moveit/install/moveit_ros_control_interface:/home/khamrouni/ws_moveit/install/moveit_plugins:/home/khamrouni/ws_moveit/install/moveit_simple_controller_manager:/home/khamrouni/ws_moveit/install/moveit_setup_assistant:/home/khamrouni/ws_moveit/install/moveit_setup_srdf_plugins:/home/khamrouni/ws_moveit/install/moveit_setup_core_plugins:/home/khamrouni/ws_moveit/install/moveit_setup_controllers:/home/khamrouni/ws_moveit/install/moveit_setup_app_plugins:/home/khamrouni/ws_moveit/install/moveit_setup_framework:/home/khamrouni/ws_moveit/install/moveit_servo:/home/khamrouni/ws_moveit/install/moveit_ros:/home/khamrouni/ws_moveit/install/moveit_ros_visualization:/home/khamrouni/ws_moveit/install/moveit_hybrid_planning:/home/khamrouni/ws_moveit/install/move_program:/home/khamrouni/ws_moveit/install/hello_moveit:/home/khamrouni/ws_moveit/install/moveit_ros_planning_interface:/home/khamrouni/ws_moveit/install/moveit_ros_benchmarks:/home/khamrouni/ws_moveit/install/moveit_ros_warehouse:/home/khamrouni/ws_moveit/install/moveit_ros_robot_interaction:/home/khamrouni/ws_moveit/install/moveit_ros_perception:/home/khamrouni/ws_moveit/install/moveit_resources_prbt_pg70_support:/home/khamrouni/ws_moveit/install/moveit_resources_prbt_moveit_config:/home/khamrouni/ws_moveit/install/moveit_ros_move_group:/home/khamrouni/ws_moveit/install/moveit_planners_ompl:/home/khamrouni/ws_moveit/install/moveit_ros_planning:/home/khamrouni/ws_moveit/install/moveit_ros_occupancy_map_monitor:/home/khamrouni/ws_moveit/install/moveit_resources_prbt_ikfast_manipulator_plugin:/home/khamrouni/ws_moveit/install/moveit_planners_chomp:/home/khamrouni/ws_moveit/install/moveit_kinematics:/home/khamrouni/ws_moveit/install/moveit_chomp_optimizer_adapter:/home/khamrouni/ws_moveit/install/chomp_motion_planner:/home/khamrouni/ws_moveit/install/moveit_core:/home/khamrouni/ws_moveit/install/srdfdom:/home/khamrouni/ws_moveit/install/rviz_marker_tools:/home/khamrouni/ws_moveit/install/rosparam_shortcuts:/home/khamrouni/ws_moveit/install/moveit_task_constructor_msgs:/home/khamrouni/ws_moveit/install/moveit_resources_prbt_support:/home/khamrouni/ws_moveit/install/moveit_resources:/home/khamrouni/ws_moveit/install/moveit_resources_pr2_description:/home/khamrouni/ws_moveit/install/moveit_resources_panda_moveit_config:/home/khamrouni/ws_moveit/install/moveit_resources_panda_description:/home/khamrouni/ws_moveit/install/moveit_resources_fanuc_moveit_config:/home/khamrouni/ws_moveit/install/moveit_resources_fanuc_description:/home/khamrouni/ws_moveit/install/moveit_common:/home/khamrouni/robot_ws/install/iiwa_description:/home/khamrouni/ros2_ws/install/polygon_base:/home/khamrouni/ros2_ws/install/iiwa_bringup:/home/khamrouni/ros2_ws/install/iiwa_description:/home/khamrouni/ros2_ws/install/examples_rclcpp_minimal_action_client:/home/khamrouni/ros2_ws/install/examples_rclcpp_cbg_executor:/home/khamrouni/ros2_ws/install/examples_rclcpp_async_client:/home/khamrouni/ros2_ws/install/cpp_parameters:/home/khamrouni/auctus/work/kuka_robot/install/lbr_demos_py:/home/khamrouni/auctus/work/kuka_robot/install/lbr_moveit:/home/khamrouni/auctus/work/kuka_robot/install/lbr_demos_advanced_py:/home/khamrouni/ws_moveit/install/moveit_configs_utils:/home/khamrouni/ws_moveit/install/launch_param_builder:/opt/ros/humble /usr/bin/cmake --install /home/khamrouni/lbr-stack/src/lbr_fri_ros2_stack/build/med14_moveit_config
[6.234s] Level 1:colcon.colcon_core.environment:checking '/home/khamrouni/lbr-stack/src/lbr_fri_ros2_stack/install/med14_moveit_config' for CMake config files
[6.234s] Level 1:colcon.colcon_core.shell:create_environment_hook('med14_moveit_config', 'cmake_prefix_path')
[6.235s] INFO:colcon.colcon_core.shell:Creating environment hook '/home/khamrouni/lbr-stack/src/lbr_fri_ros2_stack/install/med14_moveit_config/share/med14_moveit_config/hook/cmake_prefix_path.ps1'
[6.236s] INFO:colcon.colcon_core.shell:Creating environment descriptor '/home/khamrouni/lbr-stack/src/lbr_fri_ros2_stack/install/med14_moveit_config/share/med14_moveit_config/hook/cmake_prefix_path.dsv'
[6.236s] INFO:colcon.colcon_core.shell:Creating environment hook '/home/khamrouni/lbr-stack/src/lbr_fri_ros2_stack/install/med14_moveit_config/share/med14_moveit_config/hook/cmake_prefix_path.sh'
[6.238s] Level 1:colcon.colcon_core.environment:checking '/home/khamrouni/lbr-stack/src/lbr_fri_ros2_stack/install/med14_moveit_config/bin'
[6.238s] Level 1:colcon.colcon_core.environment:checking '/home/khamrouni/lbr-stack/src/lbr_fri_ros2_stack/install/med14_moveit_config/lib/pkgconfig/med14_moveit_config.pc'
[6.239s] Level 1:colcon.colcon_core.environment:checking '/home/khamrouni/lbr-stack/src/lbr_fri_ros2_stack/install/med14_moveit_config/lib/python3.10/site-packages'
[6.239s] Level 1:colcon.colcon_core.environment:checking '/home/khamrouni/lbr-stack/src/lbr_fri_ros2_stack/install/med14_moveit_config/bin'
[6.240s] INFO:colcon.colcon_core.shell:Creating package script '/home/khamrouni/lbr-stack/src/lbr_fri_ros2_stack/install/med14_moveit_config/share/med14_moveit_config/package.ps1'
[6.241s] INFO:colcon.colcon_core.shell:Creating package descriptor '/home/khamrouni/lbr-stack/src/lbr_fri_ros2_stack/install/med14_moveit_config/share/med14_moveit_config/package.dsv'
[6.242s] INFO:colcon.colcon_core.shell:Creating package script '/home/khamrouni/lbr-stack/src/lbr_fri_ros2_stack/install/med14_moveit_config/share/med14_moveit_config/package.sh'
[6.243s] INFO:colcon.colcon_core.shell:Creating package script '/home/khamrouni/lbr-stack/src/lbr_fri_ros2_stack/install/med14_moveit_config/share/med14_moveit_config/package.bash'
[6.244s] INFO:colcon.colcon_core.shell:Creating package script '/home/khamrouni/lbr-stack/src/lbr_fri_ros2_stack/install/med14_moveit_config/share/med14_moveit_config/package.zsh'
[6.244s] Level 1:colcon.colcon_core.environment:create_file_with_runtime_dependencies(/home/khamrouni/lbr-stack/src/lbr_fri_ros2_stack/install/med14_moveit_config/share/colcon-core/packages/med14_moveit_config)
[6.245s] Level 1:colcon.colcon_core.environment:create_environment_scripts_only(med14_moveit_config)
[6.246s] Level 1:colcon.colcon_core.environment:checking '/home/khamrouni/lbr-stack/src/lbr_fri_ros2_stack/install/med14_moveit_config' for CMake module files
[6.247s] Level 1:colcon.colcon_core.environment:checking '/home/khamrouni/lbr-stack/src/lbr_fri_ros2_stack/install/med14_moveit_config' for CMake config files
[6.247s] Level 1:colcon.colcon_core.shell:create_environment_hook('med14_moveit_config', 'cmake_prefix_path')
[6.248s] INFO:colcon.colcon_core.shell:Creating environment hook '/home/khamrouni/lbr-stack/src/lbr_fri_ros2_stack/install/med14_moveit_config/share/med14_moveit_config/hook/cmake_prefix_path.ps1'
[6.249s] INFO:colcon.colcon_core.shell:Creating environment descriptor '/home/khamrouni/lbr-stack/src/lbr_fri_ros2_stack/install/med14_moveit_config/share/med14_moveit_config/hook/cmake_prefix_path.dsv'
[6.249s] INFO:colcon.colcon_core.shell:Creating environment hook '/home/khamrouni/lbr-stack/src/lbr_fri_ros2_stack/install/med14_moveit_config/share/med14_moveit_config/hook/cmake_prefix_path.sh'
[6.250s] Level 1:colcon.colcon_core.environment:checking '/home/khamrouni/lbr-stack/src/lbr_fri_ros2_stack/install/med14_moveit_config/bin'
[6.250s] Level 1:colcon.colcon_core.environment:checking '/home/khamrouni/lbr-stack/src/lbr_fri_ros2_stack/install/med14_moveit_config/lib/pkgconfig/med14_moveit_config.pc'
[6.251s] Level 1:colcon.colcon_core.environment:checking '/home/khamrouni/lbr-stack/src/lbr_fri_ros2_stack/install/med14_moveit_config/lib/python3.10/site-packages'
[6.251s] Level 1:colcon.colcon_core.environment:checking '/home/khamrouni/lbr-stack/src/lbr_fri_ros2_stack/install/med14_moveit_config/bin'
[6.252s] INFO:colcon.colcon_core.shell:Creating package script '/home/khamrouni/lbr-stack/src/lbr_fri_ros2_stack/install/med14_moveit_config/share/med14_moveit_config/package.ps1'
[6.253s] INFO:colcon.colcon_core.shell:Creating package descriptor '/home/khamrouni/lbr-stack/src/lbr_fri_ros2_stack/install/med14_moveit_config/share/med14_moveit_config/package.dsv'
[6.254s] INFO:colcon.colcon_core.shell:Creating package script '/home/khamrouni/lbr-stack/src/lbr_fri_ros2_stack/install/med14_moveit_config/share/med14_moveit_config/package.sh'
[6.255s] INFO:colcon.colcon_core.shell:Creating package script '/home/khamrouni/lbr-stack/src/lbr_fri_ros2_stack/install/med14_moveit_config/share/med14_moveit_config/package.bash'
[6.256s] INFO:colcon.colcon_core.shell:Creating package script '/home/khamrouni/lbr-stack/src/lbr_fri_ros2_stack/install/med14_moveit_config/share/med14_moveit_config/package.zsh'
[6.257s] Level 1:colcon.colcon_core.environment:create_file_with_runtime_dependencies(/home/khamrouni/lbr-stack/src/lbr_fri_ros2_stack/install/med14_moveit_config/share/colcon-core/packages/med14_moveit_config)
[8.370s] DEBUG:colcon.colcon_core.event_handler.log_command:Invoked command in '/home/khamrouni/lbr-stack/src/lbr_fri_ros2_stack/build/lbr_fri_ros2' returned '0': AMENT_PREFIX_PATH=/home/khamrouni/lbr-stack/src/lbr_fri_ros2_stack/install/lbr_description:${AMENT_PREFIX_PATH} CMAKE_PREFIX_PATH=/home/khamrouni/lbr-stack/src/lbr_fri_ros2_stack/install/lbr_description:/home/khamrouni/auctus/work/kuka_robot/install/velocity_controller:/home/khamrouni/auctus/work/kuka_robot/install/med7_moveit_config:/home/khamrouni/auctus/work/kuka_robot/install/med14_moveit_config:/home/khamrouni/auctus/work/kuka_robot/install/lbr_fri_ros2_stack:/home/khamrouni/auctus/work/kuka_robot/install/lbr_demos_cpp:/home/khamrouni/auctus/work/kuka_robot/install/lbr_bringup:/home/khamrouni/auctus/work/kuka_robot/install/lbr_ros2_control:/home/khamrouni/auctus/work/kuka_robot/install/lbr_moveit_cpp:/home/khamrouni/auctus/work/kuka_robot/install/lbr_demos_advanced_cpp:/home/khamrouni/auctus/work/kuka_robot/install/lbr_fri_ros2:/home/khamrouni/auctus/work/kuka_robot/install/lbr_fri_idl:/home/khamrouni/auctus/work/kuka_robot/install/iiwa7_moveit_config:/home/khamrouni/auctus/work/kuka_robot/install/iiwa14_moveit_config:/home/khamrouni/auctus/work/kuka_robot/install/lbr_description:/home/khamrouni/auctus/work/kuka_robot/install/fri_client_sdk:/home/khamrouni/ws_moveit/install/pilz_industrial_motion_planner_testutils:/home/khamrouni/ws_moveit/install/moveit_runtime:/home/khamrouni/ws_moveit/install/moveit2_tutorials:/home/khamrouni/ws_moveit/install/moveit:/home/khamrouni/ws_moveit/install/moveit_planners:/home/khamrouni/ws_moveit/install/pilz_industrial_motion_planner:/home/khamrouni/ws_moveit/install/moveit_visual_tools:/home/khamrouni/ws_moveit/install/moveit_task_constructor_visualization:/home/khamrouni/ws_moveit/install/moveit_task_constructor_demo:/home/khamrouni/ws_moveit/install/moveit_task_constructor_capabilities:/home/khamrouni/ws_moveit/install/moveit_task_constructor_core:/home/khamrouni/ws_moveit/install/moveit_ros_control_interface:/home/khamrouni/ws_moveit/install/moveit_plugins:/home/khamrouni/ws_moveit/install/moveit_simple_controller_manager:/home/khamrouni/ws_moveit/install/moveit_setup_assistant:/home/khamrouni/ws_moveit/install/moveit_setup_srdf_plugins:/home/khamrouni/ws_moveit/install/moveit_setup_core_plugins:/home/khamrouni/ws_moveit/install/moveit_setup_controllers:/home/khamrouni/ws_moveit/install/moveit_setup_app_plugins:/home/khamrouni/ws_moveit/install/moveit_setup_framework:/home/khamrouni/ws_moveit/install/moveit_servo:/home/khamrouni/ws_moveit/install/moveit_ros:/home/khamrouni/ws_moveit/install/moveit_ros_visualization:/home/khamrouni/ws_moveit/install/moveit_hybrid_planning:/home/khamrouni/ws_moveit/install/move_program:/home/khamrouni/ws_moveit/install/hello_moveit:/home/khamrouni/ws_moveit/install/moveit_ros_planning_interface:/home/khamrouni/ws_moveit/install/moveit_ros_benchmarks:/home/khamrouni/ws_moveit/install/moveit_ros_warehouse:/home/khamrouni/ws_moveit/install/moveit_ros_robot_interaction:/home/khamrouni/ws_moveit/install/moveit_ros_perception:/home/khamrouni/ws_moveit/install/moveit_resources_prbt_pg70_support:/home/khamrouni/ws_moveit/install/moveit_resources_prbt_moveit_config:/home/khamrouni/ws_moveit/install/moveit_ros_move_group:/home/khamrouni/ws_moveit/install/moveit_planners_ompl:/home/khamrouni/ws_moveit/install/moveit_ros_planning:/home/khamrouni/ws_moveit/install/moveit_ros_occupancy_map_monitor:/home/khamrouni/ws_moveit/install/moveit_resources_prbt_ikfast_manipulator_plugin:/home/khamrouni/ws_moveit/install/moveit_planners_chomp:/home/khamrouni/ws_moveit/install/moveit_kinematics:/home/khamrouni/ws_moveit/install/moveit_chomp_optimizer_adapter:/home/khamrouni/ws_moveit/install/chomp_motion_planner:/home/khamrouni/ws_moveit/install/moveit_core:/home/khamrouni/ws_moveit/install/srdfdom:/home/khamrouni/ws_moveit/install/rviz_marker_tools:/home/khamrouni/ws_moveit/install/rosparam_shortcuts:/home/khamrouni/ws_moveit/install/moveit_task_constructor_msgs:/home/khamrouni/ws_moveit/install/moveit_resources_prbt_support:/home/khamrouni/ws_moveit/install/moveit_resources:/home/khamrouni/ws_moveit/install/moveit_resources_pr2_description:/home/khamrouni/ws_moveit/install/moveit_resources_panda_moveit_config:/home/khamrouni/ws_moveit/install/moveit_resources_panda_description:/home/khamrouni/ws_moveit/install/moveit_resources_fanuc_moveit_config:/home/khamrouni/ws_moveit/install/moveit_resources_fanuc_description:/home/khamrouni/ws_moveit/install/moveit_common:/home/khamrouni/robot_ws/install/iiwa_description:/home/khamrouni/ros2_ws/install/polygon_base:/home/khamrouni/ros2_ws/install/iiwa_bringup:/home/khamrouni/ros2_ws/install/iiwa_description:/home/khamrouni/ros2_ws/install/examples_rclcpp_minimal_action_client:/home/khamrouni/ros2_ws/install/examples_rclcpp_cbg_executor:/home/khamrouni/ros2_ws/install/examples_rclcpp_async_client:/home/khamrouni/ros2_ws/install/cpp_parameters:/home/khamrouni/auctus/work/kuka_robot/install/lbr_demos_py:/home/khamrouni/auctus/work/kuka_robot/install/lbr_moveit:/home/khamrouni/auctus/work/kuka_robot/install/lbr_demos_advanced_py:/home/khamrouni/ws_moveit/install/moveit_configs_utils:/home/khamrouni/ws_moveit/install/launch_param_builder:/opt/ros/humble /usr/bin/cmake /home/khamrouni/lbr-stack/src/lbr_fri_ros2_stack/lbr_fri_ros2 -DCMAKE_INSTALL_PREFIX=/home/khamrouni/lbr-stack/src/lbr_fri_ros2_stack/install/lbr_fri_ros2
[8.374s] DEBUG:colcon.colcon_core.event_handler.log_command:Invoking command in '/home/khamrouni/lbr-stack/src/lbr_fri_ros2_stack/build/lbr_fri_ros2': AMENT_PREFIX_PATH=/home/khamrouni/lbr-stack/src/lbr_fri_ros2_stack/install/lbr_description:${AMENT_PREFIX_PATH} CMAKE_PREFIX_PATH=/home/khamrouni/lbr-stack/src/lbr_fri_ros2_stack/install/lbr_description:/home/khamrouni/auctus/work/kuka_robot/install/velocity_controller:/home/khamrouni/auctus/work/kuka_robot/install/med7_moveit_config:/home/khamrouni/auctus/work/kuka_robot/install/med14_moveit_config:/home/khamrouni/auctus/work/kuka_robot/install/lbr_fri_ros2_stack:/home/khamrouni/auctus/work/kuka_robot/install/lbr_demos_cpp:/home/khamrouni/auctus/work/kuka_robot/install/lbr_bringup:/home/khamrouni/auctus/work/kuka_robot/install/lbr_ros2_control:/home/khamrouni/auctus/work/kuka_robot/install/lbr_moveit_cpp:/home/khamrouni/auctus/work/kuka_robot/install/lbr_demos_advanced_cpp:/home/khamrouni/auctus/work/kuka_robot/install/lbr_fri_ros2:/home/khamrouni/auctus/work/kuka_robot/install/lbr_fri_idl:/home/khamrouni/auctus/work/kuka_robot/install/iiwa7_moveit_config:/home/khamrouni/auctus/work/kuka_robot/install/iiwa14_moveit_config:/home/khamrouni/auctus/work/kuka_robot/install/lbr_description:/home/khamrouni/auctus/work/kuka_robot/install/fri_client_sdk:/home/khamrouni/ws_moveit/install/pilz_industrial_motion_planner_testutils:/home/khamrouni/ws_moveit/install/moveit_runtime:/home/khamrouni/ws_moveit/install/moveit2_tutorials:/home/khamrouni/ws_moveit/install/moveit:/home/khamrouni/ws_moveit/install/moveit_planners:/home/khamrouni/ws_moveit/install/pilz_industrial_motion_planner:/home/khamrouni/ws_moveit/install/moveit_visual_tools:/home/khamrouni/ws_moveit/install/moveit_task_constructor_visualization:/home/khamrouni/ws_moveit/install/moveit_task_constructor_demo:/home/khamrouni/ws_moveit/install/moveit_task_constructor_capabilities:/home/khamrouni/ws_moveit/install/moveit_task_constructor_core:/home/khamrouni/ws_moveit/install/moveit_ros_control_interface:/home/khamrouni/ws_moveit/install/moveit_plugins:/home/khamrouni/ws_moveit/install/moveit_simple_controller_manager:/home/khamrouni/ws_moveit/install/moveit_setup_assistant:/home/khamrouni/ws_moveit/install/moveit_setup_srdf_plugins:/home/khamrouni/ws_moveit/install/moveit_setup_core_plugins:/home/khamrouni/ws_moveit/install/moveit_setup_controllers:/home/khamrouni/ws_moveit/install/moveit_setup_app_plugins:/home/khamrouni/ws_moveit/install/moveit_setup_framework:/home/khamrouni/ws_moveit/install/moveit_servo:/home/khamrouni/ws_moveit/install/moveit_ros:/home/khamrouni/ws_moveit/install/moveit_ros_visualization:/home/khamrouni/ws_moveit/install/moveit_hybrid_planning:/home/khamrouni/ws_moveit/install/move_program:/home/khamrouni/ws_moveit/install/hello_moveit:/home/khamrouni/ws_moveit/install/moveit_ros_planning_interface:/home/khamrouni/ws_moveit/install/moveit_ros_benchmarks:/home/khamrouni/ws_moveit/install/moveit_ros_warehouse:/home/khamrouni/ws_moveit/install/moveit_ros_robot_interaction:/home/khamrouni/ws_moveit/install/moveit_ros_perception:/home/khamrouni/ws_moveit/install/moveit_resources_prbt_pg70_support:/home/khamrouni/ws_moveit/install/moveit_resources_prbt_moveit_config:/home/khamrouni/ws_moveit/install/moveit_ros_move_group:/home/khamrouni/ws_moveit/install/moveit_planners_ompl:/home/khamrouni/ws_moveit/install/moveit_ros_planning:/home/khamrouni/ws_moveit/install/moveit_ros_occupancy_map_monitor:/home/khamrouni/ws_moveit/install/moveit_resources_prbt_ikfast_manipulator_plugin:/home/khamrouni/ws_moveit/install/moveit_planners_chomp:/home/khamrouni/ws_moveit/install/moveit_kinematics:/home/khamrouni/ws_moveit/install/moveit_chomp_optimizer_adapter:/home/khamrouni/ws_moveit/install/chomp_motion_planner:/home/khamrouni/ws_moveit/install/moveit_core:/home/khamrouni/ws_moveit/install/srdfdom:/home/khamrouni/ws_moveit/install/rviz_marker_tools:/home/khamrouni/ws_moveit/install/rosparam_shortcuts:/home/khamrouni/ws_moveit/install/moveit_task_constructor_msgs:/home/khamrouni/ws_moveit/install/moveit_resources_prbt_support:/home/khamrouni/ws_moveit/install/moveit_resources:/home/khamrouni/ws_moveit/install/moveit_resources_pr2_description:/home/khamrouni/ws_moveit/install/moveit_resources_panda_moveit_config:/home/khamrouni/ws_moveit/install/moveit_resources_panda_description:/home/khamrouni/ws_moveit/install/moveit_resources_fanuc_moveit_config:/home/khamrouni/ws_moveit/install/moveit_resources_fanuc_description:/home/khamrouni/ws_moveit/install/moveit_common:/home/khamrouni/robot_ws/install/iiwa_description:/home/khamrouni/ros2_ws/install/polygon_base:/home/khamrouni/ros2_ws/install/iiwa_bringup:/home/khamrouni/ros2_ws/install/iiwa_description:/home/khamrouni/ros2_ws/install/examples_rclcpp_minimal_action_client:/home/khamrouni/ros2_ws/install/examples_rclcpp_cbg_executor:/home/khamrouni/ros2_ws/install/examples_rclcpp_async_client:/home/khamrouni/ros2_ws/install/cpp_parameters:/home/khamrouni/auctus/work/kuka_robot/install/lbr_demos_py:/home/khamrouni/auctus/work/kuka_robot/install/lbr_moveit:/home/khamrouni/auctus/work/kuka_robot/install/lbr_demos_advanced_py:/home/khamrouni/ws_moveit/install/moveit_configs_utils:/home/khamrouni/ws_moveit/install/launch_param_builder:/opt/ros/humble /usr/bin/cmake --build /home/khamrouni/lbr-stack/src/lbr_fri_ros2_stack/build/lbr_fri_ros2 -- -j8 -l8
[8.407s] DEBUG:colcon.colcon_core.event_handler.log_command:Invoked command in '/home/khamrouni/lbr-stack/src/lbr_fri_ros2_stack/build/lbr_moveit_cpp' returned '0': CMAKE_PREFIX_PATH=${CMAKE_PREFIX_PATH}:/home/khamrouni/auctus/work/kuka_robot/install/lbr_demos_py:/home/khamrouni/auctus/work/kuka_robot/install/lbr_moveit:/home/khamrouni/auctus/work/kuka_robot/install/lbr_demos_advanced_py:/home/khamrouni/ws_moveit/install/moveit_configs_utils:/home/khamrouni/ws_moveit/install/launch_param_builder:/opt/ros/humble /usr/bin/cmake /home/khamrouni/lbr-stack/src/lbr_fri_ros2_stack/lbr_demos/lbr_moveit_cpp -DCMAKE_INSTALL_PREFIX=/home/khamrouni/lbr-stack/src/lbr_fri_ros2_stack/install/lbr_moveit_cpp
[8.410s] DEBUG:colcon.colcon_core.event_handler.log_command:Invoking command in '/home/khamrouni/lbr-stack/src/lbr_fri_ros2_stack/build/lbr_moveit_cpp': CMAKE_PREFIX_PATH=${CMAKE_PREFIX_PATH}:/home/khamrouni/auctus/work/kuka_robot/install/lbr_demos_py:/home/khamrouni/auctus/work/kuka_robot/install/lbr_moveit:/home/khamrouni/auctus/work/kuka_robot/install/lbr_demos_advanced_py:/home/khamrouni/ws_moveit/install/moveit_configs_utils:/home/khamrouni/ws_moveit/install/launch_param_builder:/opt/ros/humble /usr/bin/cmake --build /home/khamrouni/lbr-stack/src/lbr_fri_ros2_stack/build/lbr_moveit_cpp -- -j8 -l8
[31.508s] DEBUG:colcon.colcon_core.event_handler.log_command:Invoked command in '/home/khamrouni/lbr-stack/src/lbr_fri_ros2_stack/build/lbr_moveit_cpp' returned '0': CMAKE_PREFIX_PATH=${CMAKE_PREFIX_PATH}:/home/khamrouni/auctus/work/kuka_robot/install/lbr_demos_py:/home/khamrouni/auctus/work/kuka_robot/install/lbr_moveit:/home/khamrouni/auctus/work/kuka_robot/install/lbr_demos_advanced_py:/home/khamrouni/ws_moveit/install/moveit_configs_utils:/home/khamrouni/ws_moveit/install/launch_param_builder:/opt/ros/humble /usr/bin/cmake --build /home/khamrouni/lbr-stack/src/lbr_fri_ros2_stack/build/lbr_moveit_cpp -- -j8 -l8
[31.512s] DEBUG:colcon.colcon_core.event_handler.log_command:Invoking command in '/home/khamrouni/lbr-stack/src/lbr_fri_ros2_stack/build/lbr_moveit_cpp': CMAKE_PREFIX_PATH=${CMAKE_PREFIX_PATH}:/home/khamrouni/auctus/work/kuka_robot/install/lbr_demos_py:/home/khamrouni/auctus/work/kuka_robot/install/lbr_moveit:/home/khamrouni/auctus/work/kuka_robot/install/lbr_demos_advanced_py:/home/khamrouni/ws_moveit/install/moveit_configs_utils:/home/khamrouni/ws_moveit/install/launch_param_builder:/opt/ros/humble /usr/bin/cmake --install /home/khamrouni/lbr-stack/src/lbr_fri_ros2_stack/build/lbr_moveit_cpp
[31.548s] Level 1:colcon.colcon_core.environment:create_environment_scripts_only(lbr_moveit_cpp)
[31.549s] Level 1:colcon.colcon_core.environment:checking '/home/khamrouni/lbr-stack/src/lbr_fri_ros2_stack/install/lbr_moveit_cpp' for CMake module files
[31.550s] DEBUG:colcon.colcon_core.event_handler.log_command:Invoked command in '/home/khamrouni/lbr-stack/src/lbr_fri_ros2_stack/build/lbr_moveit_cpp' returned '0': CMAKE_PREFIX_PATH=${CMAKE_PREFIX_PATH}:/home/khamrouni/auctus/work/kuka_robot/install/lbr_demos_py:/home/khamrouni/auctus/work/kuka_robot/install/lbr_moveit:/home/khamrouni/auctus/work/kuka_robot/install/lbr_demos_advanced_py:/home/khamrouni/ws_moveit/install/moveit_configs_utils:/home/khamrouni/ws_moveit/install/launch_param_builder:/opt/ros/humble /usr/bin/cmake --install /home/khamrouni/lbr-stack/src/lbr_fri_ros2_stack/build/lbr_moveit_cpp
[31.551s] Level 1:colcon.colcon_core.environment:checking '/home/khamrouni/lbr-stack/src/lbr_fri_ros2_stack/install/lbr_moveit_cpp' for CMake config files
[31.552s] Level 1:colcon.colcon_core.shell:create_environment_hook('lbr_moveit_cpp', 'cmake_prefix_path')
[31.553s] INFO:colcon.colcon_core.shell:Creating environment hook '/home/khamrouni/lbr-stack/src/lbr_fri_ros2_stack/install/lbr_moveit_cpp/share/lbr_moveit_cpp/hook/cmake_prefix_path.ps1'
[31.554s] INFO:colcon.colcon_core.shell:Creating environment descriptor '/home/khamrouni/lbr-stack/src/lbr_fri_ros2_stack/install/lbr_moveit_cpp/share/lbr_moveit_cpp/hook/cmake_prefix_path.dsv'
[31.555s] INFO:colcon.colcon_core.shell:Creating environment hook '/home/khamrouni/lbr-stack/src/lbr_fri_ros2_stack/install/lbr_moveit_cpp/share/lbr_moveit_cpp/hook/cmake_prefix_path.sh'
[31.556s] Level 1:colcon.colcon_core.environment:checking '/home/khamrouni/lbr-stack/src/lbr_fri_ros2_stack/install/lbr_moveit_cpp/lib'
[31.557s] Level 1:colcon.colcon_core.environment:checking '/home/khamrouni/lbr-stack/src/lbr_fri_ros2_stack/install/lbr_moveit_cpp/bin'
[31.557s] Level 1:colcon.colcon_core.environment:checking '/home/khamrouni/lbr-stack/src/lbr_fri_ros2_stack/install/lbr_moveit_cpp/lib/pkgconfig/lbr_moveit_cpp.pc'
[31.558s] Level 1:colcon.colcon_core.environment:checking '/home/khamrouni/lbr-stack/src/lbr_fri_ros2_stack/install/lbr_moveit_cpp/lib/python3.10/site-packages'
[31.558s] Level 1:colcon.colcon_core.environment:checking '/home/khamrouni/lbr-stack/src/lbr_fri_ros2_stack/install/lbr_moveit_cpp/bin'
[31.559s] INFO:colcon.colcon_core.shell:Creating package script '/home/khamrouni/lbr-stack/src/lbr_fri_ros2_stack/install/lbr_moveit_cpp/share/lbr_moveit_cpp/package.ps1'
[31.560s] INFO:colcon.colcon_core.shell:Creating package descriptor '/home/khamrouni/lbr-stack/src/lbr_fri_ros2_stack/install/lbr_moveit_cpp/share/lbr_moveit_cpp/package.dsv'
[31.561s] INFO:colcon.colcon_core.shell:Creating package script '/home/khamrouni/lbr-stack/src/lbr_fri_ros2_stack/install/lbr_moveit_cpp/share/lbr_moveit_cpp/package.sh'
[31.563s] INFO:colcon.colcon_core.shell:Creating package script '/home/khamrouni/lbr-stack/src/lbr_fri_ros2_stack/install/lbr_moveit_cpp/share/lbr_moveit_cpp/package.bash'
[31.563s] INFO:colcon.colcon_core.shell:Creating package script '/home/khamrouni/lbr-stack/src/lbr_fri_ros2_stack/install/lbr_moveit_cpp/share/lbr_moveit_cpp/package.zsh'
[31.564s] Level 1:colcon.colcon_core.environment:create_file_with_runtime_dependencies(/home/khamrouni/lbr-stack/src/lbr_fri_ros2_stack/install/lbr_moveit_cpp/share/colcon-core/packages/lbr_moveit_cpp)
[31.566s] Level 1:colcon.colcon_core.environment:create_environment_scripts_only(lbr_moveit_cpp)
[31.567s] Level 1:colcon.colcon_core.environment:checking '/home/khamrouni/lbr-stack/src/lbr_fri_ros2_stack/install/lbr_moveit_cpp' for CMake module files
[31.568s] Level 1:colcon.colcon_core.environment:checking '/home/khamrouni/lbr-stack/src/lbr_fri_ros2_stack/install/lbr_moveit_cpp' for CMake config files
[31.569s] Level 1:colcon.colcon_core.shell:create_environment_hook('lbr_moveit_cpp', 'cmake_prefix_path')
[31.569s] INFO:colcon.colcon_core.shell:Creating environment hook '/home/khamrouni/lbr-stack/src/lbr_fri_ros2_stack/install/lbr_moveit_cpp/share/lbr_moveit_cpp/hook/cmake_prefix_path.ps1'
[31.570s] INFO:colcon.colcon_core.shell:Creating environment descriptor '/home/khamrouni/lbr-stack/src/lbr_fri_ros2_stack/install/lbr_moveit_cpp/share/lbr_moveit_cpp/hook/cmake_prefix_path.dsv'
[31.571s] INFO:colcon.colcon_core.shell:Creating environment hook '/home/khamrouni/lbr-stack/src/lbr_fri_ros2_stack/install/lbr_moveit_cpp/share/lbr_moveit_cpp/hook/cmake_prefix_path.sh'
[31.573s] Level 1:colcon.colcon_core.environment:checking '/home/khamrouni/lbr-stack/src/lbr_fri_ros2_stack/install/lbr_moveit_cpp/lib'
[31.573s] Level 1:colcon.colcon_core.environment:checking '/home/khamrouni/lbr-stack/src/lbr_fri_ros2_stack/install/lbr_moveit_cpp/bin'
[31.573s] Level 1:colcon.colcon_core.environment:checking '/home/khamrouni/lbr-stack/src/lbr_fri_ros2_stack/install/lbr_moveit_cpp/lib/pkgconfig/lbr_moveit_cpp.pc'
[31.574s] Level 1:colcon.colcon_core.environment:checking '/home/khamrouni/lbr-stack/src/lbr_fri_ros2_stack/install/lbr_moveit_cpp/lib/python3.10/site-packages'
[31.574s] Level 1:colcon.colcon_core.environment:checking '/home/khamrouni/lbr-stack/src/lbr_fri_ros2_stack/install/lbr_moveit_cpp/bin'
[31.575s] INFO:colcon.colcon_core.shell:Creating package script '/home/khamrouni/lbr-stack/src/lbr_fri_ros2_stack/install/lbr_moveit_cpp/share/lbr_moveit_cpp/package.ps1'
[31.578s] INFO:colcon.colcon_core.shell:Creating package descriptor '/home/khamrouni/lbr-stack/src/lbr_fri_ros2_stack/install/lbr_moveit_cpp/share/lbr_moveit_cpp/package.dsv'
[31.579s] INFO:colcon.colcon_core.shell:Creating package script '/home/khamrouni/lbr-stack/src/lbr_fri_ros2_stack/install/lbr_moveit_cpp/share/lbr_moveit_cpp/package.sh'
[31.580s] INFO:colcon.colcon_core.shell:Creating package script '/home/khamrouni/lbr-stack/src/lbr_fri_ros2_stack/install/lbr_moveit_cpp/share/lbr_moveit_cpp/package.bash'
[31.581s] INFO:colcon.colcon_core.shell:Creating package script '/home/khamrouni/lbr-stack/src/lbr_fri_ros2_stack/install/lbr_moveit_cpp/share/lbr_moveit_cpp/package.zsh'
[31.582s] Level 1:colcon.colcon_core.environment:create_file_with_runtime_dependencies(/home/khamrouni/lbr-stack/src/lbr_fri_ros2_stack/install/lbr_moveit_cpp/share/colcon-core/packages/lbr_moveit_cpp)
[51.509s] DEBUG:colcon.colcon_core.event_handler.log_command:Invoked command in '/home/khamrouni/lbr-stack/src/lbr_fri_ros2_stack/build/lbr_fri_ros2' returned '0': AMENT_PREFIX_PATH=/home/khamrouni/lbr-stack/src/lbr_fri_ros2_stack/install/lbr_description:${AMENT_PREFIX_PATH} CMAKE_PREFIX_PATH=/home/khamrouni/lbr-stack/src/lbr_fri_ros2_stack/install/lbr_description:/home/khamrouni/auctus/work/kuka_robot/install/velocity_controller:/home/khamrouni/auctus/work/kuka_robot/install/med7_moveit_config:/home/khamrouni/auctus/work/kuka_robot/install/med14_moveit_config:/home/khamrouni/auctus/work/kuka_robot/install/lbr_fri_ros2_stack:/home/khamrouni/auctus/work/kuka_robot/install/lbr_demos_cpp:/home/khamrouni/auctus/work/kuka_robot/install/lbr_bringup:/home/khamrouni/auctus/work/kuka_robot/install/lbr_ros2_control:/home/khamrouni/auctus/work/kuka_robot/install/lbr_moveit_cpp:/home/khamrouni/auctus/work/kuka_robot/install/lbr_demos_advanced_cpp:/home/khamrouni/auctus/work/kuka_robot/install/lbr_fri_ros2:/home/khamrouni/auctus/work/kuka_robot/install/lbr_fri_idl:/home/khamrouni/auctus/work/kuka_robot/install/iiwa7_moveit_config:/home/khamrouni/auctus/work/kuka_robot/install/iiwa14_moveit_config:/home/khamrouni/auctus/work/kuka_robot/install/lbr_description:/home/khamrouni/auctus/work/kuka_robot/install/fri_client_sdk:/home/khamrouni/ws_moveit/install/pilz_industrial_motion_planner_testutils:/home/khamrouni/ws_moveit/install/moveit_runtime:/home/khamrouni/ws_moveit/install/moveit2_tutorials:/home/khamrouni/ws_moveit/install/moveit:/home/khamrouni/ws_moveit/install/moveit_planners:/home/khamrouni/ws_moveit/install/pilz_industrial_motion_planner:/home/khamrouni/ws_moveit/install/moveit_visual_tools:/home/khamrouni/ws_moveit/install/moveit_task_constructor_visualization:/home/khamrouni/ws_moveit/install/moveit_task_constructor_demo:/home/khamrouni/ws_moveit/install/moveit_task_constructor_capabilities:/home/khamrouni/ws_moveit/install/moveit_task_constructor_core:/home/khamrouni/ws_moveit/install/moveit_ros_control_interface:/home/khamrouni/ws_moveit/install/moveit_plugins:/home/khamrouni/ws_moveit/install/moveit_simple_controller_manager:/home/khamrouni/ws_moveit/install/moveit_setup_assistant:/home/khamrouni/ws_moveit/install/moveit_setup_srdf_plugins:/home/khamrouni/ws_moveit/install/moveit_setup_core_plugins:/home/khamrouni/ws_moveit/install/moveit_setup_controllers:/home/khamrouni/ws_moveit/install/moveit_setup_app_plugins:/home/khamrouni/ws_moveit/install/moveit_setup_framework:/home/khamrouni/ws_moveit/install/moveit_servo:/home/khamrouni/ws_moveit/install/moveit_ros:/home/khamrouni/ws_moveit/install/moveit_ros_visualization:/home/khamrouni/ws_moveit/install/moveit_hybrid_planning:/home/khamrouni/ws_moveit/install/move_program:/home/khamrouni/ws_moveit/install/hello_moveit:/home/khamrouni/ws_moveit/install/moveit_ros_planning_interface:/home/khamrouni/ws_moveit/install/moveit_ros_benchmarks:/home/khamrouni/ws_moveit/install/moveit_ros_warehouse:/home/khamrouni/ws_moveit/install/moveit_ros_robot_interaction:/home/khamrouni/ws_moveit/install/moveit_ros_perception:/home/khamrouni/ws_moveit/install/moveit_resources_prbt_pg70_support:/home/khamrouni/ws_moveit/install/moveit_resources_prbt_moveit_config:/home/khamrouni/ws_moveit/install/moveit_ros_move_group:/home/khamrouni/ws_moveit/install/moveit_planners_ompl:/home/khamrouni/ws_moveit/install/moveit_ros_planning:/home/khamrouni/ws_moveit/install/moveit_ros_occupancy_map_monitor:/home/khamrouni/ws_moveit/install/moveit_resources_prbt_ikfast_manipulator_plugin:/home/khamrouni/ws_moveit/install/moveit_planners_chomp:/home/khamrouni/ws_moveit/install/moveit_kinematics:/home/khamrouni/ws_moveit/install/moveit_chomp_optimizer_adapter:/home/khamrouni/ws_moveit/install/chomp_motion_planner:/home/khamrouni/ws_moveit/install/moveit_core:/home/khamrouni/ws_moveit/install/srdfdom:/home/khamrouni/ws_moveit/install/rviz_marker_tools:/home/khamrouni/ws_moveit/install/rosparam_shortcuts:/home/khamrouni/ws_moveit/install/moveit_task_constructor_msgs:/home/khamrouni/ws_moveit/install/moveit_resources_prbt_support:/home/khamrouni/ws_moveit/install/moveit_resources:/home/khamrouni/ws_moveit/install/moveit_resources_pr2_description:/home/khamrouni/ws_moveit/install/moveit_resources_panda_moveit_config:/home/khamrouni/ws_moveit/install/moveit_resources_panda_description:/home/khamrouni/ws_moveit/install/moveit_resources_fanuc_moveit_config:/home/khamrouni/ws_moveit/install/moveit_resources_fanuc_description:/home/khamrouni/ws_moveit/install/moveit_common:/home/khamrouni/robot_ws/install/iiwa_description:/home/khamrouni/ros2_ws/install/polygon_base:/home/khamrouni/ros2_ws/install/iiwa_bringup:/home/khamrouni/ros2_ws/install/iiwa_description:/home/khamrouni/ros2_ws/install/examples_rclcpp_minimal_action_client:/home/khamrouni/ros2_ws/install/examples_rclcpp_cbg_executor:/home/khamrouni/ros2_ws/install/examples_rclcpp_async_client:/home/khamrouni/ros2_ws/install/cpp_parameters:/home/khamrouni/auctus/work/kuka_robot/install/lbr_demos_py:/home/khamrouni/auctus/work/kuka_robot/install/lbr_moveit:/home/khamrouni/auctus/work/kuka_robot/install/lbr_demos_advanced_py:/home/khamrouni/ws_moveit/install/moveit_configs_utils:/home/khamrouni/ws_moveit/install/launch_param_builder:/opt/ros/humble /usr/bin/cmake --build /home/khamrouni/lbr-stack/src/lbr_fri_ros2_stack/build/lbr_fri_ros2 -- -j8 -l8
[51.513s] DEBUG:colcon.colcon_core.event_handler.log_command:Invoking command in '/home/khamrouni/lbr-stack/src/lbr_fri_ros2_stack/build/lbr_fri_ros2': AMENT_PREFIX_PATH=/home/khamrouni/lbr-stack/src/lbr_fri_ros2_stack/install/lbr_description:${AMENT_PREFIX_PATH} CMAKE_PREFIX_PATH=/home/khamrouni/lbr-stack/src/lbr_fri_ros2_stack/install/lbr_description:/home/khamrouni/auctus/work/kuka_robot/install/velocity_controller:/home/khamrouni/auctus/work/kuka_robot/install/med7_moveit_config:/home/khamrouni/auctus/work/kuka_robot/install/med14_moveit_config:/home/khamrouni/auctus/work/kuka_robot/install/lbr_fri_ros2_stack:/home/khamrouni/auctus/work/kuka_robot/install/lbr_demos_cpp:/home/khamrouni/auctus/work/kuka_robot/install/lbr_bringup:/home/khamrouni/auctus/work/kuka_robot/install/lbr_ros2_control:/home/khamrouni/auctus/work/kuka_robot/install/lbr_moveit_cpp:/home/khamrouni/auctus/work/kuka_robot/install/lbr_demos_advanced_cpp:/home/khamrouni/auctus/work/kuka_robot/install/lbr_fri_ros2:/home/khamrouni/auctus/work/kuka_robot/install/lbr_fri_idl:/home/khamrouni/auctus/work/kuka_robot/install/iiwa7_moveit_config:/home/khamrouni/auctus/work/kuka_robot/install/iiwa14_moveit_config:/home/khamrouni/auctus/work/kuka_robot/install/lbr_description:/home/khamrouni/auctus/work/kuka_robot/install/fri_client_sdk:/home/khamrouni/ws_moveit/install/pilz_industrial_motion_planner_testutils:/home/khamrouni/ws_moveit/install/moveit_runtime:/home/khamrouni/ws_moveit/install/moveit2_tutorials:/home/khamrouni/ws_moveit/install/moveit:/home/khamrouni/ws_moveit/install/moveit_planners:/home/khamrouni/ws_moveit/install/pilz_industrial_motion_planner:/home/khamrouni/ws_moveit/install/moveit_visual_tools:/home/khamrouni/ws_moveit/install/moveit_task_constructor_visualization:/home/khamrouni/ws_moveit/install/moveit_task_constructor_demo:/home/khamrouni/ws_moveit/install/moveit_task_constructor_capabilities:/home/khamrouni/ws_moveit/install/moveit_task_constructor_core:/home/khamrouni/ws_moveit/install/moveit_ros_control_interface:/home/khamrouni/ws_moveit/install/moveit_plugins:/home/khamrouni/ws_moveit/install/moveit_simple_controller_manager:/home/khamrouni/ws_moveit/install/moveit_setup_assistant:/home/khamrouni/ws_moveit/install/moveit_setup_srdf_plugins:/home/khamrouni/ws_moveit/install/moveit_setup_core_plugins:/home/khamrouni/ws_moveit/install/moveit_setup_controllers:/home/khamrouni/ws_moveit/install/moveit_setup_app_plugins:/home/khamrouni/ws_moveit/install/moveit_setup_framework:/home/khamrouni/ws_moveit/install/moveit_servo:/home/khamrouni/ws_moveit/install/moveit_ros:/home/khamrouni/ws_moveit/install/moveit_ros_visualization:/home/khamrouni/ws_moveit/install/moveit_hybrid_planning:/home/khamrouni/ws_moveit/install/move_program:/home/khamrouni/ws_moveit/install/hello_moveit:/home/khamrouni/ws_moveit/install/moveit_ros_planning_interface:/home/khamrouni/ws_moveit/install/moveit_ros_benchmarks:/home/khamrouni/ws_moveit/install/moveit_ros_warehouse:/home/khamrouni/ws_moveit/install/moveit_ros_robot_interaction:/home/khamrouni/ws_moveit/install/moveit_ros_perception:/home/khamrouni/ws_moveit/install/moveit_resources_prbt_pg70_support:/home/khamrouni/ws_moveit/install/moveit_resources_prbt_moveit_config:/home/khamrouni/ws_moveit/install/moveit_ros_move_group:/home/khamrouni/ws_moveit/install/moveit_planners_ompl:/home/khamrouni/ws_moveit/install/moveit_ros_planning:/home/khamrouni/ws_moveit/install/moveit_ros_occupancy_map_monitor:/home/khamrouni/ws_moveit/install/moveit_resources_prbt_ikfast_manipulator_plugin:/home/khamrouni/ws_moveit/install/moveit_planners_chomp:/home/khamrouni/ws_moveit/install/moveit_kinematics:/home/khamrouni/ws_moveit/install/moveit_chomp_optimizer_adapter:/home/khamrouni/ws_moveit/install/chomp_motion_planner:/home/khamrouni/ws_moveit/install/moveit_core:/home/khamrouni/ws_moveit/install/srdfdom:/home/khamrouni/ws_moveit/install/rviz_marker_tools:/home/khamrouni/ws_moveit/install/rosparam_shortcuts:/home/khamrouni/ws_moveit/install/moveit_task_constructor_msgs:/home/khamrouni/ws_moveit/install/moveit_resources_prbt_support:/home/khamrouni/ws_moveit/install/moveit_resources:/home/khamrouni/ws_moveit/install/moveit_resources_pr2_description:/home/khamrouni/ws_moveit/install/moveit_resources_panda_moveit_config:/home/khamrouni/ws_moveit/install/moveit_resources_panda_description:/home/khamrouni/ws_moveit/install/moveit_resources_fanuc_moveit_config:/home/khamrouni/ws_moveit/install/moveit_resources_fanuc_description:/home/khamrouni/ws_moveit/install/moveit_common:/home/khamrouni/robot_ws/install/iiwa_description:/home/khamrouni/ros2_ws/install/polygon_base:/home/khamrouni/ros2_ws/install/iiwa_bringup:/home/khamrouni/ros2_ws/install/iiwa_description:/home/khamrouni/ros2_ws/install/examples_rclcpp_minimal_action_client:/home/khamrouni/ros2_ws/install/examples_rclcpp_cbg_executor:/home/khamrouni/ros2_ws/install/examples_rclcpp_async_client:/home/khamrouni/ros2_ws/install/cpp_parameters:/home/khamrouni/auctus/work/kuka_robot/install/lbr_demos_py:/home/khamrouni/auctus/work/kuka_robot/install/lbr_moveit:/home/khamrouni/auctus/work/kuka_robot/install/lbr_demos_advanced_py:/home/khamrouni/ws_moveit/install/moveit_configs_utils:/home/khamrouni/ws_moveit/install/launch_param_builder:/opt/ros/humble /usr/bin/cmake --install /home/khamrouni/lbr-stack/src/lbr_fri_ros2_stack/build/lbr_fri_ros2
[51.542s] Level 1:colcon.colcon_core.environment:create_environment_scripts_only(lbr_fri_ros2)
[51.542s] Level 1:colcon.colcon_core.environment:checking '/home/khamrouni/lbr-stack/src/lbr_fri_ros2_stack/install/lbr_fri_ros2' for CMake module files
[51.543s] DEBUG:colcon.colcon_core.event_handler.log_command:Invoked command in '/home/khamrouni/lbr-stack/src/lbr_fri_ros2_stack/build/lbr_fri_ros2' returned '0': AMENT_PREFIX_PATH=/home/khamrouni/lbr-stack/src/lbr_fri_ros2_stack/install/lbr_description:${AMENT_PREFIX_PATH} CMAKE_PREFIX_PATH=/home/khamrouni/lbr-stack/src/lbr_fri_ros2_stack/install/lbr_description:/home/khamrouni/auctus/work/kuka_robot/install/velocity_controller:/home/khamrouni/auctus/work/kuka_robot/install/med7_moveit_config:/home/khamrouni/auctus/work/kuka_robot/install/med14_moveit_config:/home/khamrouni/auctus/work/kuka_robot/install/lbr_fri_ros2_stack:/home/khamrouni/auctus/work/kuka_robot/install/lbr_demos_cpp:/home/khamrouni/auctus/work/kuka_robot/install/lbr_bringup:/home/khamrouni/auctus/work/kuka_robot/install/lbr_ros2_control:/home/khamrouni/auctus/work/kuka_robot/install/lbr_moveit_cpp:/home/khamrouni/auctus/work/kuka_robot/install/lbr_demos_advanced_cpp:/home/khamrouni/auctus/work/kuka_robot/install/lbr_fri_ros2:/home/khamrouni/auctus/work/kuka_robot/install/lbr_fri_idl:/home/khamrouni/auctus/work/kuka_robot/install/iiwa7_moveit_config:/home/khamrouni/auctus/work/kuka_robot/install/iiwa14_moveit_config:/home/khamrouni/auctus/work/kuka_robot/install/lbr_description:/home/khamrouni/auctus/work/kuka_robot/install/fri_client_sdk:/home/khamrouni/ws_moveit/install/pilz_industrial_motion_planner_testutils:/home/khamrouni/ws_moveit/install/moveit_runtime:/home/khamrouni/ws_moveit/install/moveit2_tutorials:/home/khamrouni/ws_moveit/install/moveit:/home/khamrouni/ws_moveit/install/moveit_planners:/home/khamrouni/ws_moveit/install/pilz_industrial_motion_planner:/home/khamrouni/ws_moveit/install/moveit_visual_tools:/home/khamrouni/ws_moveit/install/moveit_task_constructor_visualization:/home/khamrouni/ws_moveit/install/moveit_task_constructor_demo:/home/khamrouni/ws_moveit/install/moveit_task_constructor_capabilities:/home/khamrouni/ws_moveit/install/moveit_task_constructor_core:/home/khamrouni/ws_moveit/install/moveit_ros_control_interface:/home/khamrouni/ws_moveit/install/moveit_plugins:/home/khamrouni/ws_moveit/install/moveit_simple_controller_manager:/home/khamrouni/ws_moveit/install/moveit_setup_assistant:/home/khamrouni/ws_moveit/install/moveit_setup_srdf_plugins:/home/khamrouni/ws_moveit/install/moveit_setup_core_plugins:/home/khamrouni/ws_moveit/install/moveit_setup_controllers:/home/khamrouni/ws_moveit/install/moveit_setup_app_plugins:/home/khamrouni/ws_moveit/install/moveit_setup_framework:/home/khamrouni/ws_moveit/install/moveit_servo:/home/khamrouni/ws_moveit/install/moveit_ros:/home/khamrouni/ws_moveit/install/moveit_ros_visualization:/home/khamrouni/ws_moveit/install/moveit_hybrid_planning:/home/khamrouni/ws_moveit/install/move_program:/home/khamrouni/ws_moveit/install/hello_moveit:/home/khamrouni/ws_moveit/install/moveit_ros_planning_interface:/home/khamrouni/ws_moveit/install/moveit_ros_benchmarks:/home/khamrouni/ws_moveit/install/moveit_ros_warehouse:/home/khamrouni/ws_moveit/install/moveit_ros_robot_interaction:/home/khamrouni/ws_moveit/install/moveit_ros_perception:/home/khamrouni/ws_moveit/install/moveit_resources_prbt_pg70_support:/home/khamrouni/ws_moveit/install/moveit_resources_prbt_moveit_config:/home/khamrouni/ws_moveit/install/moveit_ros_move_group:/home/khamrouni/ws_moveit/install/moveit_planners_ompl:/home/khamrouni/ws_moveit/install/moveit_ros_planning:/home/khamrouni/ws_moveit/install/moveit_ros_occupancy_map_monitor:/home/khamrouni/ws_moveit/install/moveit_resources_prbt_ikfast_manipulator_plugin:/home/khamrouni/ws_moveit/install/moveit_planners_chomp:/home/khamrouni/ws_moveit/install/moveit_kinematics:/home/khamrouni/ws_moveit/install/moveit_chomp_optimizer_adapter:/home/khamrouni/ws_moveit/install/chomp_motion_planner:/home/khamrouni/ws_moveit/install/moveit_core:/home/khamrouni/ws_moveit/install/srdfdom:/home/khamrouni/ws_moveit/install/rviz_marker_tools:/home/khamrouni/ws_moveit/install/rosparam_shortcuts:/home/khamrouni/ws_moveit/install/moveit_task_constructor_msgs:/home/khamrouni/ws_moveit/install/moveit_resources_prbt_support:/home/khamrouni/ws_moveit/install/moveit_resources:/home/khamrouni/ws_moveit/install/moveit_resources_pr2_description:/home/khamrouni/ws_moveit/install/moveit_resources_panda_moveit_config:/home/khamrouni/ws_moveit/install/moveit_resources_panda_description:/home/khamrouni/ws_moveit/install/moveit_resources_fanuc_moveit_config:/home/khamrouni/ws_moveit/install/moveit_resources_fanuc_description:/home/khamrouni/ws_moveit/install/moveit_common:/home/khamrouni/robot_ws/install/iiwa_description:/home/khamrouni/ros2_ws/install/polygon_base:/home/khamrouni/ros2_ws/install/iiwa_bringup:/home/khamrouni/ros2_ws/install/iiwa_description:/home/khamrouni/ros2_ws/install/examples_rclcpp_minimal_action_client:/home/khamrouni/ros2_ws/install/examples_rclcpp_cbg_executor:/home/khamrouni/ros2_ws/install/examples_rclcpp_async_client:/home/khamrouni/ros2_ws/install/cpp_parameters:/home/khamrouni/auctus/work/kuka_robot/install/lbr_demos_py:/home/khamrouni/auctus/work/kuka_robot/install/lbr_moveit:/home/khamrouni/auctus/work/kuka_robot/install/lbr_demos_advanced_py:/home/khamrouni/ws_moveit/install/moveit_configs_utils:/home/khamrouni/ws_moveit/install/launch_param_builder:/opt/ros/humble /usr/bin/cmake --install /home/khamrouni/lbr-stack/src/lbr_fri_ros2_stack/build/lbr_fri_ros2
[51.544s] Level 1:colcon.colcon_core.environment:checking '/home/khamrouni/lbr-stack/src/lbr_fri_ros2_stack/install/lbr_fri_ros2' for CMake config files
[51.545s] Level 1:colcon.colcon_core.shell:create_environment_hook('lbr_fri_ros2', 'cmake_prefix_path')
[51.545s] INFO:colcon.colcon_core.shell:Creating environment hook '/home/khamrouni/lbr-stack/src/lbr_fri_ros2_stack/install/lbr_fri_ros2/share/lbr_fri_ros2/hook/cmake_prefix_path.ps1'
[51.546s] INFO:colcon.colcon_core.shell:Creating environment descriptor '/home/khamrouni/lbr-stack/src/lbr_fri_ros2_stack/install/lbr_fri_ros2/share/lbr_fri_ros2/hook/cmake_prefix_path.dsv'
[51.547s] INFO:colcon.colcon_core.shell:Creating environment hook '/home/khamrouni/lbr-stack/src/lbr_fri_ros2_stack/install/lbr_fri_ros2/share/lbr_fri_ros2/hook/cmake_prefix_path.sh'
[51.548s] Level 1:colcon.colcon_core.environment:checking '/home/khamrouni/lbr-stack/src/lbr_fri_ros2_stack/install/lbr_fri_ros2/lib'
[51.548s] Level 1:colcon.colcon_core.shell:create_environment_hook('lbr_fri_ros2', 'ld_library_path_lib')
[51.549s] INFO:colcon.colcon_core.shell:Creating environment hook '/home/khamrouni/lbr-stack/src/lbr_fri_ros2_stack/install/lbr_fri_ros2/share/lbr_fri_ros2/hook/ld_library_path_lib.ps1'
[51.549s] INFO:colcon.colcon_core.shell:Creating environment descriptor '/home/khamrouni/lbr-stack/src/lbr_fri_ros2_stack/install/lbr_fri_ros2/share/lbr_fri_ros2/hook/ld_library_path_lib.dsv'
[51.550s] INFO:colcon.colcon_core.shell:Creating environment hook '/home/khamrouni/lbr-stack/src/lbr_fri_ros2_stack/install/lbr_fri_ros2/share/lbr_fri_ros2/hook/ld_library_path_lib.sh'
[51.551s] Level 1:colcon.colcon_core.environment:checking '/home/khamrouni/lbr-stack/src/lbr_fri_ros2_stack/install/lbr_fri_ros2/bin'
[51.551s] Level 1:colcon.colcon_core.environment:checking '/home/khamrouni/lbr-stack/src/lbr_fri_ros2_stack/install/lbr_fri_ros2/lib/pkgconfig/lbr_fri_ros2.pc'
[51.552s] Level 1:colcon.colcon_core.environment:checking '/home/khamrouni/lbr-stack/src/lbr_fri_ros2_stack/install/lbr_fri_ros2/lib/python3.10/site-packages'
[51.552s] Level 1:colcon.colcon_core.environment:checking '/home/khamrouni/lbr-stack/src/lbr_fri_ros2_stack/install/lbr_fri_ros2/bin'
[51.553s] INFO:colcon.colcon_core.shell:Creating package script '/home/khamrouni/lbr-stack/src/lbr_fri_ros2_stack/install/lbr_fri_ros2/share/lbr_fri_ros2/package.ps1'
[51.554s] INFO:colcon.colcon_core.shell:Creating package descriptor '/home/khamrouni/lbr-stack/src/lbr_fri_ros2_stack/install/lbr_fri_ros2/share/lbr_fri_ros2/package.dsv'
[51.555s] INFO:colcon.colcon_core.shell:Creating package script '/home/khamrouni/lbr-stack/src/lbr_fri_ros2_stack/install/lbr_fri_ros2/share/lbr_fri_ros2/package.sh'
[51.556s] INFO:colcon.colcon_core.shell:Creating package script '/home/khamrouni/lbr-stack/src/lbr_fri_ros2_stack/install/lbr_fri_ros2/share/lbr_fri_ros2/package.bash'
[51.557s] INFO:colcon.colcon_core.shell:Creating package script '/home/khamrouni/lbr-stack/src/lbr_fri_ros2_stack/install/lbr_fri_ros2/share/lbr_fri_ros2/package.zsh'
[51.558s] Level 1:colcon.colcon_core.environment:create_file_with_runtime_dependencies(/home/khamrouni/lbr-stack/src/lbr_fri_ros2_stack/install/lbr_fri_ros2/share/colcon-core/packages/lbr_fri_ros2)
[51.559s] Level 1:colcon.colcon_core.environment:create_environment_scripts_only(lbr_fri_ros2)
[51.559s] Level 1:colcon.colcon_core.environment:checking '/home/khamrouni/lbr-stack/src/lbr_fri_ros2_stack/install/lbr_fri_ros2' for CMake module files
[51.560s] Level 1:colcon.colcon_core.environment:checking '/home/khamrouni/lbr-stack/src/lbr_fri_ros2_stack/install/lbr_fri_ros2' for CMake config files
[51.561s] Level 1:colcon.colcon_core.shell:create_environment_hook('lbr_fri_ros2', 'cmake_prefix_path')
[51.562s] INFO:colcon.colcon_core.shell:Creating environment hook '/home/khamrouni/lbr-stack/src/lbr_fri_ros2_stack/install/lbr_fri_ros2/share/lbr_fri_ros2/hook/cmake_prefix_path.ps1'
[51.562s] INFO:colcon.colcon_core.shell:Creating environment descriptor '/home/khamrouni/lbr-stack/src/lbr_fri_ros2_stack/install/lbr_fri_ros2/share/lbr_fri_ros2/hook/cmake_prefix_path.dsv'
[51.563s] INFO:colcon.colcon_core.shell:Creating environment hook '/home/khamrouni/lbr-stack/src/lbr_fri_ros2_stack/install/lbr_fri_ros2/share/lbr_fri_ros2/hook/cmake_prefix_path.sh'
[51.564s] Level 1:colcon.colcon_core.environment:checking '/home/khamrouni/lbr-stack/src/lbr_fri_ros2_stack/install/lbr_fri_ros2/lib'
[51.564s] Level 1:colcon.colcon_core.shell:create_environment_hook('lbr_fri_ros2', 'ld_library_path_lib')
[51.565s] INFO:colcon.colcon_core.shell:Creating environment hook '/home/khamrouni/lbr-stack/src/lbr_fri_ros2_stack/install/lbr_fri_ros2/share/lbr_fri_ros2/hook/ld_library_path_lib.ps1'
[51.566s] INFO:colcon.colcon_core.shell:Creating environment descriptor '/home/khamrouni/lbr-stack/src/lbr_fri_ros2_stack/install/lbr_fri_ros2/share/lbr_fri_ros2/hook/ld_library_path_lib.dsv'
[51.567s] INFO:colcon.colcon_core.shell:Creating environment hook '/home/khamrouni/lbr-stack/src/lbr_fri_ros2_stack/install/lbr_fri_ros2/share/lbr_fri_ros2/hook/ld_library_path_lib.sh'
[51.568s] Level 1:colcon.colcon_core.environment:checking '/home/khamrouni/lbr-stack/src/lbr_fri_ros2_stack/install/lbr_fri_ros2/bin'
[51.568s] Level 1:colcon.colcon_core.environment:checking '/home/khamrouni/lbr-stack/src/lbr_fri_ros2_stack/install/lbr_fri_ros2/lib/pkgconfig/lbr_fri_ros2.pc'
[51.568s] Level 1:colcon.colcon_core.environment:checking '/home/khamrouni/lbr-stack/src/lbr_fri_ros2_stack/install/lbr_fri_ros2/lib/python3.10/site-packages'
[51.569s] Level 1:colcon.colcon_core.environment:checking '/home/khamrouni/lbr-stack/src/lbr_fri_ros2_stack/install/lbr_fri_ros2/bin'
[51.570s] INFO:colcon.colcon_core.shell:Creating package script '/home/khamrouni/lbr-stack/src/lbr_fri_ros2_stack/install/lbr_fri_ros2/share/lbr_fri_ros2/package.ps1'
[51.571s] INFO:colcon.colcon_core.shell:Creating package descriptor '/home/khamrouni/lbr-stack/src/lbr_fri_ros2_stack/install/lbr_fri_ros2/share/lbr_fri_ros2/package.dsv'
[51.572s] INFO:colcon.colcon_core.shell:Creating package script '/home/khamrouni/lbr-stack/src/lbr_fri_ros2_stack/install/lbr_fri_ros2/share/lbr_fri_ros2/package.sh'
[51.573s] INFO:colcon.colcon_core.shell:Creating package script '/home/khamrouni/lbr-stack/src/lbr_fri_ros2_stack/install/lbr_fri_ros2/share/lbr_fri_ros2/package.bash'
[51.574s] INFO:colcon.colcon_core.shell:Creating package script '/home/khamrouni/lbr-stack/src/lbr_fri_ros2_stack/install/lbr_fri_ros2/share/lbr_fri_ros2/package.zsh'
[51.575s] Level 1:colcon.colcon_core.environment:create_file_with_runtime_dependencies(/home/khamrouni/lbr-stack/src/lbr_fri_ros2_stack/install/lbr_fri_ros2/share/colcon-core/packages/lbr_fri_ros2)
[51.575s] INFO:colcon.colcon_ros.task.ament_cmake.build:Building ROS package in '/home/khamrouni/lbr-stack/src/lbr_fri_ros2_stack/lbr_ros2_control' with build type 'ament_cmake'
[51.576s] INFO:colcon.colcon_cmake.task.cmake.build:Building CMake package in '/home/khamrouni/lbr-stack/src/lbr_fri_ros2_stack/lbr_ros2_control'
[51.576s] INFO:colcon.colcon_core.shell:Skip shell extension 'powershell' for command environment: Not usable outside of PowerShell
[51.576s] DEBUG:colcon.colcon_core.shell:Skip shell extension 'dsv' for command environment
[51.594s] INFO:colcon.colcon_ros.task.ament_cmake.build:Building ROS package in '/home/khamrouni/lbr-stack/src/lbr_fri_ros2_stack/lbr_demos/lbr_demos_advanced_cpp' with build type 'ament_cmake'
[51.594s] INFO:colcon.colcon_cmake.task.cmake.build:Building CMake package in '/home/khamrouni/lbr-stack/src/lbr_fri_ros2_stack/lbr_demos/lbr_demos_advanced_cpp'
[51.595s] INFO:colcon.colcon_core.shell:Skip shell extension 'powershell' for command environment: Not usable outside of PowerShell
[51.595s] DEBUG:colcon.colcon_core.shell:Skip shell extension 'dsv' for command environment
[51.613s] INFO:colcon.colcon_ros.task.ament_python.build:Building ROS package in '/home/khamrouni/lbr-stack/src/lbr_fri_ros2_stack/lbr_demos/lbr_demos_advanced_py' with build type 'ament_python'
[51.613s] Level 1:colcon.colcon_core.shell:create_environment_hook('lbr_demos_advanced_py', 'ament_prefix_path')
[51.614s] INFO:colcon.colcon_core.shell:Creating environment hook '/home/khamrouni/lbr-stack/src/lbr_fri_ros2_stack/install/lbr_demos_advanced_py/share/lbr_demos_advanced_py/hook/ament_prefix_path.ps1'
[51.615s] INFO:colcon.colcon_core.shell:Creating environment descriptor '/home/khamrouni/lbr-stack/src/lbr_fri_ros2_stack/install/lbr_demos_advanced_py/share/lbr_demos_advanced_py/hook/ament_prefix_path.dsv'
[51.615s] INFO:colcon.colcon_core.shell:Creating environment hook '/home/khamrouni/lbr-stack/src/lbr_fri_ros2_stack/install/lbr_demos_advanced_py/share/lbr_demos_advanced_py/hook/ament_prefix_path.sh'
[51.616s] INFO:colcon.colcon_core.shell:Skip shell extension 'powershell' for command environment: Not usable outside of PowerShell
[51.617s] DEBUG:colcon.colcon_core.shell:Skip shell extension 'dsv' for command environment
[51.643s] DEBUG:colcon.colcon_core.event_handler.log_command:Invoking command in '/home/khamrouni/lbr-stack/src/lbr_fri_ros2_stack/build/lbr_ros2_control': AMENT_PREFIX_PATH=/home/khamrouni/lbr-stack/src/lbr_fri_ros2_stack/install/lbr_fri_ros2:/home/khamrouni/lbr-stack/src/lbr_fri_ros2_stack/install/lbr_description:${AMENT_PREFIX_PATH} CMAKE_PREFIX_PATH=/home/khamrouni/lbr-stack/src/lbr_fri_ros2_stack/install/lbr_fri_ros2:/home/khamrouni/lbr-stack/src/lbr_fri_ros2_stack/install/lbr_description:/home/khamrouni/auctus/work/kuka_robot/install/velocity_controller:/home/khamrouni/auctus/work/kuka_robot/install/med7_moveit_config:/home/khamrouni/auctus/work/kuka_robot/install/med14_moveit_config:/home/khamrouni/auctus/work/kuka_robot/install/lbr_fri_ros2_stack:/home/khamrouni/auctus/work/kuka_robot/install/lbr_demos_cpp:/home/khamrouni/auctus/work/kuka_robot/install/lbr_bringup:/home/khamrouni/auctus/work/kuka_robot/install/lbr_ros2_control:/home/khamrouni/auctus/work/kuka_robot/install/lbr_moveit_cpp:/home/khamrouni/auctus/work/kuka_robot/install/lbr_demos_advanced_cpp:/home/khamrouni/auctus/work/kuka_robot/install/lbr_fri_ros2:/home/khamrouni/auctus/work/kuka_robot/install/lbr_fri_idl:/home/khamrouni/auctus/work/kuka_robot/install/iiwa7_moveit_config:/home/khamrouni/auctus/work/kuka_robot/install/iiwa14_moveit_config:/home/khamrouni/auctus/work/kuka_robot/install/lbr_description:/home/khamrouni/auctus/work/kuka_robot/install/fri_client_sdk:/home/khamrouni/ws_moveit/install/pilz_industrial_motion_planner_testutils:/home/khamrouni/ws_moveit/install/moveit_runtime:/home/khamrouni/ws_moveit/install/moveit2_tutorials:/home/khamrouni/ws_moveit/install/moveit:/home/khamrouni/ws_moveit/install/moveit_planners:/home/khamrouni/ws_moveit/install/pilz_industrial_motion_planner:/home/khamrouni/ws_moveit/install/moveit_visual_tools:/home/khamrouni/ws_moveit/install/moveit_task_constructor_visualization:/home/khamrouni/ws_moveit/install/moveit_task_constructor_demo:/home/khamrouni/ws_moveit/install/moveit_task_constructor_capabilities:/home/khamrouni/ws_moveit/install/moveit_task_constructor_core:/home/khamrouni/ws_moveit/install/moveit_ros_control_interface:/home/khamrouni/ws_moveit/install/moveit_plugins:/home/khamrouni/ws_moveit/install/moveit_simple_controller_manager:/home/khamrouni/ws_moveit/install/moveit_setup_assistant:/home/khamrouni/ws_moveit/install/moveit_setup_srdf_plugins:/home/khamrouni/ws_moveit/install/moveit_setup_core_plugins:/home/khamrouni/ws_moveit/install/moveit_setup_controllers:/home/khamrouni/ws_moveit/install/moveit_setup_app_plugins:/home/khamrouni/ws_moveit/install/moveit_setup_framework:/home/khamrouni/ws_moveit/install/moveit_servo:/home/khamrouni/ws_moveit/install/moveit_ros:/home/khamrouni/ws_moveit/install/moveit_ros_visualization:/home/khamrouni/ws_moveit/install/moveit_hybrid_planning:/home/khamrouni/ws_moveit/install/move_program:/home/khamrouni/ws_moveit/install/hello_moveit:/home/khamrouni/ws_moveit/install/moveit_ros_planning_interface:/home/khamrouni/ws_moveit/install/moveit_ros_benchmarks:/home/khamrouni/ws_moveit/install/moveit_ros_warehouse:/home/khamrouni/ws_moveit/install/moveit_ros_robot_interaction:/home/khamrouni/ws_moveit/install/moveit_ros_perception:/home/khamrouni/ws_moveit/install/moveit_resources_prbt_pg70_support:/home/khamrouni/ws_moveit/install/moveit_resources_prbt_moveit_config:/home/khamrouni/ws_moveit/install/moveit_ros_move_group:/home/khamrouni/ws_moveit/install/moveit_planners_ompl:/home/khamrouni/ws_moveit/install/moveit_ros_planning:/home/khamrouni/ws_moveit/install/moveit_ros_occupancy_map_monitor:/home/khamrouni/ws_moveit/install/moveit_resources_prbt_ikfast_manipulator_plugin:/home/khamrouni/ws_moveit/install/moveit_planners_chomp:/home/khamrouni/ws_moveit/install/moveit_kinematics:/home/khamrouni/ws_moveit/install/moveit_chomp_optimizer_adapter:/home/khamrouni/ws_moveit/install/chomp_motion_planner:/home/khamrouni/ws_moveit/install/moveit_core:/home/khamrouni/ws_moveit/install/srdfdom:/home/khamrouni/ws_moveit/install/rviz_marker_tools:/home/khamrouni/ws_moveit/install/rosparam_shortcuts:/home/khamrouni/ws_moveit/install/moveit_task_constructor_msgs:/home/khamrouni/ws_moveit/install/moveit_resources_prbt_support:/home/khamrouni/ws_moveit/install/moveit_resources:/home/khamrouni/ws_moveit/install/moveit_resources_pr2_description:/home/khamrouni/ws_moveit/install/moveit_resources_panda_moveit_config:/home/khamrouni/ws_moveit/install/moveit_resources_panda_description:/home/khamrouni/ws_moveit/install/moveit_resources_fanuc_moveit_config:/home/khamrouni/ws_moveit/install/moveit_resources_fanuc_description:/home/khamrouni/ws_moveit/install/moveit_common:/home/khamrouni/robot_ws/install/iiwa_description:/home/khamrouni/ros2_ws/install/polygon_base:/home/khamrouni/ros2_ws/install/iiwa_bringup:/home/khamrouni/ros2_ws/install/iiwa_description:/home/khamrouni/ros2_ws/install/examples_rclcpp_minimal_action_client:/home/khamrouni/ros2_ws/install/examples_rclcpp_cbg_executor:/home/khamrouni/ros2_ws/install/examples_rclcpp_async_client:/home/khamrouni/ros2_ws/install/cpp_parameters:/home/khamrouni/auctus/work/kuka_robot/install/lbr_demos_py:/home/khamrouni/auctus/work/kuka_robot/install/lbr_moveit:/home/khamrouni/auctus/work/kuka_robot/install/lbr_demos_advanced_py:/home/khamrouni/ws_moveit/install/moveit_configs_utils:/home/khamrouni/ws_moveit/install/launch_param_builder:/opt/ros/humble LD_LIBRARY_PATH=/home/khamrouni/lbr-stack/src/lbr_fri_ros2_stack/install/lbr_fri_ros2/lib:${LD_LIBRARY_PATH} /usr/bin/cmake /home/khamrouni/lbr-stack/src/lbr_fri_ros2_stack/lbr_ros2_control -DCMAKE_INSTALL_PREFIX=/home/khamrouni/lbr-stack/src/lbr_fri_ros2_stack/install/lbr_ros2_control
[51.648s] DEBUG:colcon.colcon_core.event_handler.log_command:Invoking command in '/home/khamrouni/lbr-stack/src/lbr_fri_ros2_stack/build/lbr_demos_advanced_cpp': AMENT_PREFIX_PATH=/home/khamrouni/lbr-stack/src/lbr_fri_ros2_stack/install/lbr_fri_ros2:/home/khamrouni/lbr-stack/src/lbr_fri_ros2_stack/install/lbr_description:${AMENT_PREFIX_PATH} CMAKE_PREFIX_PATH=/home/khamrouni/lbr-stack/src/lbr_fri_ros2_stack/install/lbr_fri_ros2:/home/khamrouni/lbr-stack/src/lbr_fri_ros2_stack/install/lbr_description:/home/khamrouni/auctus/work/kuka_robot/install/velocity_controller:/home/khamrouni/auctus/work/kuka_robot/install/med7_moveit_config:/home/khamrouni/auctus/work/kuka_robot/install/med14_moveit_config:/home/khamrouni/auctus/work/kuka_robot/install/lbr_fri_ros2_stack:/home/khamrouni/auctus/work/kuka_robot/install/lbr_demos_cpp:/home/khamrouni/auctus/work/kuka_robot/install/lbr_bringup:/home/khamrouni/auctus/work/kuka_robot/install/lbr_ros2_control:/home/khamrouni/auctus/work/kuka_robot/install/lbr_moveit_cpp:/home/khamrouni/auctus/work/kuka_robot/install/lbr_demos_advanced_cpp:/home/khamrouni/auctus/work/kuka_robot/install/lbr_fri_ros2:/home/khamrouni/auctus/work/kuka_robot/install/lbr_fri_idl:/home/khamrouni/auctus/work/kuka_robot/install/iiwa7_moveit_config:/home/khamrouni/auctus/work/kuka_robot/install/iiwa14_moveit_config:/home/khamrouni/auctus/work/kuka_robot/install/lbr_description:/home/khamrouni/auctus/work/kuka_robot/install/fri_client_sdk:/home/khamrouni/ws_moveit/install/pilz_industrial_motion_planner_testutils:/home/khamrouni/ws_moveit/install/moveit_runtime:/home/khamrouni/ws_moveit/install/moveit2_tutorials:/home/khamrouni/ws_moveit/install/moveit:/home/khamrouni/ws_moveit/install/moveit_planners:/home/khamrouni/ws_moveit/install/pilz_industrial_motion_planner:/home/khamrouni/ws_moveit/install/moveit_visual_tools:/home/khamrouni/ws_moveit/install/moveit_task_constructor_visualization:/home/khamrouni/ws_moveit/install/moveit_task_constructor_demo:/home/khamrouni/ws_moveit/install/moveit_task_constructor_capabilities:/home/khamrouni/ws_moveit/install/moveit_task_constructor_core:/home/khamrouni/ws_moveit/install/moveit_ros_control_interface:/home/khamrouni/ws_moveit/install/moveit_plugins:/home/khamrouni/ws_moveit/install/moveit_simple_controller_manager:/home/khamrouni/ws_moveit/install/moveit_setup_assistant:/home/khamrouni/ws_moveit/install/moveit_setup_srdf_plugins:/home/khamrouni/ws_moveit/install/moveit_setup_core_plugins:/home/khamrouni/ws_moveit/install/moveit_setup_controllers:/home/khamrouni/ws_moveit/install/moveit_setup_app_plugins:/home/khamrouni/ws_moveit/install/moveit_setup_framework:/home/khamrouni/ws_moveit/install/moveit_servo:/home/khamrouni/ws_moveit/install/moveit_ros:/home/khamrouni/ws_moveit/install/moveit_ros_visualization:/home/khamrouni/ws_moveit/install/moveit_hybrid_planning:/home/khamrouni/ws_moveit/install/move_program:/home/khamrouni/ws_moveit/install/hello_moveit:/home/khamrouni/ws_moveit/install/moveit_ros_planning_interface:/home/khamrouni/ws_moveit/install/moveit_ros_benchmarks:/home/khamrouni/ws_moveit/install/moveit_ros_warehouse:/home/khamrouni/ws_moveit/install/moveit_ros_robot_interaction:/home/khamrouni/ws_moveit/install/moveit_ros_perception:/home/khamrouni/ws_moveit/install/moveit_resources_prbt_pg70_support:/home/khamrouni/ws_moveit/install/moveit_resources_prbt_moveit_config:/home/khamrouni/ws_moveit/install/moveit_ros_move_group:/home/khamrouni/ws_moveit/install/moveit_planners_ompl:/home/khamrouni/ws_moveit/install/moveit_ros_planning:/home/khamrouni/ws_moveit/install/moveit_ros_occupancy_map_monitor:/home/khamrouni/ws_moveit/install/moveit_resources_prbt_ikfast_manipulator_plugin:/home/khamrouni/ws_moveit/install/moveit_planners_chomp:/home/khamrouni/ws_moveit/install/moveit_kinematics:/home/khamrouni/ws_moveit/install/moveit_chomp_optimizer_adapter:/home/khamrouni/ws_moveit/install/chomp_motion_planner:/home/khamrouni/ws_moveit/install/moveit_core:/home/khamrouni/ws_moveit/install/srdfdom:/home/khamrouni/ws_moveit/install/rviz_marker_tools:/home/khamrouni/ws_moveit/install/rosparam_shortcuts:/home/khamrouni/ws_moveit/install/moveit_task_constructor_msgs:/home/khamrouni/ws_moveit/install/moveit_resources_prbt_support:/home/khamrouni/ws_moveit/install/moveit_resources:/home/khamrouni/ws_moveit/install/moveit_resources_pr2_description:/home/khamrouni/ws_moveit/install/moveit_resources_panda_moveit_config:/home/khamrouni/ws_moveit/install/moveit_resources_panda_description:/home/khamrouni/ws_moveit/install/moveit_resources_fanuc_moveit_config:/home/khamrouni/ws_moveit/install/moveit_resources_fanuc_description:/home/khamrouni/ws_moveit/install/moveit_common:/home/khamrouni/robot_ws/install/iiwa_description:/home/khamrouni/ros2_ws/install/polygon_base:/home/khamrouni/ros2_ws/install/iiwa_bringup:/home/khamrouni/ros2_ws/install/iiwa_description:/home/khamrouni/ros2_ws/install/examples_rclcpp_minimal_action_client:/home/khamrouni/ros2_ws/install/examples_rclcpp_cbg_executor:/home/khamrouni/ros2_ws/install/examples_rclcpp_async_client:/home/khamrouni/ros2_ws/install/cpp_parameters:/home/khamrouni/auctus/work/kuka_robot/install/lbr_demos_py:/home/khamrouni/auctus/work/kuka_robot/install/lbr_moveit:/home/khamrouni/auctus/work/kuka_robot/install/lbr_demos_advanced_py:/home/khamrouni/ws_moveit/install/moveit_configs_utils:/home/khamrouni/ws_moveit/install/launch_param_builder:/opt/ros/humble LD_LIBRARY_PATH=/home/khamrouni/lbr-stack/src/lbr_fri_ros2_stack/install/lbr_fri_ros2/lib:${LD_LIBRARY_PATH} /usr/bin/cmake /home/khamrouni/lbr-stack/src/lbr_fri_ros2_stack/lbr_demos/lbr_demos_advanced_cpp -DCMAKE_INSTALL_PREFIX=/home/khamrouni/lbr-stack/src/lbr_fri_ros2_stack/install/lbr_demos_advanced_cpp
[52.327s] INFO:colcon.colcon_core.task.python.build:Building Python package in '/home/khamrouni/lbr-stack/src/lbr_fri_ros2_stack/lbr_demos/lbr_demos_advanced_py'
[52.328s] INFO:colcon.colcon_core.shell:Skip shell extension 'powershell' for command environment: Not usable outside of PowerShell
[52.328s] DEBUG:colcon.colcon_core.shell:Skip shell extension 'dsv' for command environment
[53.237s] DEBUG:colcon.colcon_core.event_handler.log_command:Invoking command in '/home/khamrouni/lbr-stack/src/lbr_fri_ros2_stack/lbr_demos/lbr_demos_advanced_py': AMENT_PREFIX_PATH=/home/khamrouni/lbr-stack/src/lbr_fri_ros2_stack/install/lbr_fri_ros2:/home/khamrouni/lbr-stack/src/lbr_fri_ros2_stack/install/lbr_description:${AMENT_PREFIX_PATH} CMAKE_PREFIX_PATH=/home/khamrouni/lbr-stack/src/lbr_fri_ros2_stack/install/lbr_fri_ros2:/home/khamrouni/lbr-stack/src/lbr_fri_ros2_stack/install/lbr_description:${CMAKE_PREFIX_PATH} LD_LIBRARY_PATH=/home/khamrouni/lbr-stack/src/lbr_fri_ros2_stack/install/lbr_fri_ros2/lib:${LD_LIBRARY_PATH} PYTHONPATH=/home/khamrouni/lbr-stack/src/lbr_fri_ros2_stack/build/lbr_demos_advanced_py/prefix_override:/usr/lib/python3/dist-packages/colcon_core/task/python/colcon_distutils_commands:/home/khamrouni/lbr-stack/src/lbr_fri_ros2_stack/install/lbr_demos_advanced_py/lib/python3.10/site-packages:${PYTHONPATH} /usr/bin/python3 -W ignore:setup.py install is deprecated -W ignore:easy_install command is deprecated setup.py egg_info --egg-base ../../build/lbr_demos_advanced_py build --build-base /home/khamrouni/lbr-stack/src/lbr_fri_ros2_stack/build/lbr_demos_advanced_py/build install --record /home/khamrouni/lbr-stack/src/lbr_fri_ros2_stack/build/lbr_demos_advanced_py/install.log --single-version-externally-managed install_data
[53.995s] Level 1:colcon.colcon_core.environment:checking '/home/khamrouni/lbr-stack/src/lbr_fri_ros2_stack/install/lbr_demos_advanced_py' for CMake module files
[53.996s] DEBUG:colcon.colcon_core.event_handler.log_command:Invoked command in '/home/khamrouni/lbr-stack/src/lbr_fri_ros2_stack/lbr_demos/lbr_demos_advanced_py' returned '0': AMENT_PREFIX_PATH=/home/khamrouni/lbr-stack/src/lbr_fri_ros2_stack/install/lbr_fri_ros2:/home/khamrouni/lbr-stack/src/lbr_fri_ros2_stack/install/lbr_description:${AMENT_PREFIX_PATH} CMAKE_PREFIX_PATH=/home/khamrouni/lbr-stack/src/lbr_fri_ros2_stack/install/lbr_fri_ros2:/home/khamrouni/lbr-stack/src/lbr_fri_ros2_stack/install/lbr_description:${CMAKE_PREFIX_PATH} LD_LIBRARY_PATH=/home/khamrouni/lbr-stack/src/lbr_fri_ros2_stack/install/lbr_fri_ros2/lib:${LD_LIBRARY_PATH} PYTHONPATH=/home/khamrouni/lbr-stack/src/lbr_fri_ros2_stack/build/lbr_demos_advanced_py/prefix_override:/usr/lib/python3/dist-packages/colcon_core/task/python/colcon_distutils_commands:/home/khamrouni/lbr-stack/src/lbr_fri_ros2_stack/install/lbr_demos_advanced_py/lib/python3.10/site-packages:${PYTHONPATH} /usr/bin/python3 -W ignore:setup.py install is deprecated -W ignore:easy_install command is deprecated setup.py egg_info --egg-base ../../build/lbr_demos_advanced_py build --build-base /home/khamrouni/lbr-stack/src/lbr_fri_ros2_stack/build/lbr_demos_advanced_py/build install --record /home/khamrouni/lbr-stack/src/lbr_fri_ros2_stack/build/lbr_demos_advanced_py/install.log --single-version-externally-managed install_data
[53.997s] Level 1:colcon.colcon_core.environment:checking '/home/khamrouni/lbr-stack/src/lbr_fri_ros2_stack/install/lbr_demos_advanced_py' for CMake config files
[53.998s] Level 1:colcon.colcon_core.environment:checking '/home/khamrouni/lbr-stack/src/lbr_fri_ros2_stack/install/lbr_demos_advanced_py/lib'
[53.998s] Level 1:colcon.colcon_core.environment:checking '/home/khamrouni/lbr-stack/src/lbr_fri_ros2_stack/install/lbr_demos_advanced_py/bin'
[53.998s] Level 1:colcon.colcon_core.environment:checking '/home/khamrouni/lbr-stack/src/lbr_fri_ros2_stack/install/lbr_demos_advanced_py/lib/pkgconfig/lbr_demos_advanced_py.pc'
[53.998s] Level 1:colcon.colcon_core.environment:checking '/home/khamrouni/lbr-stack/src/lbr_fri_ros2_stack/install/lbr_demos_advanced_py/lib/python3.10/site-packages'
[53.999s] Level 1:colcon.colcon_core.shell:create_environment_hook('lbr_demos_advanced_py', 'pythonpath')
[53.999s] INFO:colcon.colcon_core.shell:Creating environment hook '/home/khamrouni/lbr-stack/src/lbr_fri_ros2_stack/install/lbr_demos_advanced_py/share/lbr_demos_advanced_py/hook/pythonpath.ps1'
[54.000s] INFO:colcon.colcon_core.shell:Creating environment descriptor '/home/khamrouni/lbr-stack/src/lbr_fri_ros2_stack/install/lbr_demos_advanced_py/share/lbr_demos_advanced_py/hook/pythonpath.dsv'
[54.001s] INFO:colcon.colcon_core.shell:Creating environment hook '/home/khamrouni/lbr-stack/src/lbr_fri_ros2_stack/install/lbr_demos_advanced_py/share/lbr_demos_advanced_py/hook/pythonpath.sh'
[54.002s] Level 1:colcon.colcon_core.environment:checking '/home/khamrouni/lbr-stack/src/lbr_fri_ros2_stack/install/lbr_demos_advanced_py/bin'
[54.002s] Level 1:colcon.colcon_core.environment:create_environment_scripts_only(lbr_demos_advanced_py)
[54.002s] INFO:colcon.colcon_core.shell:Creating package script '/home/khamrouni/lbr-stack/src/lbr_fri_ros2_stack/install/lbr_demos_advanced_py/share/lbr_demos_advanced_py/package.ps1'
[54.003s] INFO:colcon.colcon_core.shell:Creating package descriptor '/home/khamrouni/lbr-stack/src/lbr_fri_ros2_stack/install/lbr_demos_advanced_py/share/lbr_demos_advanced_py/package.dsv'
[54.004s] INFO:colcon.colcon_core.shell:Creating package script '/home/khamrouni/lbr-stack/src/lbr_fri_ros2_stack/install/lbr_demos_advanced_py/share/lbr_demos_advanced_py/package.sh'
[54.005s] INFO:colcon.colcon_core.shell:Creating package script '/home/khamrouni/lbr-stack/src/lbr_fri_ros2_stack/install/lbr_demos_advanced_py/share/lbr_demos_advanced_py/package.bash'
[54.006s] INFO:colcon.colcon_core.shell:Creating package script '/home/khamrouni/lbr-stack/src/lbr_fri_ros2_stack/install/lbr_demos_advanced_py/share/lbr_demos_advanced_py/package.zsh'
[54.006s] Level 1:colcon.colcon_core.environment:create_file_with_runtime_dependencies(/home/khamrouni/lbr-stack/src/lbr_fri_ros2_stack/install/lbr_demos_advanced_py/share/colcon-core/packages/lbr_demos_advanced_py)
[55.882s] DEBUG:colcon.colcon_core.event_handler.log_command:Invoked command in '/home/khamrouni/lbr-stack/src/lbr_fri_ros2_stack/build/lbr_demos_advanced_cpp' returned '0': AMENT_PREFIX_PATH=/home/khamrouni/lbr-stack/src/lbr_fri_ros2_stack/install/lbr_fri_ros2:/home/khamrouni/lbr-stack/src/lbr_fri_ros2_stack/install/lbr_description:${AMENT_PREFIX_PATH} CMAKE_PREFIX_PATH=/home/khamrouni/lbr-stack/src/lbr_fri_ros2_stack/install/lbr_fri_ros2:/home/khamrouni/lbr-stack/src/lbr_fri_ros2_stack/install/lbr_description:/home/khamrouni/auctus/work/kuka_robot/install/velocity_controller:/home/khamrouni/auctus/work/kuka_robot/install/med7_moveit_config:/home/khamrouni/auctus/work/kuka_robot/install/med14_moveit_config:/home/khamrouni/auctus/work/kuka_robot/install/lbr_fri_ros2_stack:/home/khamrouni/auctus/work/kuka_robot/install/lbr_demos_cpp:/home/khamrouni/auctus/work/kuka_robot/install/lbr_bringup:/home/khamrouni/auctus/work/kuka_robot/install/lbr_ros2_control:/home/khamrouni/auctus/work/kuka_robot/install/lbr_moveit_cpp:/home/khamrouni/auctus/work/kuka_robot/install/lbr_demos_advanced_cpp:/home/khamrouni/auctus/work/kuka_robot/install/lbr_fri_ros2:/home/khamrouni/auctus/work/kuka_robot/install/lbr_fri_idl:/home/khamrouni/auctus/work/kuka_robot/install/iiwa7_moveit_config:/home/khamrouni/auctus/work/kuka_robot/install/iiwa14_moveit_config:/home/khamrouni/auctus/work/kuka_robot/install/lbr_description:/home/khamrouni/auctus/work/kuka_robot/install/fri_client_sdk:/home/khamrouni/ws_moveit/install/pilz_industrial_motion_planner_testutils:/home/khamrouni/ws_moveit/install/moveit_runtime:/home/khamrouni/ws_moveit/install/moveit2_tutorials:/home/khamrouni/ws_moveit/install/moveit:/home/khamrouni/ws_moveit/install/moveit_planners:/home/khamrouni/ws_moveit/install/pilz_industrial_motion_planner:/home/khamrouni/ws_moveit/install/moveit_visual_tools:/home/khamrouni/ws_moveit/install/moveit_task_constructor_visualization:/home/khamrouni/ws_moveit/install/moveit_task_constructor_demo:/home/khamrouni/ws_moveit/install/moveit_task_constructor_capabilities:/home/khamrouni/ws_moveit/install/moveit_task_constructor_core:/home/khamrouni/ws_moveit/install/moveit_ros_control_interface:/home/khamrouni/ws_moveit/install/moveit_plugins:/home/khamrouni/ws_moveit/install/moveit_simple_controller_manager:/home/khamrouni/ws_moveit/install/moveit_setup_assistant:/home/khamrouni/ws_moveit/install/moveit_setup_srdf_plugins:/home/khamrouni/ws_moveit/install/moveit_setup_core_plugins:/home/khamrouni/ws_moveit/install/moveit_setup_controllers:/home/khamrouni/ws_moveit/install/moveit_setup_app_plugins:/home/khamrouni/ws_moveit/install/moveit_setup_framework:/home/khamrouni/ws_moveit/install/moveit_servo:/home/khamrouni/ws_moveit/install/moveit_ros:/home/khamrouni/ws_moveit/install/moveit_ros_visualization:/home/khamrouni/ws_moveit/install/moveit_hybrid_planning:/home/khamrouni/ws_moveit/install/move_program:/home/khamrouni/ws_moveit/install/hello_moveit:/home/khamrouni/ws_moveit/install/moveit_ros_planning_interface:/home/khamrouni/ws_moveit/install/moveit_ros_benchmarks:/home/khamrouni/ws_moveit/install/moveit_ros_warehouse:/home/khamrouni/ws_moveit/install/moveit_ros_robot_interaction:/home/khamrouni/ws_moveit/install/moveit_ros_perception:/home/khamrouni/ws_moveit/install/moveit_resources_prbt_pg70_support:/home/khamrouni/ws_moveit/install/moveit_resources_prbt_moveit_config:/home/khamrouni/ws_moveit/install/moveit_ros_move_group:/home/khamrouni/ws_moveit/install/moveit_planners_ompl:/home/khamrouni/ws_moveit/install/moveit_ros_planning:/home/khamrouni/ws_moveit/install/moveit_ros_occupancy_map_monitor:/home/khamrouni/ws_moveit/install/moveit_resources_prbt_ikfast_manipulator_plugin:/home/khamrouni/ws_moveit/install/moveit_planners_chomp:/home/khamrouni/ws_moveit/install/moveit_kinematics:/home/khamrouni/ws_moveit/install/moveit_chomp_optimizer_adapter:/home/khamrouni/ws_moveit/install/chomp_motion_planner:/home/khamrouni/ws_moveit/install/moveit_core:/home/khamrouni/ws_moveit/install/srdfdom:/home/khamrouni/ws_moveit/install/rviz_marker_tools:/home/khamrouni/ws_moveit/install/rosparam_shortcuts:/home/khamrouni/ws_moveit/install/moveit_task_constructor_msgs:/home/khamrouni/ws_moveit/install/moveit_resources_prbt_support:/home/khamrouni/ws_moveit/install/moveit_resources:/home/khamrouni/ws_moveit/install/moveit_resources_pr2_description:/home/khamrouni/ws_moveit/install/moveit_resources_panda_moveit_config:/home/khamrouni/ws_moveit/install/moveit_resources_panda_description:/home/khamrouni/ws_moveit/install/moveit_resources_fanuc_moveit_config:/home/khamrouni/ws_moveit/install/moveit_resources_fanuc_description:/home/khamrouni/ws_moveit/install/moveit_common:/home/khamrouni/robot_ws/install/iiwa_description:/home/khamrouni/ros2_ws/install/polygon_base:/home/khamrouni/ros2_ws/install/iiwa_bringup:/home/khamrouni/ros2_ws/install/iiwa_description:/home/khamrouni/ros2_ws/install/examples_rclcpp_minimal_action_client:/home/khamrouni/ros2_ws/install/examples_rclcpp_cbg_executor:/home/khamrouni/ros2_ws/install/examples_rclcpp_async_client:/home/khamrouni/ros2_ws/install/cpp_parameters:/home/khamrouni/auctus/work/kuka_robot/install/lbr_demos_py:/home/khamrouni/auctus/work/kuka_robot/install/lbr_moveit:/home/khamrouni/auctus/work/kuka_robot/install/lbr_demos_advanced_py:/home/khamrouni/ws_moveit/install/moveit_configs_utils:/home/khamrouni/ws_moveit/install/launch_param_builder:/opt/ros/humble LD_LIBRARY_PATH=/home/khamrouni/lbr-stack/src/lbr_fri_ros2_stack/install/lbr_fri_ros2/lib:${LD_LIBRARY_PATH} /usr/bin/cmake /home/khamrouni/lbr-stack/src/lbr_fri_ros2_stack/lbr_demos/lbr_demos_advanced_cpp -DCMAKE_INSTALL_PREFIX=/home/khamrouni/lbr-stack/src/lbr_fri_ros2_stack/install/lbr_demos_advanced_cpp
[55.885s] DEBUG:colcon.colcon_core.event_handler.log_command:Invoking command in '/home/khamrouni/lbr-stack/src/lbr_fri_ros2_stack/build/lbr_demos_advanced_cpp': AMENT_PREFIX_PATH=/home/khamrouni/lbr-stack/src/lbr_fri_ros2_stack/install/lbr_fri_ros2:/home/khamrouni/lbr-stack/src/lbr_fri_ros2_stack/install/lbr_description:${AMENT_PREFIX_PATH} CMAKE_PREFIX_PATH=/home/khamrouni/lbr-stack/src/lbr_fri_ros2_stack/install/lbr_fri_ros2:/home/khamrouni/lbr-stack/src/lbr_fri_ros2_stack/install/lbr_description:/home/khamrouni/auctus/work/kuka_robot/install/velocity_controller:/home/khamrouni/auctus/work/kuka_robot/install/med7_moveit_config:/home/khamrouni/auctus/work/kuka_robot/install/med14_moveit_config:/home/khamrouni/auctus/work/kuka_robot/install/lbr_fri_ros2_stack:/home/khamrouni/auctus/work/kuka_robot/install/lbr_demos_cpp:/home/khamrouni/auctus/work/kuka_robot/install/lbr_bringup:/home/khamrouni/auctus/work/kuka_robot/install/lbr_ros2_control:/home/khamrouni/auctus/work/kuka_robot/install/lbr_moveit_cpp:/home/khamrouni/auctus/work/kuka_robot/install/lbr_demos_advanced_cpp:/home/khamrouni/auctus/work/kuka_robot/install/lbr_fri_ros2:/home/khamrouni/auctus/work/kuka_robot/install/lbr_fri_idl:/home/khamrouni/auctus/work/kuka_robot/install/iiwa7_moveit_config:/home/khamrouni/auctus/work/kuka_robot/install/iiwa14_moveit_config:/home/khamrouni/auctus/work/kuka_robot/install/lbr_description:/home/khamrouni/auctus/work/kuka_robot/install/fri_client_sdk:/home/khamrouni/ws_moveit/install/pilz_industrial_motion_planner_testutils:/home/khamrouni/ws_moveit/install/moveit_runtime:/home/khamrouni/ws_moveit/install/moveit2_tutorials:/home/khamrouni/ws_moveit/install/moveit:/home/khamrouni/ws_moveit/install/moveit_planners:/home/khamrouni/ws_moveit/install/pilz_industrial_motion_planner:/home/khamrouni/ws_moveit/install/moveit_visual_tools:/home/khamrouni/ws_moveit/install/moveit_task_constructor_visualization:/home/khamrouni/ws_moveit/install/moveit_task_constructor_demo:/home/khamrouni/ws_moveit/install/moveit_task_constructor_capabilities:/home/khamrouni/ws_moveit/install/moveit_task_constructor_core:/home/khamrouni/ws_moveit/install/moveit_ros_control_interface:/home/khamrouni/ws_moveit/install/moveit_plugins:/home/khamrouni/ws_moveit/install/moveit_simple_controller_manager:/home/khamrouni/ws_moveit/install/moveit_setup_assistant:/home/khamrouni/ws_moveit/install/moveit_setup_srdf_plugins:/home/khamrouni/ws_moveit/install/moveit_setup_core_plugins:/home/khamrouni/ws_moveit/install/moveit_setup_controllers:/home/khamrouni/ws_moveit/install/moveit_setup_app_plugins:/home/khamrouni/ws_moveit/install/moveit_setup_framework:/home/khamrouni/ws_moveit/install/moveit_servo:/home/khamrouni/ws_moveit/install/moveit_ros:/home/khamrouni/ws_moveit/install/moveit_ros_visualization:/home/khamrouni/ws_moveit/install/moveit_hybrid_planning:/home/khamrouni/ws_moveit/install/move_program:/home/khamrouni/ws_moveit/install/hello_moveit:/home/khamrouni/ws_moveit/install/moveit_ros_planning_interface:/home/khamrouni/ws_moveit/install/moveit_ros_benchmarks:/home/khamrouni/ws_moveit/install/moveit_ros_warehouse:/home/khamrouni/ws_moveit/install/moveit_ros_robot_interaction:/home/khamrouni/ws_moveit/install/moveit_ros_perception:/home/khamrouni/ws_moveit/install/moveit_resources_prbt_pg70_support:/home/khamrouni/ws_moveit/install/moveit_resources_prbt_moveit_config:/home/khamrouni/ws_moveit/install/moveit_ros_move_group:/home/khamrouni/ws_moveit/install/moveit_planners_ompl:/home/khamrouni/ws_moveit/install/moveit_ros_planning:/home/khamrouni/ws_moveit/install/moveit_ros_occupancy_map_monitor:/home/khamrouni/ws_moveit/install/moveit_resources_prbt_ikfast_manipulator_plugin:/home/khamrouni/ws_moveit/install/moveit_planners_chomp:/home/khamrouni/ws_moveit/install/moveit_kinematics:/home/khamrouni/ws_moveit/install/moveit_chomp_optimizer_adapter:/home/khamrouni/ws_moveit/install/chomp_motion_planner:/home/khamrouni/ws_moveit/install/moveit_core:/home/khamrouni/ws_moveit/install/srdfdom:/home/khamrouni/ws_moveit/install/rviz_marker_tools:/home/khamrouni/ws_moveit/install/rosparam_shortcuts:/home/khamrouni/ws_moveit/install/moveit_task_constructor_msgs:/home/khamrouni/ws_moveit/install/moveit_resources_prbt_support:/home/khamrouni/ws_moveit/install/moveit_resources:/home/khamrouni/ws_moveit/install/moveit_resources_pr2_description:/home/khamrouni/ws_moveit/install/moveit_resources_panda_moveit_config:/home/khamrouni/ws_moveit/install/moveit_resources_panda_description:/home/khamrouni/ws_moveit/install/moveit_resources_fanuc_moveit_config:/home/khamrouni/ws_moveit/install/moveit_resources_fanuc_description:/home/khamrouni/ws_moveit/install/moveit_common:/home/khamrouni/robot_ws/install/iiwa_description:/home/khamrouni/ros2_ws/install/polygon_base:/home/khamrouni/ros2_ws/install/iiwa_bringup:/home/khamrouni/ros2_ws/install/iiwa_description:/home/khamrouni/ros2_ws/install/examples_rclcpp_minimal_action_client:/home/khamrouni/ros2_ws/install/examples_rclcpp_cbg_executor:/home/khamrouni/ros2_ws/install/examples_rclcpp_async_client:/home/khamrouni/ros2_ws/install/cpp_parameters:/home/khamrouni/auctus/work/kuka_robot/install/lbr_demos_py:/home/khamrouni/auctus/work/kuka_robot/install/lbr_moveit:/home/khamrouni/auctus/work/kuka_robot/install/lbr_demos_advanced_py:/home/khamrouni/ws_moveit/install/moveit_configs_utils:/home/khamrouni/ws_moveit/install/launch_param_builder:/opt/ros/humble LD_LIBRARY_PATH=/home/khamrouni/lbr-stack/src/lbr_fri_ros2_stack/install/lbr_fri_ros2/lib:${LD_LIBRARY_PATH} /usr/bin/cmake --build /home/khamrouni/lbr-stack/src/lbr_fri_ros2_stack/build/lbr_demos_advanced_cpp -- -j8 -l8
[56.298s] DEBUG:colcon.colcon_core.event_handler.log_command:Invoked command in '/home/khamrouni/lbr-stack/src/lbr_fri_ros2_stack/build/lbr_ros2_control' returned '0': AMENT_PREFIX_PATH=/home/khamrouni/lbr-stack/src/lbr_fri_ros2_stack/install/lbr_fri_ros2:/home/khamrouni/lbr-stack/src/lbr_fri_ros2_stack/install/lbr_description:${AMENT_PREFIX_PATH} CMAKE_PREFIX_PATH=/home/khamrouni/lbr-stack/src/lbr_fri_ros2_stack/install/lbr_fri_ros2:/home/khamrouni/lbr-stack/src/lbr_fri_ros2_stack/install/lbr_description:/home/khamrouni/auctus/work/kuka_robot/install/velocity_controller:/home/khamrouni/auctus/work/kuka_robot/install/med7_moveit_config:/home/khamrouni/auctus/work/kuka_robot/install/med14_moveit_config:/home/khamrouni/auctus/work/kuka_robot/install/lbr_fri_ros2_stack:/home/khamrouni/auctus/work/kuka_robot/install/lbr_demos_cpp:/home/khamrouni/auctus/work/kuka_robot/install/lbr_bringup:/home/khamrouni/auctus/work/kuka_robot/install/lbr_ros2_control:/home/khamrouni/auctus/work/kuka_robot/install/lbr_moveit_cpp:/home/khamrouni/auctus/work/kuka_robot/install/lbr_demos_advanced_cpp:/home/khamrouni/auctus/work/kuka_robot/install/lbr_fri_ros2:/home/khamrouni/auctus/work/kuka_robot/install/lbr_fri_idl:/home/khamrouni/auctus/work/kuka_robot/install/iiwa7_moveit_config:/home/khamrouni/auctus/work/kuka_robot/install/iiwa14_moveit_config:/home/khamrouni/auctus/work/kuka_robot/install/lbr_description:/home/khamrouni/auctus/work/kuka_robot/install/fri_client_sdk:/home/khamrouni/ws_moveit/install/pilz_industrial_motion_planner_testutils:/home/khamrouni/ws_moveit/install/moveit_runtime:/home/khamrouni/ws_moveit/install/moveit2_tutorials:/home/khamrouni/ws_moveit/install/moveit:/home/khamrouni/ws_moveit/install/moveit_planners:/home/khamrouni/ws_moveit/install/pilz_industrial_motion_planner:/home/khamrouni/ws_moveit/install/moveit_visual_tools:/home/khamrouni/ws_moveit/install/moveit_task_constructor_visualization:/home/khamrouni/ws_moveit/install/moveit_task_constructor_demo:/home/khamrouni/ws_moveit/install/moveit_task_constructor_capabilities:/home/khamrouni/ws_moveit/install/moveit_task_constructor_core:/home/khamrouni/ws_moveit/install/moveit_ros_control_interface:/home/khamrouni/ws_moveit/install/moveit_plugins:/home/khamrouni/ws_moveit/install/moveit_simple_controller_manager:/home/khamrouni/ws_moveit/install/moveit_setup_assistant:/home/khamrouni/ws_moveit/install/moveit_setup_srdf_plugins:/home/khamrouni/ws_moveit/install/moveit_setup_core_plugins:/home/khamrouni/ws_moveit/install/moveit_setup_controllers:/home/khamrouni/ws_moveit/install/moveit_setup_app_plugins:/home/khamrouni/ws_moveit/install/moveit_setup_framework:/home/khamrouni/ws_moveit/install/moveit_servo:/home/khamrouni/ws_moveit/install/moveit_ros:/home/khamrouni/ws_moveit/install/moveit_ros_visualization:/home/khamrouni/ws_moveit/install/moveit_hybrid_planning:/home/khamrouni/ws_moveit/install/move_program:/home/khamrouni/ws_moveit/install/hello_moveit:/home/khamrouni/ws_moveit/install/moveit_ros_planning_interface:/home/khamrouni/ws_moveit/install/moveit_ros_benchmarks:/home/khamrouni/ws_moveit/install/moveit_ros_warehouse:/home/khamrouni/ws_moveit/install/moveit_ros_robot_interaction:/home/khamrouni/ws_moveit/install/moveit_ros_perception:/home/khamrouni/ws_moveit/install/moveit_resources_prbt_pg70_support:/home/khamrouni/ws_moveit/install/moveit_resources_prbt_moveit_config:/home/khamrouni/ws_moveit/install/moveit_ros_move_group:/home/khamrouni/ws_moveit/install/moveit_planners_ompl:/home/khamrouni/ws_moveit/install/moveit_ros_planning:/home/khamrouni/ws_moveit/install/moveit_ros_occupancy_map_monitor:/home/khamrouni/ws_moveit/install/moveit_resources_prbt_ikfast_manipulator_plugin:/home/khamrouni/ws_moveit/install/moveit_planners_chomp:/home/khamrouni/ws_moveit/install/moveit_kinematics:/home/khamrouni/ws_moveit/install/moveit_chomp_optimizer_adapter:/home/khamrouni/ws_moveit/install/chomp_motion_planner:/home/khamrouni/ws_moveit/install/moveit_core:/home/khamrouni/ws_moveit/install/srdfdom:/home/khamrouni/ws_moveit/install/rviz_marker_tools:/home/khamrouni/ws_moveit/install/rosparam_shortcuts:/home/khamrouni/ws_moveit/install/moveit_task_constructor_msgs:/home/khamrouni/ws_moveit/install/moveit_resources_prbt_support:/home/khamrouni/ws_moveit/install/moveit_resources:/home/khamrouni/ws_moveit/install/moveit_resources_pr2_description:/home/khamrouni/ws_moveit/install/moveit_resources_panda_moveit_config:/home/khamrouni/ws_moveit/install/moveit_resources_panda_description:/home/khamrouni/ws_moveit/install/moveit_resources_fanuc_moveit_config:/home/khamrouni/ws_moveit/install/moveit_resources_fanuc_description:/home/khamrouni/ws_moveit/install/moveit_common:/home/khamrouni/robot_ws/install/iiwa_description:/home/khamrouni/ros2_ws/install/polygon_base:/home/khamrouni/ros2_ws/install/iiwa_bringup:/home/khamrouni/ros2_ws/install/iiwa_description:/home/khamrouni/ros2_ws/install/examples_rclcpp_minimal_action_client:/home/khamrouni/ros2_ws/install/examples_rclcpp_cbg_executor:/home/khamrouni/ros2_ws/install/examples_rclcpp_async_client:/home/khamrouni/ros2_ws/install/cpp_parameters:/home/khamrouni/auctus/work/kuka_robot/install/lbr_demos_py:/home/khamrouni/auctus/work/kuka_robot/install/lbr_moveit:/home/khamrouni/auctus/work/kuka_robot/install/lbr_demos_advanced_py:/home/khamrouni/ws_moveit/install/moveit_configs_utils:/home/khamrouni/ws_moveit/install/launch_param_builder:/opt/ros/humble LD_LIBRARY_PATH=/home/khamrouni/lbr-stack/src/lbr_fri_ros2_stack/install/lbr_fri_ros2/lib:${LD_LIBRARY_PATH} /usr/bin/cmake /home/khamrouni/lbr-stack/src/lbr_fri_ros2_stack/lbr_ros2_control -DCMAKE_INSTALL_PREFIX=/home/khamrouni/lbr-stack/src/lbr_fri_ros2_stack/install/lbr_ros2_control
[56.303s] DEBUG:colcon.colcon_core.event_handler.log_command:Invoking command in '/home/khamrouni/lbr-stack/src/lbr_fri_ros2_stack/build/lbr_ros2_control': AMENT_PREFIX_PATH=/home/khamrouni/lbr-stack/src/lbr_fri_ros2_stack/install/lbr_fri_ros2:/home/khamrouni/lbr-stack/src/lbr_fri_ros2_stack/install/lbr_description:${AMENT_PREFIX_PATH} CMAKE_PREFIX_PATH=/home/khamrouni/lbr-stack/src/lbr_fri_ros2_stack/install/lbr_fri_ros2:/home/khamrouni/lbr-stack/src/lbr_fri_ros2_stack/install/lbr_description:/home/khamrouni/auctus/work/kuka_robot/install/velocity_controller:/home/khamrouni/auctus/work/kuka_robot/install/med7_moveit_config:/home/khamrouni/auctus/work/kuka_robot/install/med14_moveit_config:/home/khamrouni/auctus/work/kuka_robot/install/lbr_fri_ros2_stack:/home/khamrouni/auctus/work/kuka_robot/install/lbr_demos_cpp:/home/khamrouni/auctus/work/kuka_robot/install/lbr_bringup:/home/khamrouni/auctus/work/kuka_robot/install/lbr_ros2_control:/home/khamrouni/auctus/work/kuka_robot/install/lbr_moveit_cpp:/home/khamrouni/auctus/work/kuka_robot/install/lbr_demos_advanced_cpp:/home/khamrouni/auctus/work/kuka_robot/install/lbr_fri_ros2:/home/khamrouni/auctus/work/kuka_robot/install/lbr_fri_idl:/home/khamrouni/auctus/work/kuka_robot/install/iiwa7_moveit_config:/home/khamrouni/auctus/work/kuka_robot/install/iiwa14_moveit_config:/home/khamrouni/auctus/work/kuka_robot/install/lbr_description:/home/khamrouni/auctus/work/kuka_robot/install/fri_client_sdk:/home/khamrouni/ws_moveit/install/pilz_industrial_motion_planner_testutils:/home/khamrouni/ws_moveit/install/moveit_runtime:/home/khamrouni/ws_moveit/install/moveit2_tutorials:/home/khamrouni/ws_moveit/install/moveit:/home/khamrouni/ws_moveit/install/moveit_planners:/home/khamrouni/ws_moveit/install/pilz_industrial_motion_planner:/home/khamrouni/ws_moveit/install/moveit_visual_tools:/home/khamrouni/ws_moveit/install/moveit_task_constructor_visualization:/home/khamrouni/ws_moveit/install/moveit_task_constructor_demo:/home/khamrouni/ws_moveit/install/moveit_task_constructor_capabilities:/home/khamrouni/ws_moveit/install/moveit_task_constructor_core:/home/khamrouni/ws_moveit/install/moveit_ros_control_interface:/home/khamrouni/ws_moveit/install/moveit_plugins:/home/khamrouni/ws_moveit/install/moveit_simple_controller_manager:/home/khamrouni/ws_moveit/install/moveit_setup_assistant:/home/khamrouni/ws_moveit/install/moveit_setup_srdf_plugins:/home/khamrouni/ws_moveit/install/moveit_setup_core_plugins:/home/khamrouni/ws_moveit/install/moveit_setup_controllers:/home/khamrouni/ws_moveit/install/moveit_setup_app_plugins:/home/khamrouni/ws_moveit/install/moveit_setup_framework:/home/khamrouni/ws_moveit/install/moveit_servo:/home/khamrouni/ws_moveit/install/moveit_ros:/home/khamrouni/ws_moveit/install/moveit_ros_visualization:/home/khamrouni/ws_moveit/install/moveit_hybrid_planning:/home/khamrouni/ws_moveit/install/move_program:/home/khamrouni/ws_moveit/install/hello_moveit:/home/khamrouni/ws_moveit/install/moveit_ros_planning_interface:/home/khamrouni/ws_moveit/install/moveit_ros_benchmarks:/home/khamrouni/ws_moveit/install/moveit_ros_warehouse:/home/khamrouni/ws_moveit/install/moveit_ros_robot_interaction:/home/khamrouni/ws_moveit/install/moveit_ros_perception:/home/khamrouni/ws_moveit/install/moveit_resources_prbt_pg70_support:/home/khamrouni/ws_moveit/install/moveit_resources_prbt_moveit_config:/home/khamrouni/ws_moveit/install/moveit_ros_move_group:/home/khamrouni/ws_moveit/install/moveit_planners_ompl:/home/khamrouni/ws_moveit/install/moveit_ros_planning:/home/khamrouni/ws_moveit/install/moveit_ros_occupancy_map_monitor:/home/khamrouni/ws_moveit/install/moveit_resources_prbt_ikfast_manipulator_plugin:/home/khamrouni/ws_moveit/install/moveit_planners_chomp:/home/khamrouni/ws_moveit/install/moveit_kinematics:/home/khamrouni/ws_moveit/install/moveit_chomp_optimizer_adapter:/home/khamrouni/ws_moveit/install/chomp_motion_planner:/home/khamrouni/ws_moveit/install/moveit_core:/home/khamrouni/ws_moveit/install/srdfdom:/home/khamrouni/ws_moveit/install/rviz_marker_tools:/home/khamrouni/ws_moveit/install/rosparam_shortcuts:/home/khamrouni/ws_moveit/install/moveit_task_constructor_msgs:/home/khamrouni/ws_moveit/install/moveit_resources_prbt_support:/home/khamrouni/ws_moveit/install/moveit_resources:/home/khamrouni/ws_moveit/install/moveit_resources_pr2_description:/home/khamrouni/ws_moveit/install/moveit_resources_panda_moveit_config:/home/khamrouni/ws_moveit/install/moveit_resources_panda_description:/home/khamrouni/ws_moveit/install/moveit_resources_fanuc_moveit_config:/home/khamrouni/ws_moveit/install/moveit_resources_fanuc_description:/home/khamrouni/ws_moveit/install/moveit_common:/home/khamrouni/robot_ws/install/iiwa_description:/home/khamrouni/ros2_ws/install/polygon_base:/home/khamrouni/ros2_ws/install/iiwa_bringup:/home/khamrouni/ros2_ws/install/iiwa_description:/home/khamrouni/ros2_ws/install/examples_rclcpp_minimal_action_client:/home/khamrouni/ros2_ws/install/examples_rclcpp_cbg_executor:/home/khamrouni/ros2_ws/install/examples_rclcpp_async_client:/home/khamrouni/ros2_ws/install/cpp_parameters:/home/khamrouni/auctus/work/kuka_robot/install/lbr_demos_py:/home/khamrouni/auctus/work/kuka_robot/install/lbr_moveit:/home/khamrouni/auctus/work/kuka_robot/install/lbr_demos_advanced_py:/home/khamrouni/ws_moveit/install/moveit_configs_utils:/home/khamrouni/ws_moveit/install/launch_param_builder:/opt/ros/humble LD_LIBRARY_PATH=/home/khamrouni/lbr-stack/src/lbr_fri_ros2_stack/install/lbr_fri_ros2/lib:${LD_LIBRARY_PATH} /usr/bin/cmake --build /home/khamrouni/lbr-stack/src/lbr_fri_ros2_stack/build/lbr_ros2_control -- -j8 -l8
[101.453s] DEBUG:colcon.colcon_core.event_handler.log_command:Invoked command in '/home/khamrouni/lbr-stack/src/lbr_fri_ros2_stack/build/lbr_ros2_control' returned '0': AMENT_PREFIX_PATH=/home/khamrouni/lbr-stack/src/lbr_fri_ros2_stack/install/lbr_fri_ros2:/home/khamrouni/lbr-stack/src/lbr_fri_ros2_stack/install/lbr_description:${AMENT_PREFIX_PATH} CMAKE_PREFIX_PATH=/home/khamrouni/lbr-stack/src/lbr_fri_ros2_stack/install/lbr_fri_ros2:/home/khamrouni/lbr-stack/src/lbr_fri_ros2_stack/install/lbr_description:/home/khamrouni/auctus/work/kuka_robot/install/velocity_controller:/home/khamrouni/auctus/work/kuka_robot/install/med7_moveit_config:/home/khamrouni/auctus/work/kuka_robot/install/med14_moveit_config:/home/khamrouni/auctus/work/kuka_robot/install/lbr_fri_ros2_stack:/home/khamrouni/auctus/work/kuka_robot/install/lbr_demos_cpp:/home/khamrouni/auctus/work/kuka_robot/install/lbr_bringup:/home/khamrouni/auctus/work/kuka_robot/install/lbr_ros2_control:/home/khamrouni/auctus/work/kuka_robot/install/lbr_moveit_cpp:/home/khamrouni/auctus/work/kuka_robot/install/lbr_demos_advanced_cpp:/home/khamrouni/auctus/work/kuka_robot/install/lbr_fri_ros2:/home/khamrouni/auctus/work/kuka_robot/install/lbr_fri_idl:/home/khamrouni/auctus/work/kuka_robot/install/iiwa7_moveit_config:/home/khamrouni/auctus/work/kuka_robot/install/iiwa14_moveit_config:/home/khamrouni/auctus/work/kuka_robot/install/lbr_description:/home/khamrouni/auctus/work/kuka_robot/install/fri_client_sdk:/home/khamrouni/ws_moveit/install/pilz_industrial_motion_planner_testutils:/home/khamrouni/ws_moveit/install/moveit_runtime:/home/khamrouni/ws_moveit/install/moveit2_tutorials:/home/khamrouni/ws_moveit/install/moveit:/home/khamrouni/ws_moveit/install/moveit_planners:/home/khamrouni/ws_moveit/install/pilz_industrial_motion_planner:/home/khamrouni/ws_moveit/install/moveit_visual_tools:/home/khamrouni/ws_moveit/install/moveit_task_constructor_visualization:/home/khamrouni/ws_moveit/install/moveit_task_constructor_demo:/home/khamrouni/ws_moveit/install/moveit_task_constructor_capabilities:/home/khamrouni/ws_moveit/install/moveit_task_constructor_core:/home/khamrouni/ws_moveit/install/moveit_ros_control_interface:/home/khamrouni/ws_moveit/install/moveit_plugins:/home/khamrouni/ws_moveit/install/moveit_simple_controller_manager:/home/khamrouni/ws_moveit/install/moveit_setup_assistant:/home/khamrouni/ws_moveit/install/moveit_setup_srdf_plugins:/home/khamrouni/ws_moveit/install/moveit_setup_core_plugins:/home/khamrouni/ws_moveit/install/moveit_setup_controllers:/home/khamrouni/ws_moveit/install/moveit_setup_app_plugins:/home/khamrouni/ws_moveit/install/moveit_setup_framework:/home/khamrouni/ws_moveit/install/moveit_servo:/home/khamrouni/ws_moveit/install/moveit_ros:/home/khamrouni/ws_moveit/install/moveit_ros_visualization:/home/khamrouni/ws_moveit/install/moveit_hybrid_planning:/home/khamrouni/ws_moveit/install/move_program:/home/khamrouni/ws_moveit/install/hello_moveit:/home/khamrouni/ws_moveit/install/moveit_ros_planning_interface:/home/khamrouni/ws_moveit/install/moveit_ros_benchmarks:/home/khamrouni/ws_moveit/install/moveit_ros_warehouse:/home/khamrouni/ws_moveit/install/moveit_ros_robot_interaction:/home/khamrouni/ws_moveit/install/moveit_ros_perception:/home/khamrouni/ws_moveit/install/moveit_resources_prbt_pg70_support:/home/khamrouni/ws_moveit/install/moveit_resources_prbt_moveit_config:/home/khamrouni/ws_moveit/install/moveit_ros_move_group:/home/khamrouni/ws_moveit/install/moveit_planners_ompl:/home/khamrouni/ws_moveit/install/moveit_ros_planning:/home/khamrouni/ws_moveit/install/moveit_ros_occupancy_map_monitor:/home/khamrouni/ws_moveit/install/moveit_resources_prbt_ikfast_manipulator_plugin:/home/khamrouni/ws_moveit/install/moveit_planners_chomp:/home/khamrouni/ws_moveit/install/moveit_kinematics:/home/khamrouni/ws_moveit/install/moveit_chomp_optimizer_adapter:/home/khamrouni/ws_moveit/install/chomp_motion_planner:/home/khamrouni/ws_moveit/install/moveit_core:/home/khamrouni/ws_moveit/install/srdfdom:/home/khamrouni/ws_moveit/install/rviz_marker_tools:/home/khamrouni/ws_moveit/install/rosparam_shortcuts:/home/khamrouni/ws_moveit/install/moveit_task_constructor_msgs:/home/khamrouni/ws_moveit/install/moveit_resources_prbt_support:/home/khamrouni/ws_moveit/install/moveit_resources:/home/khamrouni/ws_moveit/install/moveit_resources_pr2_description:/home/khamrouni/ws_moveit/install/moveit_resources_panda_moveit_config:/home/khamrouni/ws_moveit/install/moveit_resources_panda_description:/home/khamrouni/ws_moveit/install/moveit_resources_fanuc_moveit_config:/home/khamrouni/ws_moveit/install/moveit_resources_fanuc_description:/home/khamrouni/ws_moveit/install/moveit_common:/home/khamrouni/robot_ws/install/iiwa_description:/home/khamrouni/ros2_ws/install/polygon_base:/home/khamrouni/ros2_ws/install/iiwa_bringup:/home/khamrouni/ros2_ws/install/iiwa_description:/home/khamrouni/ros2_ws/install/examples_rclcpp_minimal_action_client:/home/khamrouni/ros2_ws/install/examples_rclcpp_cbg_executor:/home/khamrouni/ros2_ws/install/examples_rclcpp_async_client:/home/khamrouni/ros2_ws/install/cpp_parameters:/home/khamrouni/auctus/work/kuka_robot/install/lbr_demos_py:/home/khamrouni/auctus/work/kuka_robot/install/lbr_moveit:/home/khamrouni/auctus/work/kuka_robot/install/lbr_demos_advanced_py:/home/khamrouni/ws_moveit/install/moveit_configs_utils:/home/khamrouni/ws_moveit/install/launch_param_builder:/opt/ros/humble LD_LIBRARY_PATH=/home/khamrouni/lbr-stack/src/lbr_fri_ros2_stack/install/lbr_fri_ros2/lib:${LD_LIBRARY_PATH} /usr/bin/cmake --build /home/khamrouni/lbr-stack/src/lbr_fri_ros2_stack/build/lbr_ros2_control -- -j8 -l8
[101.457s] DEBUG:colcon.colcon_core.event_handler.log_command:Invoking command in '/home/khamrouni/lbr-stack/src/lbr_fri_ros2_stack/build/lbr_ros2_control': AMENT_PREFIX_PATH=/home/khamrouni/lbr-stack/src/lbr_fri_ros2_stack/install/lbr_fri_ros2:/home/khamrouni/lbr-stack/src/lbr_fri_ros2_stack/install/lbr_description:${AMENT_PREFIX_PATH} CMAKE_PREFIX_PATH=/home/khamrouni/lbr-stack/src/lbr_fri_ros2_stack/install/lbr_fri_ros2:/home/khamrouni/lbr-stack/src/lbr_fri_ros2_stack/install/lbr_description:/home/khamrouni/auctus/work/kuka_robot/install/velocity_controller:/home/khamrouni/auctus/work/kuka_robot/install/med7_moveit_config:/home/khamrouni/auctus/work/kuka_robot/install/med14_moveit_config:/home/khamrouni/auctus/work/kuka_robot/install/lbr_fri_ros2_stack:/home/khamrouni/auctus/work/kuka_robot/install/lbr_demos_cpp:/home/khamrouni/auctus/work/kuka_robot/install/lbr_bringup:/home/khamrouni/auctus/work/kuka_robot/install/lbr_ros2_control:/home/khamrouni/auctus/work/kuka_robot/install/lbr_moveit_cpp:/home/khamrouni/auctus/work/kuka_robot/install/lbr_demos_advanced_cpp:/home/khamrouni/auctus/work/kuka_robot/install/lbr_fri_ros2:/home/khamrouni/auctus/work/kuka_robot/install/lbr_fri_idl:/home/khamrouni/auctus/work/kuka_robot/install/iiwa7_moveit_config:/home/khamrouni/auctus/work/kuka_robot/install/iiwa14_moveit_config:/home/khamrouni/auctus/work/kuka_robot/install/lbr_description:/home/khamrouni/auctus/work/kuka_robot/install/fri_client_sdk:/home/khamrouni/ws_moveit/install/pilz_industrial_motion_planner_testutils:/home/khamrouni/ws_moveit/install/moveit_runtime:/home/khamrouni/ws_moveit/install/moveit2_tutorials:/home/khamrouni/ws_moveit/install/moveit:/home/khamrouni/ws_moveit/install/moveit_planners:/home/khamrouni/ws_moveit/install/pilz_industrial_motion_planner:/home/khamrouni/ws_moveit/install/moveit_visual_tools:/home/khamrouni/ws_moveit/install/moveit_task_constructor_visualization:/home/khamrouni/ws_moveit/install/moveit_task_constructor_demo:/home/khamrouni/ws_moveit/install/moveit_task_constructor_capabilities:/home/khamrouni/ws_moveit/install/moveit_task_constructor_core:/home/khamrouni/ws_moveit/install/moveit_ros_control_interface:/home/khamrouni/ws_moveit/install/moveit_plugins:/home/khamrouni/ws_moveit/install/moveit_simple_controller_manager:/home/khamrouni/ws_moveit/install/moveit_setup_assistant:/home/khamrouni/ws_moveit/install/moveit_setup_srdf_plugins:/home/khamrouni/ws_moveit/install/moveit_setup_core_plugins:/home/khamrouni/ws_moveit/install/moveit_setup_controllers:/home/khamrouni/ws_moveit/install/moveit_setup_app_plugins:/home/khamrouni/ws_moveit/install/moveit_setup_framework:/home/khamrouni/ws_moveit/install/moveit_servo:/home/khamrouni/ws_moveit/install/moveit_ros:/home/khamrouni/ws_moveit/install/moveit_ros_visualization:/home/khamrouni/ws_moveit/install/moveit_hybrid_planning:/home/khamrouni/ws_moveit/install/move_program:/home/khamrouni/ws_moveit/install/hello_moveit:/home/khamrouni/ws_moveit/install/moveit_ros_planning_interface:/home/khamrouni/ws_moveit/install/moveit_ros_benchmarks:/home/khamrouni/ws_moveit/install/moveit_ros_warehouse:/home/khamrouni/ws_moveit/install/moveit_ros_robot_interaction:/home/khamrouni/ws_moveit/install/moveit_ros_perception:/home/khamrouni/ws_moveit/install/moveit_resources_prbt_pg70_support:/home/khamrouni/ws_moveit/install/moveit_resources_prbt_moveit_config:/home/khamrouni/ws_moveit/install/moveit_ros_move_group:/home/khamrouni/ws_moveit/install/moveit_planners_ompl:/home/khamrouni/ws_moveit/install/moveit_ros_planning:/home/khamrouni/ws_moveit/install/moveit_ros_occupancy_map_monitor:/home/khamrouni/ws_moveit/install/moveit_resources_prbt_ikfast_manipulator_plugin:/home/khamrouni/ws_moveit/install/moveit_planners_chomp:/home/khamrouni/ws_moveit/install/moveit_kinematics:/home/khamrouni/ws_moveit/install/moveit_chomp_optimizer_adapter:/home/khamrouni/ws_moveit/install/chomp_motion_planner:/home/khamrouni/ws_moveit/install/moveit_core:/home/khamrouni/ws_moveit/install/srdfdom:/home/khamrouni/ws_moveit/install/rviz_marker_tools:/home/khamrouni/ws_moveit/install/rosparam_shortcuts:/home/khamrouni/ws_moveit/install/moveit_task_constructor_msgs:/home/khamrouni/ws_moveit/install/moveit_resources_prbt_support:/home/khamrouni/ws_moveit/install/moveit_resources:/home/khamrouni/ws_moveit/install/moveit_resources_pr2_description:/home/khamrouni/ws_moveit/install/moveit_resources_panda_moveit_config:/home/khamrouni/ws_moveit/install/moveit_resources_panda_description:/home/khamrouni/ws_moveit/install/moveit_resources_fanuc_moveit_config:/home/khamrouni/ws_moveit/install/moveit_resources_fanuc_description:/home/khamrouni/ws_moveit/install/moveit_common:/home/khamrouni/robot_ws/install/iiwa_description:/home/khamrouni/ros2_ws/install/polygon_base:/home/khamrouni/ros2_ws/install/iiwa_bringup:/home/khamrouni/ros2_ws/install/iiwa_description:/home/khamrouni/ros2_ws/install/examples_rclcpp_minimal_action_client:/home/khamrouni/ros2_ws/install/examples_rclcpp_cbg_executor:/home/khamrouni/ros2_ws/install/examples_rclcpp_async_client:/home/khamrouni/ros2_ws/install/cpp_parameters:/home/khamrouni/auctus/work/kuka_robot/install/lbr_demos_py:/home/khamrouni/auctus/work/kuka_robot/install/lbr_moveit:/home/khamrouni/auctus/work/kuka_robot/install/lbr_demos_advanced_py:/home/khamrouni/ws_moveit/install/moveit_configs_utils:/home/khamrouni/ws_moveit/install/launch_param_builder:/opt/ros/humble LD_LIBRARY_PATH=/home/khamrouni/lbr-stack/src/lbr_fri_ros2_stack/install/lbr_fri_ros2/lib:${LD_LIBRARY_PATH} /usr/bin/cmake --install /home/khamrouni/lbr-stack/src/lbr_fri_ros2_stack/build/lbr_ros2_control
[101.489s] Level 1:colcon.colcon_core.environment:create_environment_scripts_only(lbr_ros2_control)
[101.490s] Level 1:colcon.colcon_core.environment:checking '/home/khamrouni/lbr-stack/src/lbr_fri_ros2_stack/install/lbr_ros2_control' for CMake module files
[101.491s] DEBUG:colcon.colcon_core.event_handler.log_command:Invoked command in '/home/khamrouni/lbr-stack/src/lbr_fri_ros2_stack/build/lbr_ros2_control' returned '0': AMENT_PREFIX_PATH=/home/khamrouni/lbr-stack/src/lbr_fri_ros2_stack/install/lbr_fri_ros2:/home/khamrouni/lbr-stack/src/lbr_fri_ros2_stack/install/lbr_description:${AMENT_PREFIX_PATH} CMAKE_PREFIX_PATH=/home/khamrouni/lbr-stack/src/lbr_fri_ros2_stack/install/lbr_fri_ros2:/home/khamrouni/lbr-stack/src/lbr_fri_ros2_stack/install/lbr_description:/home/khamrouni/auctus/work/kuka_robot/install/velocity_controller:/home/khamrouni/auctus/work/kuka_robot/install/med7_moveit_config:/home/khamrouni/auctus/work/kuka_robot/install/med14_moveit_config:/home/khamrouni/auctus/work/kuka_robot/install/lbr_fri_ros2_stack:/home/khamrouni/auctus/work/kuka_robot/install/lbr_demos_cpp:/home/khamrouni/auctus/work/kuka_robot/install/lbr_bringup:/home/khamrouni/auctus/work/kuka_robot/install/lbr_ros2_control:/home/khamrouni/auctus/work/kuka_robot/install/lbr_moveit_cpp:/home/khamrouni/auctus/work/kuka_robot/install/lbr_demos_advanced_cpp:/home/khamrouni/auctus/work/kuka_robot/install/lbr_fri_ros2:/home/khamrouni/auctus/work/kuka_robot/install/lbr_fri_idl:/home/khamrouni/auctus/work/kuka_robot/install/iiwa7_moveit_config:/home/khamrouni/auctus/work/kuka_robot/install/iiwa14_moveit_config:/home/khamrouni/auctus/work/kuka_robot/install/lbr_description:/home/khamrouni/auctus/work/kuka_robot/install/fri_client_sdk:/home/khamrouni/ws_moveit/install/pilz_industrial_motion_planner_testutils:/home/khamrouni/ws_moveit/install/moveit_runtime:/home/khamrouni/ws_moveit/install/moveit2_tutorials:/home/khamrouni/ws_moveit/install/moveit:/home/khamrouni/ws_moveit/install/moveit_planners:/home/khamrouni/ws_moveit/install/pilz_industrial_motion_planner:/home/khamrouni/ws_moveit/install/moveit_visual_tools:/home/khamrouni/ws_moveit/install/moveit_task_constructor_visualization:/home/khamrouni/ws_moveit/install/moveit_task_constructor_demo:/home/khamrouni/ws_moveit/install/moveit_task_constructor_capabilities:/home/khamrouni/ws_moveit/install/moveit_task_constructor_core:/home/khamrouni/ws_moveit/install/moveit_ros_control_interface:/home/khamrouni/ws_moveit/install/moveit_plugins:/home/khamrouni/ws_moveit/install/moveit_simple_controller_manager:/home/khamrouni/ws_moveit/install/moveit_setup_assistant:/home/khamrouni/ws_moveit/install/moveit_setup_srdf_plugins:/home/khamrouni/ws_moveit/install/moveit_setup_core_plugins:/home/khamrouni/ws_moveit/install/moveit_setup_controllers:/home/khamrouni/ws_moveit/install/moveit_setup_app_plugins:/home/khamrouni/ws_moveit/install/moveit_setup_framework:/home/khamrouni/ws_moveit/install/moveit_servo:/home/khamrouni/ws_moveit/install/moveit_ros:/home/khamrouni/ws_moveit/install/moveit_ros_visualization:/home/khamrouni/ws_moveit/install/moveit_hybrid_planning:/home/khamrouni/ws_moveit/install/move_program:/home/khamrouni/ws_moveit/install/hello_moveit:/home/khamrouni/ws_moveit/install/moveit_ros_planning_interface:/home/khamrouni/ws_moveit/install/moveit_ros_benchmarks:/home/khamrouni/ws_moveit/install/moveit_ros_warehouse:/home/khamrouni/ws_moveit/install/moveit_ros_robot_interaction:/home/khamrouni/ws_moveit/install/moveit_ros_perception:/home/khamrouni/ws_moveit/install/moveit_resources_prbt_pg70_support:/home/khamrouni/ws_moveit/install/moveit_resources_prbt_moveit_config:/home/khamrouni/ws_moveit/install/moveit_ros_move_group:/home/khamrouni/ws_moveit/install/moveit_planners_ompl:/home/khamrouni/ws_moveit/install/moveit_ros_planning:/home/khamrouni/ws_moveit/install/moveit_ros_occupancy_map_monitor:/home/khamrouni/ws_moveit/install/moveit_resources_prbt_ikfast_manipulator_plugin:/home/khamrouni/ws_moveit/install/moveit_planners_chomp:/home/khamrouni/ws_moveit/install/moveit_kinematics:/home/khamrouni/ws_moveit/install/moveit_chomp_optimizer_adapter:/home/khamrouni/ws_moveit/install/chomp_motion_planner:/home/khamrouni/ws_moveit/install/moveit_core:/home/khamrouni/ws_moveit/install/srdfdom:/home/khamrouni/ws_moveit/install/rviz_marker_tools:/home/khamrouni/ws_moveit/install/rosparam_shortcuts:/home/khamrouni/ws_moveit/install/moveit_task_constructor_msgs:/home/khamrouni/ws_moveit/install/moveit_resources_prbt_support:/home/khamrouni/ws_moveit/install/moveit_resources:/home/khamrouni/ws_moveit/install/moveit_resources_pr2_description:/home/khamrouni/ws_moveit/install/moveit_resources_panda_moveit_config:/home/khamrouni/ws_moveit/install/moveit_resources_panda_description:/home/khamrouni/ws_moveit/install/moveit_resources_fanuc_moveit_config:/home/khamrouni/ws_moveit/install/moveit_resources_fanuc_description:/home/khamrouni/ws_moveit/install/moveit_common:/home/khamrouni/robot_ws/install/iiwa_description:/home/khamrouni/ros2_ws/install/polygon_base:/home/khamrouni/ros2_ws/install/iiwa_bringup:/home/khamrouni/ros2_ws/install/iiwa_description:/home/khamrouni/ros2_ws/install/examples_rclcpp_minimal_action_client:/home/khamrouni/ros2_ws/install/examples_rclcpp_cbg_executor:/home/khamrouni/ros2_ws/install/examples_rclcpp_async_client:/home/khamrouni/ros2_ws/install/cpp_parameters:/home/khamrouni/auctus/work/kuka_robot/install/lbr_demos_py:/home/khamrouni/auctus/work/kuka_robot/install/lbr_moveit:/home/khamrouni/auctus/work/kuka_robot/install/lbr_demos_advanced_py:/home/khamrouni/ws_moveit/install/moveit_configs_utils:/home/khamrouni/ws_moveit/install/launch_param_builder:/opt/ros/humble LD_LIBRARY_PATH=/home/khamrouni/lbr-stack/src/lbr_fri_ros2_stack/install/lbr_fri_ros2/lib:${LD_LIBRARY_PATH} /usr/bin/cmake --install /home/khamrouni/lbr-stack/src/lbr_fri_ros2_stack/build/lbr_ros2_control
[101.492s] Level 1:colcon.colcon_core.environment:checking '/home/khamrouni/lbr-stack/src/lbr_fri_ros2_stack/install/lbr_ros2_control' for CMake config files
[101.492s] Level 1:colcon.colcon_core.shell:create_environment_hook('lbr_ros2_control', 'cmake_prefix_path')
[101.493s] INFO:colcon.colcon_core.shell:Creating environment hook '/home/khamrouni/lbr-stack/src/lbr_fri_ros2_stack/install/lbr_ros2_control/share/lbr_ros2_control/hook/cmake_prefix_path.ps1'
[101.494s] INFO:colcon.colcon_core.shell:Creating environment descriptor '/home/khamrouni/lbr-stack/src/lbr_fri_ros2_stack/install/lbr_ros2_control/share/lbr_ros2_control/hook/cmake_prefix_path.dsv'
[101.494s] INFO:colcon.colcon_core.shell:Creating environment hook '/home/khamrouni/lbr-stack/src/lbr_fri_ros2_stack/install/lbr_ros2_control/share/lbr_ros2_control/hook/cmake_prefix_path.sh'
[101.495s] Level 1:colcon.colcon_core.environment:checking '/home/khamrouni/lbr-stack/src/lbr_fri_ros2_stack/install/lbr_ros2_control/lib'
[101.495s] Level 1:colcon.colcon_core.environment:checking '/home/khamrouni/lbr-stack/src/lbr_fri_ros2_stack/install/lbr_ros2_control/bin'
[101.495s] Level 1:colcon.colcon_core.environment:checking '/home/khamrouni/lbr-stack/src/lbr_fri_ros2_stack/install/lbr_ros2_control/lib/pkgconfig/lbr_ros2_control.pc'
[101.496s] Level 1:colcon.colcon_core.environment:checking '/home/khamrouni/lbr-stack/src/lbr_fri_ros2_stack/install/lbr_ros2_control/lib/python3.10/site-packages'
[101.496s] Level 1:colcon.colcon_core.environment:checking '/home/khamrouni/lbr-stack/src/lbr_fri_ros2_stack/install/lbr_ros2_control/bin'
[101.497s] INFO:colcon.colcon_core.shell:Creating package script '/home/khamrouni/lbr-stack/src/lbr_fri_ros2_stack/install/lbr_ros2_control/share/lbr_ros2_control/package.ps1'
[101.498s] INFO:colcon.colcon_core.shell:Creating package descriptor '/home/khamrouni/lbr-stack/src/lbr_fri_ros2_stack/install/lbr_ros2_control/share/lbr_ros2_control/package.dsv'
[101.499s] INFO:colcon.colcon_core.shell:Creating package script '/home/khamrouni/lbr-stack/src/lbr_fri_ros2_stack/install/lbr_ros2_control/share/lbr_ros2_control/package.sh'
[101.500s] INFO:colcon.colcon_core.shell:Creating package script '/home/khamrouni/lbr-stack/src/lbr_fri_ros2_stack/install/lbr_ros2_control/share/lbr_ros2_control/package.bash'
[101.501s] INFO:colcon.colcon_core.shell:Creating package script '/home/khamrouni/lbr-stack/src/lbr_fri_ros2_stack/install/lbr_ros2_control/share/lbr_ros2_control/package.zsh'
[101.502s] Level 1:colcon.colcon_core.environment:create_file_with_runtime_dependencies(/home/khamrouni/lbr-stack/src/lbr_fri_ros2_stack/install/lbr_ros2_control/share/colcon-core/packages/lbr_ros2_control)
[101.503s] Level 1:colcon.colcon_core.environment:create_environment_scripts_only(lbr_ros2_control)
[101.504s] Level 1:colcon.colcon_core.environment:checking '/home/khamrouni/lbr-stack/src/lbr_fri_ros2_stack/install/lbr_ros2_control' for CMake module files
[101.505s] Level 1:colcon.colcon_core.environment:checking '/home/khamrouni/lbr-stack/src/lbr_fri_ros2_stack/install/lbr_ros2_control' for CMake config files
[101.505s] Level 1:colcon.colcon_core.shell:create_environment_hook('lbr_ros2_control', 'cmake_prefix_path')
[101.506s] INFO:colcon.colcon_core.shell:Creating environment hook '/home/khamrouni/lbr-stack/src/lbr_fri_ros2_stack/install/lbr_ros2_control/share/lbr_ros2_control/hook/cmake_prefix_path.ps1'
[101.506s] INFO:colcon.colcon_core.shell:Creating environment descriptor '/home/khamrouni/lbr-stack/src/lbr_fri_ros2_stack/install/lbr_ros2_control/share/lbr_ros2_control/hook/cmake_prefix_path.dsv'
[101.507s] INFO:colcon.colcon_core.shell:Creating environment hook '/home/khamrouni/lbr-stack/src/lbr_fri_ros2_stack/install/lbr_ros2_control/share/lbr_ros2_control/hook/cmake_prefix_path.sh'
[101.508s] Level 1:colcon.colcon_core.environment:checking '/home/khamrouni/lbr-stack/src/lbr_fri_ros2_stack/install/lbr_ros2_control/lib'
[101.508s] Level 1:colcon.colcon_core.environment:checking '/home/khamrouni/lbr-stack/src/lbr_fri_ros2_stack/install/lbr_ros2_control/bin'
[101.508s] Level 1:colcon.colcon_core.environment:checking '/home/khamrouni/lbr-stack/src/lbr_fri_ros2_stack/install/lbr_ros2_control/lib/pkgconfig/lbr_ros2_control.pc'
[101.509s] Level 1:colcon.colcon_core.environment:checking '/home/khamrouni/lbr-stack/src/lbr_fri_ros2_stack/install/lbr_ros2_control/lib/python3.10/site-packages'
[101.509s] Level 1:colcon.colcon_core.environment:checking '/home/khamrouni/lbr-stack/src/lbr_fri_ros2_stack/install/lbr_ros2_control/bin'
[101.510s] INFO:colcon.colcon_core.shell:Creating package script '/home/khamrouni/lbr-stack/src/lbr_fri_ros2_stack/install/lbr_ros2_control/share/lbr_ros2_control/package.ps1'
[101.511s] INFO:colcon.colcon_core.shell:Creating package descriptor '/home/khamrouni/lbr-stack/src/lbr_fri_ros2_stack/install/lbr_ros2_control/share/lbr_ros2_control/package.dsv'
[101.512s] INFO:colcon.colcon_core.shell:Creating package script '/home/khamrouni/lbr-stack/src/lbr_fri_ros2_stack/install/lbr_ros2_control/share/lbr_ros2_control/package.sh'
[101.512s] INFO:colcon.colcon_core.shell:Creating package script '/home/khamrouni/lbr-stack/src/lbr_fri_ros2_stack/install/lbr_ros2_control/share/lbr_ros2_control/package.bash'
[101.513s] INFO:colcon.colcon_core.shell:Creating package script '/home/khamrouni/lbr-stack/src/lbr_fri_ros2_stack/install/lbr_ros2_control/share/lbr_ros2_control/package.zsh'
[101.514s] Level 1:colcon.colcon_core.environment:create_file_with_runtime_dependencies(/home/khamrouni/lbr-stack/src/lbr_fri_ros2_stack/install/lbr_ros2_control/share/colcon-core/packages/lbr_ros2_control)
[101.514s] INFO:colcon.colcon_ros.task.ament_cmake.build:Building ROS package in '/home/khamrouni/lbr-stack/src/lbr_fri_ros2_stack/lbr_bringup' with build type 'ament_cmake'
[101.515s] INFO:colcon.colcon_cmake.task.cmake.build:Building CMake package in '/home/khamrouni/lbr-stack/src/lbr_fri_ros2_stack/lbr_bringup'
[101.515s] INFO:colcon.colcon_core.shell:Skip shell extension 'powershell' for command environment: Not usable outside of PowerShell
[101.515s] DEBUG:colcon.colcon_core.shell:Skip shell extension 'dsv' for command environment
[101.563s] DEBUG:colcon.colcon_core.event_handler.log_command:Invoking command in '/home/khamrouni/lbr-stack/src/lbr_fri_ros2_stack/build/lbr_bringup': AMENT_PREFIX_PATH=/home/khamrouni/lbr-stack/src/lbr_fri_ros2_stack/install/lbr_ros2_control:/home/khamrouni/lbr-stack/src/lbr_fri_ros2_stack/install/lbr_fri_ros2:/home/khamrouni/lbr-stack/src/lbr_fri_ros2_stack/install/lbr_description:${AMENT_PREFIX_PATH} CMAKE_PREFIX_PATH=/home/khamrouni/lbr-stack/src/lbr_fri_ros2_stack/install/lbr_ros2_control:/home/khamrouni/lbr-stack/src/lbr_fri_ros2_stack/install/lbr_fri_ros2:/home/khamrouni/lbr-stack/src/lbr_fri_ros2_stack/install/lbr_description:/home/khamrouni/auctus/work/kuka_robot/install/velocity_controller:/home/khamrouni/auctus/work/kuka_robot/install/med7_moveit_config:/home/khamrouni/auctus/work/kuka_robot/install/med14_moveit_config:/home/khamrouni/auctus/work/kuka_robot/install/lbr_fri_ros2_stack:/home/khamrouni/auctus/work/kuka_robot/install/lbr_demos_cpp:/home/khamrouni/auctus/work/kuka_robot/install/lbr_bringup:/home/khamrouni/auctus/work/kuka_robot/install/lbr_ros2_control:/home/khamrouni/auctus/work/kuka_robot/install/lbr_moveit_cpp:/home/khamrouni/auctus/work/kuka_robot/install/lbr_demos_advanced_cpp:/home/khamrouni/auctus/work/kuka_robot/install/lbr_fri_ros2:/home/khamrouni/auctus/work/kuka_robot/install/lbr_fri_idl:/home/khamrouni/auctus/work/kuka_robot/install/iiwa7_moveit_config:/home/khamrouni/auctus/work/kuka_robot/install/iiwa14_moveit_config:/home/khamrouni/auctus/work/kuka_robot/install/lbr_description:/home/khamrouni/auctus/work/kuka_robot/install/fri_client_sdk:/home/khamrouni/ws_moveit/install/pilz_industrial_motion_planner_testutils:/home/khamrouni/ws_moveit/install/moveit_runtime:/home/khamrouni/ws_moveit/install/moveit2_tutorials:/home/khamrouni/ws_moveit/install/moveit:/home/khamrouni/ws_moveit/install/moveit_planners:/home/khamrouni/ws_moveit/install/pilz_industrial_motion_planner:/home/khamrouni/ws_moveit/install/moveit_visual_tools:/home/khamrouni/ws_moveit/install/moveit_task_constructor_visualization:/home/khamrouni/ws_moveit/install/moveit_task_constructor_demo:/home/khamrouni/ws_moveit/install/moveit_task_constructor_capabilities:/home/khamrouni/ws_moveit/install/moveit_task_constructor_core:/home/khamrouni/ws_moveit/install/moveit_ros_control_interface:/home/khamrouni/ws_moveit/install/moveit_plugins:/home/khamrouni/ws_moveit/install/moveit_simple_controller_manager:/home/khamrouni/ws_moveit/install/moveit_setup_assistant:/home/khamrouni/ws_moveit/install/moveit_setup_srdf_plugins:/home/khamrouni/ws_moveit/install/moveit_setup_core_plugins:/home/khamrouni/ws_moveit/install/moveit_setup_controllers:/home/khamrouni/ws_moveit/install/moveit_setup_app_plugins:/home/khamrouni/ws_moveit/install/moveit_setup_framework:/home/khamrouni/ws_moveit/install/moveit_servo:/home/khamrouni/ws_moveit/install/moveit_ros:/home/khamrouni/ws_moveit/install/moveit_ros_visualization:/home/khamrouni/ws_moveit/install/moveit_hybrid_planning:/home/khamrouni/ws_moveit/install/move_program:/home/khamrouni/ws_moveit/install/hello_moveit:/home/khamrouni/ws_moveit/install/moveit_ros_planning_interface:/home/khamrouni/ws_moveit/install/moveit_ros_benchmarks:/home/khamrouni/ws_moveit/install/moveit_ros_warehouse:/home/khamrouni/ws_moveit/install/moveit_ros_robot_interaction:/home/khamrouni/ws_moveit/install/moveit_ros_perception:/home/khamrouni/ws_moveit/install/moveit_resources_prbt_pg70_support:/home/khamrouni/ws_moveit/install/moveit_resources_prbt_moveit_config:/home/khamrouni/ws_moveit/install/moveit_ros_move_group:/home/khamrouni/ws_moveit/install/moveit_planners_ompl:/home/khamrouni/ws_moveit/install/moveit_ros_planning:/home/khamrouni/ws_moveit/install/moveit_ros_occupancy_map_monitor:/home/khamrouni/ws_moveit/install/moveit_resources_prbt_ikfast_manipulator_plugin:/home/khamrouni/ws_moveit/install/moveit_planners_chomp:/home/khamrouni/ws_moveit/install/moveit_kinematics:/home/khamrouni/ws_moveit/install/moveit_chomp_optimizer_adapter:/home/khamrouni/ws_moveit/install/chomp_motion_planner:/home/khamrouni/ws_moveit/install/moveit_core:/home/khamrouni/ws_moveit/install/srdfdom:/home/khamrouni/ws_moveit/install/rviz_marker_tools:/home/khamrouni/ws_moveit/install/rosparam_shortcuts:/home/khamrouni/ws_moveit/install/moveit_task_constructor_msgs:/home/khamrouni/ws_moveit/install/moveit_resources_prbt_support:/home/khamrouni/ws_moveit/install/moveit_resources:/home/khamrouni/ws_moveit/install/moveit_resources_pr2_description:/home/khamrouni/ws_moveit/install/moveit_resources_panda_moveit_config:/home/khamrouni/ws_moveit/install/moveit_resources_panda_description:/home/khamrouni/ws_moveit/install/moveit_resources_fanuc_moveit_config:/home/khamrouni/ws_moveit/install/moveit_resources_fanuc_description:/home/khamrouni/ws_moveit/install/moveit_common:/home/khamrouni/robot_ws/install/iiwa_description:/home/khamrouni/ros2_ws/install/polygon_base:/home/khamrouni/ros2_ws/install/iiwa_bringup:/home/khamrouni/ros2_ws/install/iiwa_description:/home/khamrouni/ros2_ws/install/examples_rclcpp_minimal_action_client:/home/khamrouni/ros2_ws/install/examples_rclcpp_cbg_executor:/home/khamrouni/ros2_ws/install/examples_rclcpp_async_client:/home/khamrouni/ros2_ws/install/cpp_parameters:/home/khamrouni/auctus/work/kuka_robot/install/lbr_demos_py:/home/khamrouni/auctus/work/kuka_robot/install/lbr_moveit:/home/khamrouni/auctus/work/kuka_robot/install/lbr_demos_advanced_py:/home/khamrouni/ws_moveit/install/moveit_configs_utils:/home/khamrouni/ws_moveit/install/launch_param_builder:/opt/ros/humble LD_LIBRARY_PATH=/home/khamrouni/lbr-stack/src/lbr_fri_ros2_stack/install/lbr_ros2_control/lib:/home/khamrouni/lbr-stack/src/lbr_fri_ros2_stack/install/lbr_fri_ros2/lib:${LD_LIBRARY_PATH} /usr/bin/cmake /home/khamrouni/lbr-stack/src/lbr_fri_ros2_stack/lbr_bringup -DCMAKE_INSTALL_PREFIX=/home/khamrouni/lbr-stack/src/lbr_fri_ros2_stack/install/lbr_bringup
[103.235s] DEBUG:colcon.colcon_core.event_handler.log_command:Invoked command in '/home/khamrouni/lbr-stack/src/lbr_fri_ros2_stack/build/lbr_bringup' returned '0': AMENT_PREFIX_PATH=/home/khamrouni/lbr-stack/src/lbr_fri_ros2_stack/install/lbr_ros2_control:/home/khamrouni/lbr-stack/src/lbr_fri_ros2_stack/install/lbr_fri_ros2:/home/khamrouni/lbr-stack/src/lbr_fri_ros2_stack/install/lbr_description:${AMENT_PREFIX_PATH} CMAKE_PREFIX_PATH=/home/khamrouni/lbr-stack/src/lbr_fri_ros2_stack/install/lbr_ros2_control:/home/khamrouni/lbr-stack/src/lbr_fri_ros2_stack/install/lbr_fri_ros2:/home/khamrouni/lbr-stack/src/lbr_fri_ros2_stack/install/lbr_description:/home/khamrouni/auctus/work/kuka_robot/install/velocity_controller:/home/khamrouni/auctus/work/kuka_robot/install/med7_moveit_config:/home/khamrouni/auctus/work/kuka_robot/install/med14_moveit_config:/home/khamrouni/auctus/work/kuka_robot/install/lbr_fri_ros2_stack:/home/khamrouni/auctus/work/kuka_robot/install/lbr_demos_cpp:/home/khamrouni/auctus/work/kuka_robot/install/lbr_bringup:/home/khamrouni/auctus/work/kuka_robot/install/lbr_ros2_control:/home/khamrouni/auctus/work/kuka_robot/install/lbr_moveit_cpp:/home/khamrouni/auctus/work/kuka_robot/install/lbr_demos_advanced_cpp:/home/khamrouni/auctus/work/kuka_robot/install/lbr_fri_ros2:/home/khamrouni/auctus/work/kuka_robot/install/lbr_fri_idl:/home/khamrouni/auctus/work/kuka_robot/install/iiwa7_moveit_config:/home/khamrouni/auctus/work/kuka_robot/install/iiwa14_moveit_config:/home/khamrouni/auctus/work/kuka_robot/install/lbr_description:/home/khamrouni/auctus/work/kuka_robot/install/fri_client_sdk:/home/khamrouni/ws_moveit/install/pilz_industrial_motion_planner_testutils:/home/khamrouni/ws_moveit/install/moveit_runtime:/home/khamrouni/ws_moveit/install/moveit2_tutorials:/home/khamrouni/ws_moveit/install/moveit:/home/khamrouni/ws_moveit/install/moveit_planners:/home/khamrouni/ws_moveit/install/pilz_industrial_motion_planner:/home/khamrouni/ws_moveit/install/moveit_visual_tools:/home/khamrouni/ws_moveit/install/moveit_task_constructor_visualization:/home/khamrouni/ws_moveit/install/moveit_task_constructor_demo:/home/khamrouni/ws_moveit/install/moveit_task_constructor_capabilities:/home/khamrouni/ws_moveit/install/moveit_task_constructor_core:/home/khamrouni/ws_moveit/install/moveit_ros_control_interface:/home/khamrouni/ws_moveit/install/moveit_plugins:/home/khamrouni/ws_moveit/install/moveit_simple_controller_manager:/home/khamrouni/ws_moveit/install/moveit_setup_assistant:/home/khamrouni/ws_moveit/install/moveit_setup_srdf_plugins:/home/khamrouni/ws_moveit/install/moveit_setup_core_plugins:/home/khamrouni/ws_moveit/install/moveit_setup_controllers:/home/khamrouni/ws_moveit/install/moveit_setup_app_plugins:/home/khamrouni/ws_moveit/install/moveit_setup_framework:/home/khamrouni/ws_moveit/install/moveit_servo:/home/khamrouni/ws_moveit/install/moveit_ros:/home/khamrouni/ws_moveit/install/moveit_ros_visualization:/home/khamrouni/ws_moveit/install/moveit_hybrid_planning:/home/khamrouni/ws_moveit/install/move_program:/home/khamrouni/ws_moveit/install/hello_moveit:/home/khamrouni/ws_moveit/install/moveit_ros_planning_interface:/home/khamrouni/ws_moveit/install/moveit_ros_benchmarks:/home/khamrouni/ws_moveit/install/moveit_ros_warehouse:/home/khamrouni/ws_moveit/install/moveit_ros_robot_interaction:/home/khamrouni/ws_moveit/install/moveit_ros_perception:/home/khamrouni/ws_moveit/install/moveit_resources_prbt_pg70_support:/home/khamrouni/ws_moveit/install/moveit_resources_prbt_moveit_config:/home/khamrouni/ws_moveit/install/moveit_ros_move_group:/home/khamrouni/ws_moveit/install/moveit_planners_ompl:/home/khamrouni/ws_moveit/install/moveit_ros_planning:/home/khamrouni/ws_moveit/install/moveit_ros_occupancy_map_monitor:/home/khamrouni/ws_moveit/install/moveit_resources_prbt_ikfast_manipulator_plugin:/home/khamrouni/ws_moveit/install/moveit_planners_chomp:/home/khamrouni/ws_moveit/install/moveit_kinematics:/home/khamrouni/ws_moveit/install/moveit_chomp_optimizer_adapter:/home/khamrouni/ws_moveit/install/chomp_motion_planner:/home/khamrouni/ws_moveit/install/moveit_core:/home/khamrouni/ws_moveit/install/srdfdom:/home/khamrouni/ws_moveit/install/rviz_marker_tools:/home/khamrouni/ws_moveit/install/rosparam_shortcuts:/home/khamrouni/ws_moveit/install/moveit_task_constructor_msgs:/home/khamrouni/ws_moveit/install/moveit_resources_prbt_support:/home/khamrouni/ws_moveit/install/moveit_resources:/home/khamrouni/ws_moveit/install/moveit_resources_pr2_description:/home/khamrouni/ws_moveit/install/moveit_resources_panda_moveit_config:/home/khamrouni/ws_moveit/install/moveit_resources_panda_description:/home/khamrouni/ws_moveit/install/moveit_resources_fanuc_moveit_config:/home/khamrouni/ws_moveit/install/moveit_resources_fanuc_description:/home/khamrouni/ws_moveit/install/moveit_common:/home/khamrouni/robot_ws/install/iiwa_description:/home/khamrouni/ros2_ws/install/polygon_base:/home/khamrouni/ros2_ws/install/iiwa_bringup:/home/khamrouni/ros2_ws/install/iiwa_description:/home/khamrouni/ros2_ws/install/examples_rclcpp_minimal_action_client:/home/khamrouni/ros2_ws/install/examples_rclcpp_cbg_executor:/home/khamrouni/ros2_ws/install/examples_rclcpp_async_client:/home/khamrouni/ros2_ws/install/cpp_parameters:/home/khamrouni/auctus/work/kuka_robot/install/lbr_demos_py:/home/khamrouni/auctus/work/kuka_robot/install/lbr_moveit:/home/khamrouni/auctus/work/kuka_robot/install/lbr_demos_advanced_py:/home/khamrouni/ws_moveit/install/moveit_configs_utils:/home/khamrouni/ws_moveit/install/launch_param_builder:/opt/ros/humble LD_LIBRARY_PATH=/home/khamrouni/lbr-stack/src/lbr_fri_ros2_stack/install/lbr_ros2_control/lib:/home/khamrouni/lbr-stack/src/lbr_fri_ros2_stack/install/lbr_fri_ros2/lib:${LD_LIBRARY_PATH} /usr/bin/cmake /home/khamrouni/lbr-stack/src/lbr_fri_ros2_stack/lbr_bringup -DCMAKE_INSTALL_PREFIX=/home/khamrouni/lbr-stack/src/lbr_fri_ros2_stack/install/lbr_bringup
[103.238s] DEBUG:colcon.colcon_core.event_handler.log_command:Invoking command in '/home/khamrouni/lbr-stack/src/lbr_fri_ros2_stack/build/lbr_bringup': AMENT_PREFIX_PATH=/home/khamrouni/lbr-stack/src/lbr_fri_ros2_stack/install/lbr_ros2_control:/home/khamrouni/lbr-stack/src/lbr_fri_ros2_stack/install/lbr_fri_ros2:/home/khamrouni/lbr-stack/src/lbr_fri_ros2_stack/install/lbr_description:${AMENT_PREFIX_PATH} CMAKE_PREFIX_PATH=/home/khamrouni/lbr-stack/src/lbr_fri_ros2_stack/install/lbr_ros2_control:/home/khamrouni/lbr-stack/src/lbr_fri_ros2_stack/install/lbr_fri_ros2:/home/khamrouni/lbr-stack/src/lbr_fri_ros2_stack/install/lbr_description:/home/khamrouni/auctus/work/kuka_robot/install/velocity_controller:/home/khamrouni/auctus/work/kuka_robot/install/med7_moveit_config:/home/khamrouni/auctus/work/kuka_robot/install/med14_moveit_config:/home/khamrouni/auctus/work/kuka_robot/install/lbr_fri_ros2_stack:/home/khamrouni/auctus/work/kuka_robot/install/lbr_demos_cpp:/home/khamrouni/auctus/work/kuka_robot/install/lbr_bringup:/home/khamrouni/auctus/work/kuka_robot/install/lbr_ros2_control:/home/khamrouni/auctus/work/kuka_robot/install/lbr_moveit_cpp:/home/khamrouni/auctus/work/kuka_robot/install/lbr_demos_advanced_cpp:/home/khamrouni/auctus/work/kuka_robot/install/lbr_fri_ros2:/home/khamrouni/auctus/work/kuka_robot/install/lbr_fri_idl:/home/khamrouni/auctus/work/kuka_robot/install/iiwa7_moveit_config:/home/khamrouni/auctus/work/kuka_robot/install/iiwa14_moveit_config:/home/khamrouni/auctus/work/kuka_robot/install/lbr_description:/home/khamrouni/auctus/work/kuka_robot/install/fri_client_sdk:/home/khamrouni/ws_moveit/install/pilz_industrial_motion_planner_testutils:/home/khamrouni/ws_moveit/install/moveit_runtime:/home/khamrouni/ws_moveit/install/moveit2_tutorials:/home/khamrouni/ws_moveit/install/moveit:/home/khamrouni/ws_moveit/install/moveit_planners:/home/khamrouni/ws_moveit/install/pilz_industrial_motion_planner:/home/khamrouni/ws_moveit/install/moveit_visual_tools:/home/khamrouni/ws_moveit/install/moveit_task_constructor_visualization:/home/khamrouni/ws_moveit/install/moveit_task_constructor_demo:/home/khamrouni/ws_moveit/install/moveit_task_constructor_capabilities:/home/khamrouni/ws_moveit/install/moveit_task_constructor_core:/home/khamrouni/ws_moveit/install/moveit_ros_control_interface:/home/khamrouni/ws_moveit/install/moveit_plugins:/home/khamrouni/ws_moveit/install/moveit_simple_controller_manager:/home/khamrouni/ws_moveit/install/moveit_setup_assistant:/home/khamrouni/ws_moveit/install/moveit_setup_srdf_plugins:/home/khamrouni/ws_moveit/install/moveit_setup_core_plugins:/home/khamrouni/ws_moveit/install/moveit_setup_controllers:/home/khamrouni/ws_moveit/install/moveit_setup_app_plugins:/home/khamrouni/ws_moveit/install/moveit_setup_framework:/home/khamrouni/ws_moveit/install/moveit_servo:/home/khamrouni/ws_moveit/install/moveit_ros:/home/khamrouni/ws_moveit/install/moveit_ros_visualization:/home/khamrouni/ws_moveit/install/moveit_hybrid_planning:/home/khamrouni/ws_moveit/install/move_program:/home/khamrouni/ws_moveit/install/hello_moveit:/home/khamrouni/ws_moveit/install/moveit_ros_planning_interface:/home/khamrouni/ws_moveit/install/moveit_ros_benchmarks:/home/khamrouni/ws_moveit/install/moveit_ros_warehouse:/home/khamrouni/ws_moveit/install/moveit_ros_robot_interaction:/home/khamrouni/ws_moveit/install/moveit_ros_perception:/home/khamrouni/ws_moveit/install/moveit_resources_prbt_pg70_support:/home/khamrouni/ws_moveit/install/moveit_resources_prbt_moveit_config:/home/khamrouni/ws_moveit/install/moveit_ros_move_group:/home/khamrouni/ws_moveit/install/moveit_planners_ompl:/home/khamrouni/ws_moveit/install/moveit_ros_planning:/home/khamrouni/ws_moveit/install/moveit_ros_occupancy_map_monitor:/home/khamrouni/ws_moveit/install/moveit_resources_prbt_ikfast_manipulator_plugin:/home/khamrouni/ws_moveit/install/moveit_planners_chomp:/home/khamrouni/ws_moveit/install/moveit_kinematics:/home/khamrouni/ws_moveit/install/moveit_chomp_optimizer_adapter:/home/khamrouni/ws_moveit/install/chomp_motion_planner:/home/khamrouni/ws_moveit/install/moveit_core:/home/khamrouni/ws_moveit/install/srdfdom:/home/khamrouni/ws_moveit/install/rviz_marker_tools:/home/khamrouni/ws_moveit/install/rosparam_shortcuts:/home/khamrouni/ws_moveit/install/moveit_task_constructor_msgs:/home/khamrouni/ws_moveit/install/moveit_resources_prbt_support:/home/khamrouni/ws_moveit/install/moveit_resources:/home/khamrouni/ws_moveit/install/moveit_resources_pr2_description:/home/khamrouni/ws_moveit/install/moveit_resources_panda_moveit_config:/home/khamrouni/ws_moveit/install/moveit_resources_panda_description:/home/khamrouni/ws_moveit/install/moveit_resources_fanuc_moveit_config:/home/khamrouni/ws_moveit/install/moveit_resources_fanuc_description:/home/khamrouni/ws_moveit/install/moveit_common:/home/khamrouni/robot_ws/install/iiwa_description:/home/khamrouni/ros2_ws/install/polygon_base:/home/khamrouni/ros2_ws/install/iiwa_bringup:/home/khamrouni/ros2_ws/install/iiwa_description:/home/khamrouni/ros2_ws/install/examples_rclcpp_minimal_action_client:/home/khamrouni/ros2_ws/install/examples_rclcpp_cbg_executor:/home/khamrouni/ros2_ws/install/examples_rclcpp_async_client:/home/khamrouni/ros2_ws/install/cpp_parameters:/home/khamrouni/auctus/work/kuka_robot/install/lbr_demos_py:/home/khamrouni/auctus/work/kuka_robot/install/lbr_moveit:/home/khamrouni/auctus/work/kuka_robot/install/lbr_demos_advanced_py:/home/khamrouni/ws_moveit/install/moveit_configs_utils:/home/khamrouni/ws_moveit/install/launch_param_builder:/opt/ros/humble LD_LIBRARY_PATH=/home/khamrouni/lbr-stack/src/lbr_fri_ros2_stack/install/lbr_ros2_control/lib:/home/khamrouni/lbr-stack/src/lbr_fri_ros2_stack/install/lbr_fri_ros2/lib:${LD_LIBRARY_PATH} /usr/bin/cmake --build /home/khamrouni/lbr-stack/src/lbr_fri_ros2_stack/build/lbr_bringup -- -j8 -l8
[104.120s] DEBUG:colcon.colcon_core.event_handler.log_command:Invoked command in '/home/khamrouni/lbr-stack/src/lbr_fri_ros2_stack/build/lbr_bringup' returned '0': AMENT_PREFIX_PATH=/home/khamrouni/lbr-stack/src/lbr_fri_ros2_stack/install/lbr_ros2_control:/home/khamrouni/lbr-stack/src/lbr_fri_ros2_stack/install/lbr_fri_ros2:/home/khamrouni/lbr-stack/src/lbr_fri_ros2_stack/install/lbr_description:${AMENT_PREFIX_PATH} CMAKE_PREFIX_PATH=/home/khamrouni/lbr-stack/src/lbr_fri_ros2_stack/install/lbr_ros2_control:/home/khamrouni/lbr-stack/src/lbr_fri_ros2_stack/install/lbr_fri_ros2:/home/khamrouni/lbr-stack/src/lbr_fri_ros2_stack/install/lbr_description:/home/khamrouni/auctus/work/kuka_robot/install/velocity_controller:/home/khamrouni/auctus/work/kuka_robot/install/med7_moveit_config:/home/khamrouni/auctus/work/kuka_robot/install/med14_moveit_config:/home/khamrouni/auctus/work/kuka_robot/install/lbr_fri_ros2_stack:/home/khamrouni/auctus/work/kuka_robot/install/lbr_demos_cpp:/home/khamrouni/auctus/work/kuka_robot/install/lbr_bringup:/home/khamrouni/auctus/work/kuka_robot/install/lbr_ros2_control:/home/khamrouni/auctus/work/kuka_robot/install/lbr_moveit_cpp:/home/khamrouni/auctus/work/kuka_robot/install/lbr_demos_advanced_cpp:/home/khamrouni/auctus/work/kuka_robot/install/lbr_fri_ros2:/home/khamrouni/auctus/work/kuka_robot/install/lbr_fri_idl:/home/khamrouni/auctus/work/kuka_robot/install/iiwa7_moveit_config:/home/khamrouni/auctus/work/kuka_robot/install/iiwa14_moveit_config:/home/khamrouni/auctus/work/kuka_robot/install/lbr_description:/home/khamrouni/auctus/work/kuka_robot/install/fri_client_sdk:/home/khamrouni/ws_moveit/install/pilz_industrial_motion_planner_testutils:/home/khamrouni/ws_moveit/install/moveit_runtime:/home/khamrouni/ws_moveit/install/moveit2_tutorials:/home/khamrouni/ws_moveit/install/moveit:/home/khamrouni/ws_moveit/install/moveit_planners:/home/khamrouni/ws_moveit/install/pilz_industrial_motion_planner:/home/khamrouni/ws_moveit/install/moveit_visual_tools:/home/khamrouni/ws_moveit/install/moveit_task_constructor_visualization:/home/khamrouni/ws_moveit/install/moveit_task_constructor_demo:/home/khamrouni/ws_moveit/install/moveit_task_constructor_capabilities:/home/khamrouni/ws_moveit/install/moveit_task_constructor_core:/home/khamrouni/ws_moveit/install/moveit_ros_control_interface:/home/khamrouni/ws_moveit/install/moveit_plugins:/home/khamrouni/ws_moveit/install/moveit_simple_controller_manager:/home/khamrouni/ws_moveit/install/moveit_setup_assistant:/home/khamrouni/ws_moveit/install/moveit_setup_srdf_plugins:/home/khamrouni/ws_moveit/install/moveit_setup_core_plugins:/home/khamrouni/ws_moveit/install/moveit_setup_controllers:/home/khamrouni/ws_moveit/install/moveit_setup_app_plugins:/home/khamrouni/ws_moveit/install/moveit_setup_framework:/home/khamrouni/ws_moveit/install/moveit_servo:/home/khamrouni/ws_moveit/install/moveit_ros:/home/khamrouni/ws_moveit/install/moveit_ros_visualization:/home/khamrouni/ws_moveit/install/moveit_hybrid_planning:/home/khamrouni/ws_moveit/install/move_program:/home/khamrouni/ws_moveit/install/hello_moveit:/home/khamrouni/ws_moveit/install/moveit_ros_planning_interface:/home/khamrouni/ws_moveit/install/moveit_ros_benchmarks:/home/khamrouni/ws_moveit/install/moveit_ros_warehouse:/home/khamrouni/ws_moveit/install/moveit_ros_robot_interaction:/home/khamrouni/ws_moveit/install/moveit_ros_perception:/home/khamrouni/ws_moveit/install/moveit_resources_prbt_pg70_support:/home/khamrouni/ws_moveit/install/moveit_resources_prbt_moveit_config:/home/khamrouni/ws_moveit/install/moveit_ros_move_group:/home/khamrouni/ws_moveit/install/moveit_planners_ompl:/home/khamrouni/ws_moveit/install/moveit_ros_planning:/home/khamrouni/ws_moveit/install/moveit_ros_occupancy_map_monitor:/home/khamrouni/ws_moveit/install/moveit_resources_prbt_ikfast_manipulator_plugin:/home/khamrouni/ws_moveit/install/moveit_planners_chomp:/home/khamrouni/ws_moveit/install/moveit_kinematics:/home/khamrouni/ws_moveit/install/moveit_chomp_optimizer_adapter:/home/khamrouni/ws_moveit/install/chomp_motion_planner:/home/khamrouni/ws_moveit/install/moveit_core:/home/khamrouni/ws_moveit/install/srdfdom:/home/khamrouni/ws_moveit/install/rviz_marker_tools:/home/khamrouni/ws_moveit/install/rosparam_shortcuts:/home/khamrouni/ws_moveit/install/moveit_task_constructor_msgs:/home/khamrouni/ws_moveit/install/moveit_resources_prbt_support:/home/khamrouni/ws_moveit/install/moveit_resources:/home/khamrouni/ws_moveit/install/moveit_resources_pr2_description:/home/khamrouni/ws_moveit/install/moveit_resources_panda_moveit_config:/home/khamrouni/ws_moveit/install/moveit_resources_panda_description:/home/khamrouni/ws_moveit/install/moveit_resources_fanuc_moveit_config:/home/khamrouni/ws_moveit/install/moveit_resources_fanuc_description:/home/khamrouni/ws_moveit/install/moveit_common:/home/khamrouni/robot_ws/install/iiwa_description:/home/khamrouni/ros2_ws/install/polygon_base:/home/khamrouni/ros2_ws/install/iiwa_bringup:/home/khamrouni/ros2_ws/install/iiwa_description:/home/khamrouni/ros2_ws/install/examples_rclcpp_minimal_action_client:/home/khamrouni/ros2_ws/install/examples_rclcpp_cbg_executor:/home/khamrouni/ros2_ws/install/examples_rclcpp_async_client:/home/khamrouni/ros2_ws/install/cpp_parameters:/home/khamrouni/auctus/work/kuka_robot/install/lbr_demos_py:/home/khamrouni/auctus/work/kuka_robot/install/lbr_moveit:/home/khamrouni/auctus/work/kuka_robot/install/lbr_demos_advanced_py:/home/khamrouni/ws_moveit/install/moveit_configs_utils:/home/khamrouni/ws_moveit/install/launch_param_builder:/opt/ros/humble LD_LIBRARY_PATH=/home/khamrouni/lbr-stack/src/lbr_fri_ros2_stack/install/lbr_ros2_control/lib:/home/khamrouni/lbr-stack/src/lbr_fri_ros2_stack/install/lbr_fri_ros2/lib:${LD_LIBRARY_PATH} /usr/bin/cmake --build /home/khamrouni/lbr-stack/src/lbr_fri_ros2_stack/build/lbr_bringup -- -j8 -l8
[104.125s] DEBUG:colcon.colcon_core.event_handler.log_command:Invoking command in '/home/khamrouni/lbr-stack/src/lbr_fri_ros2_stack/build/lbr_bringup': AMENT_PREFIX_PATH=/home/khamrouni/lbr-stack/src/lbr_fri_ros2_stack/install/lbr_ros2_control:/home/khamrouni/lbr-stack/src/lbr_fri_ros2_stack/install/lbr_fri_ros2:/home/khamrouni/lbr-stack/src/lbr_fri_ros2_stack/install/lbr_description:${AMENT_PREFIX_PATH} CMAKE_PREFIX_PATH=/home/khamrouni/lbr-stack/src/lbr_fri_ros2_stack/install/lbr_ros2_control:/home/khamrouni/lbr-stack/src/lbr_fri_ros2_stack/install/lbr_fri_ros2:/home/khamrouni/lbr-stack/src/lbr_fri_ros2_stack/install/lbr_description:/home/khamrouni/auctus/work/kuka_robot/install/velocity_controller:/home/khamrouni/auctus/work/kuka_robot/install/med7_moveit_config:/home/khamrouni/auctus/work/kuka_robot/install/med14_moveit_config:/home/khamrouni/auctus/work/kuka_robot/install/lbr_fri_ros2_stack:/home/khamrouni/auctus/work/kuka_robot/install/lbr_demos_cpp:/home/khamrouni/auctus/work/kuka_robot/install/lbr_bringup:/home/khamrouni/auctus/work/kuka_robot/install/lbr_ros2_control:/home/khamrouni/auctus/work/kuka_robot/install/lbr_moveit_cpp:/home/khamrouni/auctus/work/kuka_robot/install/lbr_demos_advanced_cpp:/home/khamrouni/auctus/work/kuka_robot/install/lbr_fri_ros2:/home/khamrouni/auctus/work/kuka_robot/install/lbr_fri_idl:/home/khamrouni/auctus/work/kuka_robot/install/iiwa7_moveit_config:/home/khamrouni/auctus/work/kuka_robot/install/iiwa14_moveit_config:/home/khamrouni/auctus/work/kuka_robot/install/lbr_description:/home/khamrouni/auctus/work/kuka_robot/install/fri_client_sdk:/home/khamrouni/ws_moveit/install/pilz_industrial_motion_planner_testutils:/home/khamrouni/ws_moveit/install/moveit_runtime:/home/khamrouni/ws_moveit/install/moveit2_tutorials:/home/khamrouni/ws_moveit/install/moveit:/home/khamrouni/ws_moveit/install/moveit_planners:/home/khamrouni/ws_moveit/install/pilz_industrial_motion_planner:/home/khamrouni/ws_moveit/install/moveit_visual_tools:/home/khamrouni/ws_moveit/install/moveit_task_constructor_visualization:/home/khamrouni/ws_moveit/install/moveit_task_constructor_demo:/home/khamrouni/ws_moveit/install/moveit_task_constructor_capabilities:/home/khamrouni/ws_moveit/install/moveit_task_constructor_core:/home/khamrouni/ws_moveit/install/moveit_ros_control_interface:/home/khamrouni/ws_moveit/install/moveit_plugins:/home/khamrouni/ws_moveit/install/moveit_simple_controller_manager:/home/khamrouni/ws_moveit/install/moveit_setup_assistant:/home/khamrouni/ws_moveit/install/moveit_setup_srdf_plugins:/home/khamrouni/ws_moveit/install/moveit_setup_core_plugins:/home/khamrouni/ws_moveit/install/moveit_setup_controllers:/home/khamrouni/ws_moveit/install/moveit_setup_app_plugins:/home/khamrouni/ws_moveit/install/moveit_setup_framework:/home/khamrouni/ws_moveit/install/moveit_servo:/home/khamrouni/ws_moveit/install/moveit_ros:/home/khamrouni/ws_moveit/install/moveit_ros_visualization:/home/khamrouni/ws_moveit/install/moveit_hybrid_planning:/home/khamrouni/ws_moveit/install/move_program:/home/khamrouni/ws_moveit/install/hello_moveit:/home/khamrouni/ws_moveit/install/moveit_ros_planning_interface:/home/khamrouni/ws_moveit/install/moveit_ros_benchmarks:/home/khamrouni/ws_moveit/install/moveit_ros_warehouse:/home/khamrouni/ws_moveit/install/moveit_ros_robot_interaction:/home/khamrouni/ws_moveit/install/moveit_ros_perception:/home/khamrouni/ws_moveit/install/moveit_resources_prbt_pg70_support:/home/khamrouni/ws_moveit/install/moveit_resources_prbt_moveit_config:/home/khamrouni/ws_moveit/install/moveit_ros_move_group:/home/khamrouni/ws_moveit/install/moveit_planners_ompl:/home/khamrouni/ws_moveit/install/moveit_ros_planning:/home/khamrouni/ws_moveit/install/moveit_ros_occupancy_map_monitor:/home/khamrouni/ws_moveit/install/moveit_resources_prbt_ikfast_manipulator_plugin:/home/khamrouni/ws_moveit/install/moveit_planners_chomp:/home/khamrouni/ws_moveit/install/moveit_kinematics:/home/khamrouni/ws_moveit/install/moveit_chomp_optimizer_adapter:/home/khamrouni/ws_moveit/install/chomp_motion_planner:/home/khamrouni/ws_moveit/install/moveit_core:/home/khamrouni/ws_moveit/install/srdfdom:/home/khamrouni/ws_moveit/install/rviz_marker_tools:/home/khamrouni/ws_moveit/install/rosparam_shortcuts:/home/khamrouni/ws_moveit/install/moveit_task_constructor_msgs:/home/khamrouni/ws_moveit/install/moveit_resources_prbt_support:/home/khamrouni/ws_moveit/install/moveit_resources:/home/khamrouni/ws_moveit/install/moveit_resources_pr2_description:/home/khamrouni/ws_moveit/install/moveit_resources_panda_moveit_config:/home/khamrouni/ws_moveit/install/moveit_resources_panda_description:/home/khamrouni/ws_moveit/install/moveit_resources_fanuc_moveit_config:/home/khamrouni/ws_moveit/install/moveit_resources_fanuc_description:/home/khamrouni/ws_moveit/install/moveit_common:/home/khamrouni/robot_ws/install/iiwa_description:/home/khamrouni/ros2_ws/install/polygon_base:/home/khamrouni/ros2_ws/install/iiwa_bringup:/home/khamrouni/ros2_ws/install/iiwa_description:/home/khamrouni/ros2_ws/install/examples_rclcpp_minimal_action_client:/home/khamrouni/ros2_ws/install/examples_rclcpp_cbg_executor:/home/khamrouni/ros2_ws/install/examples_rclcpp_async_client:/home/khamrouni/ros2_ws/install/cpp_parameters:/home/khamrouni/auctus/work/kuka_robot/install/lbr_demos_py:/home/khamrouni/auctus/work/kuka_robot/install/lbr_moveit:/home/khamrouni/auctus/work/kuka_robot/install/lbr_demos_advanced_py:/home/khamrouni/ws_moveit/install/moveit_configs_utils:/home/khamrouni/ws_moveit/install/launch_param_builder:/opt/ros/humble LD_LIBRARY_PATH=/home/khamrouni/lbr-stack/src/lbr_fri_ros2_stack/install/lbr_ros2_control/lib:/home/khamrouni/lbr-stack/src/lbr_fri_ros2_stack/install/lbr_fri_ros2/lib:${LD_LIBRARY_PATH} /usr/bin/cmake --install /home/khamrouni/lbr-stack/src/lbr_fri_ros2_stack/build/lbr_bringup
[104.243s] Level 1:colcon.colcon_core.environment:create_environment_scripts_only(lbr_bringup)
[104.244s] Level 1:colcon.colcon_core.environment:checking '/home/khamrouni/lbr-stack/src/lbr_fri_ros2_stack/install/lbr_bringup' for CMake module files
[104.246s] DEBUG:colcon.colcon_core.event_handler.log_command:Invoked command in '/home/khamrouni/lbr-stack/src/lbr_fri_ros2_stack/build/lbr_bringup' returned '0': AMENT_PREFIX_PATH=/home/khamrouni/lbr-stack/src/lbr_fri_ros2_stack/install/lbr_ros2_control:/home/khamrouni/lbr-stack/src/lbr_fri_ros2_stack/install/lbr_fri_ros2:/home/khamrouni/lbr-stack/src/lbr_fri_ros2_stack/install/lbr_description:${AMENT_PREFIX_PATH} CMAKE_PREFIX_PATH=/home/khamrouni/lbr-stack/src/lbr_fri_ros2_stack/install/lbr_ros2_control:/home/khamrouni/lbr-stack/src/lbr_fri_ros2_stack/install/lbr_fri_ros2:/home/khamrouni/lbr-stack/src/lbr_fri_ros2_stack/install/lbr_description:/home/khamrouni/auctus/work/kuka_robot/install/velocity_controller:/home/khamrouni/auctus/work/kuka_robot/install/med7_moveit_config:/home/khamrouni/auctus/work/kuka_robot/install/med14_moveit_config:/home/khamrouni/auctus/work/kuka_robot/install/lbr_fri_ros2_stack:/home/khamrouni/auctus/work/kuka_robot/install/lbr_demos_cpp:/home/khamrouni/auctus/work/kuka_robot/install/lbr_bringup:/home/khamrouni/auctus/work/kuka_robot/install/lbr_ros2_control:/home/khamrouni/auctus/work/kuka_robot/install/lbr_moveit_cpp:/home/khamrouni/auctus/work/kuka_robot/install/lbr_demos_advanced_cpp:/home/khamrouni/auctus/work/kuka_robot/install/lbr_fri_ros2:/home/khamrouni/auctus/work/kuka_robot/install/lbr_fri_idl:/home/khamrouni/auctus/work/kuka_robot/install/iiwa7_moveit_config:/home/khamrouni/auctus/work/kuka_robot/install/iiwa14_moveit_config:/home/khamrouni/auctus/work/kuka_robot/install/lbr_description:/home/khamrouni/auctus/work/kuka_robot/install/fri_client_sdk:/home/khamrouni/ws_moveit/install/pilz_industrial_motion_planner_testutils:/home/khamrouni/ws_moveit/install/moveit_runtime:/home/khamrouni/ws_moveit/install/moveit2_tutorials:/home/khamrouni/ws_moveit/install/moveit:/home/khamrouni/ws_moveit/install/moveit_planners:/home/khamrouni/ws_moveit/install/pilz_industrial_motion_planner:/home/khamrouni/ws_moveit/install/moveit_visual_tools:/home/khamrouni/ws_moveit/install/moveit_task_constructor_visualization:/home/khamrouni/ws_moveit/install/moveit_task_constructor_demo:/home/khamrouni/ws_moveit/install/moveit_task_constructor_capabilities:/home/khamrouni/ws_moveit/install/moveit_task_constructor_core:/home/khamrouni/ws_moveit/install/moveit_ros_control_interface:/home/khamrouni/ws_moveit/install/moveit_plugins:/home/khamrouni/ws_moveit/install/moveit_simple_controller_manager:/home/khamrouni/ws_moveit/install/moveit_setup_assistant:/home/khamrouni/ws_moveit/install/moveit_setup_srdf_plugins:/home/khamrouni/ws_moveit/install/moveit_setup_core_plugins:/home/khamrouni/ws_moveit/install/moveit_setup_controllers:/home/khamrouni/ws_moveit/install/moveit_setup_app_plugins:/home/khamrouni/ws_moveit/install/moveit_setup_framework:/home/khamrouni/ws_moveit/install/moveit_servo:/home/khamrouni/ws_moveit/install/moveit_ros:/home/khamrouni/ws_moveit/install/moveit_ros_visualization:/home/khamrouni/ws_moveit/install/moveit_hybrid_planning:/home/khamrouni/ws_moveit/install/move_program:/home/khamrouni/ws_moveit/install/hello_moveit:/home/khamrouni/ws_moveit/install/moveit_ros_planning_interface:/home/khamrouni/ws_moveit/install/moveit_ros_benchmarks:/home/khamrouni/ws_moveit/install/moveit_ros_warehouse:/home/khamrouni/ws_moveit/install/moveit_ros_robot_interaction:/home/khamrouni/ws_moveit/install/moveit_ros_perception:/home/khamrouni/ws_moveit/install/moveit_resources_prbt_pg70_support:/home/khamrouni/ws_moveit/install/moveit_resources_prbt_moveit_config:/home/khamrouni/ws_moveit/install/moveit_ros_move_group:/home/khamrouni/ws_moveit/install/moveit_planners_ompl:/home/khamrouni/ws_moveit/install/moveit_ros_planning:/home/khamrouni/ws_moveit/install/moveit_ros_occupancy_map_monitor:/home/khamrouni/ws_moveit/install/moveit_resources_prbt_ikfast_manipulator_plugin:/home/khamrouni/ws_moveit/install/moveit_planners_chomp:/home/khamrouni/ws_moveit/install/moveit_kinematics:/home/khamrouni/ws_moveit/install/moveit_chomp_optimizer_adapter:/home/khamrouni/ws_moveit/install/chomp_motion_planner:/home/khamrouni/ws_moveit/install/moveit_core:/home/khamrouni/ws_moveit/install/srdfdom:/home/khamrouni/ws_moveit/install/rviz_marker_tools:/home/khamrouni/ws_moveit/install/rosparam_shortcuts:/home/khamrouni/ws_moveit/install/moveit_task_constructor_msgs:/home/khamrouni/ws_moveit/install/moveit_resources_prbt_support:/home/khamrouni/ws_moveit/install/moveit_resources:/home/khamrouni/ws_moveit/install/moveit_resources_pr2_description:/home/khamrouni/ws_moveit/install/moveit_resources_panda_moveit_config:/home/khamrouni/ws_moveit/install/moveit_resources_panda_description:/home/khamrouni/ws_moveit/install/moveit_resources_fanuc_moveit_config:/home/khamrouni/ws_moveit/install/moveit_resources_fanuc_description:/home/khamrouni/ws_moveit/install/moveit_common:/home/khamrouni/robot_ws/install/iiwa_description:/home/khamrouni/ros2_ws/install/polygon_base:/home/khamrouni/ros2_ws/install/iiwa_bringup:/home/khamrouni/ros2_ws/install/iiwa_description:/home/khamrouni/ros2_ws/install/examples_rclcpp_minimal_action_client:/home/khamrouni/ros2_ws/install/examples_rclcpp_cbg_executor:/home/khamrouni/ros2_ws/install/examples_rclcpp_async_client:/home/khamrouni/ros2_ws/install/cpp_parameters:/home/khamrouni/auctus/work/kuka_robot/install/lbr_demos_py:/home/khamrouni/auctus/work/kuka_robot/install/lbr_moveit:/home/khamrouni/auctus/work/kuka_robot/install/lbr_demos_advanced_py:/home/khamrouni/ws_moveit/install/moveit_configs_utils:/home/khamrouni/ws_moveit/install/launch_param_builder:/opt/ros/humble LD_LIBRARY_PATH=/home/khamrouni/lbr-stack/src/lbr_fri_ros2_stack/install/lbr_ros2_control/lib:/home/khamrouni/lbr-stack/src/lbr_fri_ros2_stack/install/lbr_fri_ros2/lib:${LD_LIBRARY_PATH} /usr/bin/cmake --install /home/khamrouni/lbr-stack/src/lbr_fri_ros2_stack/build/lbr_bringup
[104.246s] Level 1:colcon.colcon_core.environment:checking '/home/khamrouni/lbr-stack/src/lbr_fri_ros2_stack/install/lbr_bringup' for CMake config files
[104.247s] Level 1:colcon.colcon_core.shell:create_environment_hook('lbr_bringup', 'cmake_prefix_path')
[104.248s] INFO:colcon.colcon_core.shell:Creating environment hook '/home/khamrouni/lbr-stack/src/lbr_fri_ros2_stack/install/lbr_bringup/share/lbr_bringup/hook/cmake_prefix_path.ps1'
[104.249s] INFO:colcon.colcon_core.shell:Creating environment descriptor '/home/khamrouni/lbr-stack/src/lbr_fri_ros2_stack/install/lbr_bringup/share/lbr_bringup/hook/cmake_prefix_path.dsv'
[104.250s] INFO:colcon.colcon_core.shell:Creating environment hook '/home/khamrouni/lbr-stack/src/lbr_fri_ros2_stack/install/lbr_bringup/share/lbr_bringup/hook/cmake_prefix_path.sh'
[104.251s] Level 1:colcon.colcon_core.environment:checking '/home/khamrouni/lbr-stack/src/lbr_fri_ros2_stack/install/lbr_bringup/bin'
[104.251s] Level 1:colcon.colcon_core.environment:checking '/home/khamrouni/lbr-stack/src/lbr_fri_ros2_stack/install/lbr_bringup/lib/pkgconfig/lbr_bringup.pc'
[104.252s] Level 1:colcon.colcon_core.environment:checking '/home/khamrouni/lbr-stack/src/lbr_fri_ros2_stack/install/lbr_bringup/lib/python3.10/site-packages'
[104.253s] Level 1:colcon.colcon_core.environment:checking '/home/khamrouni/lbr-stack/src/lbr_fri_ros2_stack/install/lbr_bringup/bin'
[104.254s] INFO:colcon.colcon_core.shell:Creating package script '/home/khamrouni/lbr-stack/src/lbr_fri_ros2_stack/install/lbr_bringup/share/lbr_bringup/package.ps1'
[104.255s] INFO:colcon.colcon_core.shell:Creating package descriptor '/home/khamrouni/lbr-stack/src/lbr_fri_ros2_stack/install/lbr_bringup/share/lbr_bringup/package.dsv'
[104.256s] INFO:colcon.colcon_core.shell:Creating package script '/home/khamrouni/lbr-stack/src/lbr_fri_ros2_stack/install/lbr_bringup/share/lbr_bringup/package.sh'
[104.257s] INFO:colcon.colcon_core.shell:Creating package script '/home/khamrouni/lbr-stack/src/lbr_fri_ros2_stack/install/lbr_bringup/share/lbr_bringup/package.bash'
[104.258s] INFO:colcon.colcon_core.shell:Creating package script '/home/khamrouni/lbr-stack/src/lbr_fri_ros2_stack/install/lbr_bringup/share/lbr_bringup/package.zsh'
[104.259s] Level 1:colcon.colcon_core.environment:create_file_with_runtime_dependencies(/home/khamrouni/lbr-stack/src/lbr_fri_ros2_stack/install/lbr_bringup/share/colcon-core/packages/lbr_bringup)
[104.260s] Level 1:colcon.colcon_core.environment:create_environment_scripts_only(lbr_bringup)
[104.261s] Level 1:colcon.colcon_core.environment:checking '/home/khamrouni/lbr-stack/src/lbr_fri_ros2_stack/install/lbr_bringup' for CMake module files
[104.262s] Level 1:colcon.colcon_core.environment:checking '/home/khamrouni/lbr-stack/src/lbr_fri_ros2_stack/install/lbr_bringup' for CMake config files
[104.263s] Level 1:colcon.colcon_core.shell:create_environment_hook('lbr_bringup', 'cmake_prefix_path')
[104.264s] INFO:colcon.colcon_core.shell:Creating environment hook '/home/khamrouni/lbr-stack/src/lbr_fri_ros2_stack/install/lbr_bringup/share/lbr_bringup/hook/cmake_prefix_path.ps1'
[104.265s] INFO:colcon.colcon_core.shell:Creating environment descriptor '/home/khamrouni/lbr-stack/src/lbr_fri_ros2_stack/install/lbr_bringup/share/lbr_bringup/hook/cmake_prefix_path.dsv'
[104.266s] INFO:colcon.colcon_core.shell:Creating environment hook '/home/khamrouni/lbr-stack/src/lbr_fri_ros2_stack/install/lbr_bringup/share/lbr_bringup/hook/cmake_prefix_path.sh'
[104.267s] Level 1:colcon.colcon_core.environment:checking '/home/khamrouni/lbr-stack/src/lbr_fri_ros2_stack/install/lbr_bringup/bin'
[104.268s] Level 1:colcon.colcon_core.environment:checking '/home/khamrouni/lbr-stack/src/lbr_fri_ros2_stack/install/lbr_bringup/lib/pkgconfig/lbr_bringup.pc'
[104.268s] Level 1:colcon.colcon_core.environment:checking '/home/khamrouni/lbr-stack/src/lbr_fri_ros2_stack/install/lbr_bringup/lib/python3.10/site-packages'
[104.269s] Level 1:colcon.colcon_core.environment:checking '/home/khamrouni/lbr-stack/src/lbr_fri_ros2_stack/install/lbr_bringup/bin'
[104.270s] INFO:colcon.colcon_core.shell:Creating package script '/home/khamrouni/lbr-stack/src/lbr_fri_ros2_stack/install/lbr_bringup/share/lbr_bringup/package.ps1'
[104.271s] INFO:colcon.colcon_core.shell:Creating package descriptor '/home/khamrouni/lbr-stack/src/lbr_fri_ros2_stack/install/lbr_bringup/share/lbr_bringup/package.dsv'
[104.272s] INFO:colcon.colcon_core.shell:Creating package script '/home/khamrouni/lbr-stack/src/lbr_fri_ros2_stack/install/lbr_bringup/share/lbr_bringup/package.sh'
[104.273s] INFO:colcon.colcon_core.shell:Creating package script '/home/khamrouni/lbr-stack/src/lbr_fri_ros2_stack/install/lbr_bringup/share/lbr_bringup/package.bash'
[104.274s] INFO:colcon.colcon_core.shell:Creating package script '/home/khamrouni/lbr-stack/src/lbr_fri_ros2_stack/install/lbr_bringup/share/lbr_bringup/package.zsh'
[104.276s] Level 1:colcon.colcon_core.environment:create_file_with_runtime_dependencies(/home/khamrouni/lbr-stack/src/lbr_fri_ros2_stack/install/lbr_bringup/share/colcon-core/packages/lbr_bringup)
[104.276s] INFO:colcon.colcon_ros.task.ament_cmake.build:Building ROS package in '/home/khamrouni/lbr-stack/src/lbr_fri_ros2_stack/lbr_demos/lbr_demos_cpp' with build type 'ament_cmake'
[104.277s] INFO:colcon.colcon_cmake.task.cmake.build:Building CMake package in '/home/khamrouni/lbr-stack/src/lbr_fri_ros2_stack/lbr_demos/lbr_demos_cpp'
[104.278s] INFO:colcon.colcon_core.shell:Skip shell extension 'powershell' for command environment: Not usable outside of PowerShell
[104.278s] DEBUG:colcon.colcon_core.shell:Skip shell extension 'dsv' for command environment
[104.305s] INFO:colcon.colcon_ros.task.ament_python.build:Building ROS package in '/home/khamrouni/lbr-stack/src/lbr_fri_ros2_stack/lbr_demos/lbr_demos_py' with build type 'ament_python'
[104.306s] Level 1:colcon.colcon_core.shell:create_environment_hook('lbr_demos_py', 'ament_prefix_path')
[104.306s] INFO:colcon.colcon_core.shell:Creating environment hook '/home/khamrouni/lbr-stack/src/lbr_fri_ros2_stack/install/lbr_demos_py/share/lbr_demos_py/hook/ament_prefix_path.ps1'
[104.308s] INFO:colcon.colcon_core.shell:Creating environment descriptor '/home/khamrouni/lbr-stack/src/lbr_fri_ros2_stack/install/lbr_demos_py/share/lbr_demos_py/hook/ament_prefix_path.dsv'
[104.309s] INFO:colcon.colcon_core.shell:Creating environment hook '/home/khamrouni/lbr-stack/src/lbr_fri_ros2_stack/install/lbr_demos_py/share/lbr_demos_py/hook/ament_prefix_path.sh'
[104.310s] INFO:colcon.colcon_core.shell:Skip shell extension 'powershell' for command environment: Not usable outside of PowerShell
[104.310s] DEBUG:colcon.colcon_core.shell:Skip shell extension 'dsv' for command environment
[104.338s] INFO:colcon.colcon_ros.task.ament_cmake.build:Building ROS package in '/home/khamrouni/lbr-stack/src/lbr_fri_ros2_stack/lbr_fri_ros2_stack' with build type 'ament_cmake'
[104.338s] INFO:colcon.colcon_cmake.task.cmake.build:Building CMake package in '/home/khamrouni/lbr-stack/src/lbr_fri_ros2_stack/lbr_fri_ros2_stack'
[104.339s] INFO:colcon.colcon_core.shell:Skip shell extension 'powershell' for command environment: Not usable outside of PowerShell
[104.339s] DEBUG:colcon.colcon_core.shell:Skip shell extension 'dsv' for command environment
[104.370s] DEBUG:colcon.colcon_core.event_handler.log_command:Invoking command in '/home/khamrouni/lbr-stack/src/lbr_fri_ros2_stack/build/lbr_demos_cpp': AMENT_PREFIX_PATH=/home/khamrouni/lbr-stack/src/lbr_fri_ros2_stack/install/lbr_bringup:/home/khamrouni/lbr-stack/src/lbr_fri_ros2_stack/install/lbr_ros2_control:/home/khamrouni/lbr-stack/src/lbr_fri_ros2_stack/install/lbr_fri_ros2:/home/khamrouni/lbr-stack/src/lbr_fri_ros2_stack/install/lbr_description:${AMENT_PREFIX_PATH} CMAKE_PREFIX_PATH=/home/khamrouni/lbr-stack/src/lbr_fri_ros2_stack/install/lbr_bringup:/home/khamrouni/lbr-stack/src/lbr_fri_ros2_stack/install/lbr_ros2_control:/home/khamrouni/lbr-stack/src/lbr_fri_ros2_stack/install/lbr_fri_ros2:/home/khamrouni/lbr-stack/src/lbr_fri_ros2_stack/install/lbr_description:/home/khamrouni/auctus/work/kuka_robot/install/velocity_controller:/home/khamrouni/auctus/work/kuka_robot/install/med7_moveit_config:/home/khamrouni/auctus/work/kuka_robot/install/med14_moveit_config:/home/khamrouni/auctus/work/kuka_robot/install/lbr_fri_ros2_stack:/home/khamrouni/auctus/work/kuka_robot/install/lbr_demos_cpp:/home/khamrouni/auctus/work/kuka_robot/install/lbr_bringup:/home/khamrouni/auctus/work/kuka_robot/install/lbr_ros2_control:/home/khamrouni/auctus/work/kuka_robot/install/lbr_moveit_cpp:/home/khamrouni/auctus/work/kuka_robot/install/lbr_demos_advanced_cpp:/home/khamrouni/auctus/work/kuka_robot/install/lbr_fri_ros2:/home/khamrouni/auctus/work/kuka_robot/install/lbr_fri_idl:/home/khamrouni/auctus/work/kuka_robot/install/iiwa7_moveit_config:/home/khamrouni/auctus/work/kuka_robot/install/iiwa14_moveit_config:/home/khamrouni/auctus/work/kuka_robot/install/lbr_description:/home/khamrouni/auctus/work/kuka_robot/install/fri_client_sdk:/home/khamrouni/ws_moveit/install/pilz_industrial_motion_planner_testutils:/home/khamrouni/ws_moveit/install/moveit_runtime:/home/khamrouni/ws_moveit/install/moveit2_tutorials:/home/khamrouni/ws_moveit/install/moveit:/home/khamrouni/ws_moveit/install/moveit_planners:/home/khamrouni/ws_moveit/install/pilz_industrial_motion_planner:/home/khamrouni/ws_moveit/install/moveit_visual_tools:/home/khamrouni/ws_moveit/install/moveit_task_constructor_visualization:/home/khamrouni/ws_moveit/install/moveit_task_constructor_demo:/home/khamrouni/ws_moveit/install/moveit_task_constructor_capabilities:/home/khamrouni/ws_moveit/install/moveit_task_constructor_core:/home/khamrouni/ws_moveit/install/moveit_ros_control_interface:/home/khamrouni/ws_moveit/install/moveit_plugins:/home/khamrouni/ws_moveit/install/moveit_simple_controller_manager:/home/khamrouni/ws_moveit/install/moveit_setup_assistant:/home/khamrouni/ws_moveit/install/moveit_setup_srdf_plugins:/home/khamrouni/ws_moveit/install/moveit_setup_core_plugins:/home/khamrouni/ws_moveit/install/moveit_setup_controllers:/home/khamrouni/ws_moveit/install/moveit_setup_app_plugins:/home/khamrouni/ws_moveit/install/moveit_setup_framework:/home/khamrouni/ws_moveit/install/moveit_servo:/home/khamrouni/ws_moveit/install/moveit_ros:/home/khamrouni/ws_moveit/install/moveit_ros_visualization:/home/khamrouni/ws_moveit/install/moveit_hybrid_planning:/home/khamrouni/ws_moveit/install/move_program:/home/khamrouni/ws_moveit/install/hello_moveit:/home/khamrouni/ws_moveit/install/moveit_ros_planning_interface:/home/khamrouni/ws_moveit/install/moveit_ros_benchmarks:/home/khamrouni/ws_moveit/install/moveit_ros_warehouse:/home/khamrouni/ws_moveit/install/moveit_ros_robot_interaction:/home/khamrouni/ws_moveit/install/moveit_ros_perception:/home/khamrouni/ws_moveit/install/moveit_resources_prbt_pg70_support:/home/khamrouni/ws_moveit/install/moveit_resources_prbt_moveit_config:/home/khamrouni/ws_moveit/install/moveit_ros_move_group:/home/khamrouni/ws_moveit/install/moveit_planners_ompl:/home/khamrouni/ws_moveit/install/moveit_ros_planning:/home/khamrouni/ws_moveit/install/moveit_ros_occupancy_map_monitor:/home/khamrouni/ws_moveit/install/moveit_resources_prbt_ikfast_manipulator_plugin:/home/khamrouni/ws_moveit/install/moveit_planners_chomp:/home/khamrouni/ws_moveit/install/moveit_kinematics:/home/khamrouni/ws_moveit/install/moveit_chomp_optimizer_adapter:/home/khamrouni/ws_moveit/install/chomp_motion_planner:/home/khamrouni/ws_moveit/install/moveit_core:/home/khamrouni/ws_moveit/install/srdfdom:/home/khamrouni/ws_moveit/install/rviz_marker_tools:/home/khamrouni/ws_moveit/install/rosparam_shortcuts:/home/khamrouni/ws_moveit/install/moveit_task_constructor_msgs:/home/khamrouni/ws_moveit/install/moveit_resources_prbt_support:/home/khamrouni/ws_moveit/install/moveit_resources:/home/khamrouni/ws_moveit/install/moveit_resources_pr2_description:/home/khamrouni/ws_moveit/install/moveit_resources_panda_moveit_config:/home/khamrouni/ws_moveit/install/moveit_resources_panda_description:/home/khamrouni/ws_moveit/install/moveit_resources_fanuc_moveit_config:/home/khamrouni/ws_moveit/install/moveit_resources_fanuc_description:/home/khamrouni/ws_moveit/install/moveit_common:/home/khamrouni/robot_ws/install/iiwa_description:/home/khamrouni/ros2_ws/install/polygon_base:/home/khamrouni/ros2_ws/install/iiwa_bringup:/home/khamrouni/ros2_ws/install/iiwa_description:/home/khamrouni/ros2_ws/install/examples_rclcpp_minimal_action_client:/home/khamrouni/ros2_ws/install/examples_rclcpp_cbg_executor:/home/khamrouni/ros2_ws/install/examples_rclcpp_async_client:/home/khamrouni/ros2_ws/install/cpp_parameters:/home/khamrouni/auctus/work/kuka_robot/install/lbr_demos_py:/home/khamrouni/auctus/work/kuka_robot/install/lbr_moveit:/home/khamrouni/auctus/work/kuka_robot/install/lbr_demos_advanced_py:/home/khamrouni/ws_moveit/install/moveit_configs_utils:/home/khamrouni/ws_moveit/install/launch_param_builder:/opt/ros/humble LD_LIBRARY_PATH=/home/khamrouni/lbr-stack/src/lbr_fri_ros2_stack/install/lbr_ros2_control/lib:/home/khamrouni/lbr-stack/src/lbr_fri_ros2_stack/install/lbr_fri_ros2/lib:${LD_LIBRARY_PATH} PYTHONPATH=/home/khamrouni/lbr-stack/src/lbr_fri_ros2_stack/install/lbr_bringup/local/lib/python3.10/dist-packages:${PYTHONPATH} /usr/bin/cmake /home/khamrouni/lbr-stack/src/lbr_fri_ros2_stack/lbr_demos/lbr_demos_cpp -DCMAKE_INSTALL_PREFIX=/home/khamrouni/lbr-stack/src/lbr_fri_ros2_stack/install/lbr_demos_cpp
[105.032s] INFO:colcon.colcon_core.task.python.build:Building Python package in '/home/khamrouni/lbr-stack/src/lbr_fri_ros2_stack/lbr_demos/lbr_demos_py'
[105.033s] INFO:colcon.colcon_core.shell:Skip shell extension 'powershell' for command environment: Not usable outside of PowerShell
[105.033s] DEBUG:colcon.colcon_core.shell:Skip shell extension 'dsv' for command environment
[105.063s] DEBUG:colcon.colcon_core.event_handler.log_command:Invoking command in '/home/khamrouni/lbr-stack/src/lbr_fri_ros2_stack/build/lbr_fri_ros2_stack': AMENT_PREFIX_PATH=/home/khamrouni/lbr-stack/src/lbr_fri_ros2_stack/install/lbr_bringup:/home/khamrouni/lbr-stack/src/lbr_fri_ros2_stack/install/lbr_ros2_control:/home/khamrouni/lbr-stack/src/lbr_fri_ros2_stack/install/lbr_fri_ros2:/home/khamrouni/lbr-stack/src/lbr_fri_ros2_stack/install/lbr_description:${AMENT_PREFIX_PATH} CMAKE_PREFIX_PATH=/home/khamrouni/lbr-stack/src/lbr_fri_ros2_stack/install/lbr_bringup:/home/khamrouni/lbr-stack/src/lbr_fri_ros2_stack/install/lbr_ros2_control:/home/khamrouni/lbr-stack/src/lbr_fri_ros2_stack/install/lbr_fri_ros2:/home/khamrouni/lbr-stack/src/lbr_fri_ros2_stack/install/lbr_description:/home/khamrouni/auctus/work/kuka_robot/install/velocity_controller:/home/khamrouni/auctus/work/kuka_robot/install/med7_moveit_config:/home/khamrouni/auctus/work/kuka_robot/install/med14_moveit_config:/home/khamrouni/auctus/work/kuka_robot/install/lbr_fri_ros2_stack:/home/khamrouni/auctus/work/kuka_robot/install/lbr_demos_cpp:/home/khamrouni/auctus/work/kuka_robot/install/lbr_bringup:/home/khamrouni/auctus/work/kuka_robot/install/lbr_ros2_control:/home/khamrouni/auctus/work/kuka_robot/install/lbr_moveit_cpp:/home/khamrouni/auctus/work/kuka_robot/install/lbr_demos_advanced_cpp:/home/khamrouni/auctus/work/kuka_robot/install/lbr_fri_ros2:/home/khamrouni/auctus/work/kuka_robot/install/lbr_fri_idl:/home/khamrouni/auctus/work/kuka_robot/install/iiwa7_moveit_config:/home/khamrouni/auctus/work/kuka_robot/install/iiwa14_moveit_config:/home/khamrouni/auctus/work/kuka_robot/install/lbr_description:/home/khamrouni/auctus/work/kuka_robot/install/fri_client_sdk:/home/khamrouni/ws_moveit/install/pilz_industrial_motion_planner_testutils:/home/khamrouni/ws_moveit/install/moveit_runtime:/home/khamrouni/ws_moveit/install/moveit2_tutorials:/home/khamrouni/ws_moveit/install/moveit:/home/khamrouni/ws_moveit/install/moveit_planners:/home/khamrouni/ws_moveit/install/pilz_industrial_motion_planner:/home/khamrouni/ws_moveit/install/moveit_visual_tools:/home/khamrouni/ws_moveit/install/moveit_task_constructor_visualization:/home/khamrouni/ws_moveit/install/moveit_task_constructor_demo:/home/khamrouni/ws_moveit/install/moveit_task_constructor_capabilities:/home/khamrouni/ws_moveit/install/moveit_task_constructor_core:/home/khamrouni/ws_moveit/install/moveit_ros_control_interface:/home/khamrouni/ws_moveit/install/moveit_plugins:/home/khamrouni/ws_moveit/install/moveit_simple_controller_manager:/home/khamrouni/ws_moveit/install/moveit_setup_assistant:/home/khamrouni/ws_moveit/install/moveit_setup_srdf_plugins:/home/khamrouni/ws_moveit/install/moveit_setup_core_plugins:/home/khamrouni/ws_moveit/install/moveit_setup_controllers:/home/khamrouni/ws_moveit/install/moveit_setup_app_plugins:/home/khamrouni/ws_moveit/install/moveit_setup_framework:/home/khamrouni/ws_moveit/install/moveit_servo:/home/khamrouni/ws_moveit/install/moveit_ros:/home/khamrouni/ws_moveit/install/moveit_ros_visualization:/home/khamrouni/ws_moveit/install/moveit_hybrid_planning:/home/khamrouni/ws_moveit/install/move_program:/home/khamrouni/ws_moveit/install/hello_moveit:/home/khamrouni/ws_moveit/install/moveit_ros_planning_interface:/home/khamrouni/ws_moveit/install/moveit_ros_benchmarks:/home/khamrouni/ws_moveit/install/moveit_ros_warehouse:/home/khamrouni/ws_moveit/install/moveit_ros_robot_interaction:/home/khamrouni/ws_moveit/install/moveit_ros_perception:/home/khamrouni/ws_moveit/install/moveit_resources_prbt_pg70_support:/home/khamrouni/ws_moveit/install/moveit_resources_prbt_moveit_config:/home/khamrouni/ws_moveit/install/moveit_ros_move_group:/home/khamrouni/ws_moveit/install/moveit_planners_ompl:/home/khamrouni/ws_moveit/install/moveit_ros_planning:/home/khamrouni/ws_moveit/install/moveit_ros_occupancy_map_monitor:/home/khamrouni/ws_moveit/install/moveit_resources_prbt_ikfast_manipulator_plugin:/home/khamrouni/ws_moveit/install/moveit_planners_chomp:/home/khamrouni/ws_moveit/install/moveit_kinematics:/home/khamrouni/ws_moveit/install/moveit_chomp_optimizer_adapter:/home/khamrouni/ws_moveit/install/chomp_motion_planner:/home/khamrouni/ws_moveit/install/moveit_core:/home/khamrouni/ws_moveit/install/srdfdom:/home/khamrouni/ws_moveit/install/rviz_marker_tools:/home/khamrouni/ws_moveit/install/rosparam_shortcuts:/home/khamrouni/ws_moveit/install/moveit_task_constructor_msgs:/home/khamrouni/ws_moveit/install/moveit_resources_prbt_support:/home/khamrouni/ws_moveit/install/moveit_resources:/home/khamrouni/ws_moveit/install/moveit_resources_pr2_description:/home/khamrouni/ws_moveit/install/moveit_resources_panda_moveit_config:/home/khamrouni/ws_moveit/install/moveit_resources_panda_description:/home/khamrouni/ws_moveit/install/moveit_resources_fanuc_moveit_config:/home/khamrouni/ws_moveit/install/moveit_resources_fanuc_description:/home/khamrouni/ws_moveit/install/moveit_common:/home/khamrouni/robot_ws/install/iiwa_description:/home/khamrouni/ros2_ws/install/polygon_base:/home/khamrouni/ros2_ws/install/iiwa_bringup:/home/khamrouni/ros2_ws/install/iiwa_description:/home/khamrouni/ros2_ws/install/examples_rclcpp_minimal_action_client:/home/khamrouni/ros2_ws/install/examples_rclcpp_cbg_executor:/home/khamrouni/ros2_ws/install/examples_rclcpp_async_client:/home/khamrouni/ros2_ws/install/cpp_parameters:/home/khamrouni/auctus/work/kuka_robot/install/lbr_demos_py:/home/khamrouni/auctus/work/kuka_robot/install/lbr_moveit:/home/khamrouni/auctus/work/kuka_robot/install/lbr_demos_advanced_py:/home/khamrouni/ws_moveit/install/moveit_configs_utils:/home/khamrouni/ws_moveit/install/launch_param_builder:/opt/ros/humble LD_LIBRARY_PATH=/home/khamrouni/lbr-stack/src/lbr_fri_ros2_stack/install/lbr_ros2_control/lib:/home/khamrouni/lbr-stack/src/lbr_fri_ros2_stack/install/lbr_fri_ros2/lib:${LD_LIBRARY_PATH} PYTHONPATH=/home/khamrouni/lbr-stack/src/lbr_fri_ros2_stack/install/lbr_bringup/local/lib/python3.10/dist-packages:${PYTHONPATH} /usr/bin/cmake /home/khamrouni/lbr-stack/src/lbr_fri_ros2_stack/lbr_fri_ros2_stack -DCMAKE_INSTALL_PREFIX=/home/khamrouni/lbr-stack/src/lbr_fri_ros2_stack/install/lbr_fri_ros2_stack
[106.050s] DEBUG:colcon.colcon_core.event_handler.log_command:Invoking command in '/home/khamrouni/lbr-stack/src/lbr_fri_ros2_stack/lbr_demos/lbr_demos_py': AMENT_PREFIX_PATH=/home/khamrouni/lbr-stack/src/lbr_fri_ros2_stack/install/lbr_bringup:/home/khamrouni/lbr-stack/src/lbr_fri_ros2_stack/install/lbr_ros2_control:/home/khamrouni/lbr-stack/src/lbr_fri_ros2_stack/install/lbr_fri_ros2:/home/khamrouni/lbr-stack/src/lbr_fri_ros2_stack/install/lbr_description:${AMENT_PREFIX_PATH} CMAKE_PREFIX_PATH=/home/khamrouni/lbr-stack/src/lbr_fri_ros2_stack/install/lbr_bringup:/home/khamrouni/lbr-stack/src/lbr_fri_ros2_stack/install/lbr_ros2_control:/home/khamrouni/lbr-stack/src/lbr_fri_ros2_stack/install/lbr_fri_ros2:/home/khamrouni/lbr-stack/src/lbr_fri_ros2_stack/install/lbr_description:${CMAKE_PREFIX_PATH} LD_LIBRARY_PATH=/home/khamrouni/lbr-stack/src/lbr_fri_ros2_stack/install/lbr_ros2_control/lib:/home/khamrouni/lbr-stack/src/lbr_fri_ros2_stack/install/lbr_fri_ros2/lib:${LD_LIBRARY_PATH} PYTHONPATH=/home/khamrouni/lbr-stack/src/lbr_fri_ros2_stack/build/lbr_demos_py/prefix_override:/usr/lib/python3/dist-packages/colcon_core/task/python/colcon_distutils_commands:/home/khamrouni/lbr-stack/src/lbr_fri_ros2_stack/install/lbr_demos_py/lib/python3.10/site-packages:/home/khamrouni/lbr-stack/src/lbr_fri_ros2_stack/install/lbr_bringup/local/lib/python3.10/dist-packages:${PYTHONPATH} /usr/bin/python3 -W ignore:setup.py install is deprecated -W ignore:easy_install command is deprecated setup.py egg_info --egg-base ../../build/lbr_demos_py build --build-base /home/khamrouni/lbr-stack/src/lbr_fri_ros2_stack/build/lbr_demos_py/build install --record /home/khamrouni/lbr-stack/src/lbr_fri_ros2_stack/build/lbr_demos_py/install.log --single-version-externally-managed install_data
[106.902s] Level 1:colcon.colcon_core.environment:checking '/home/khamrouni/lbr-stack/src/lbr_fri_ros2_stack/install/lbr_demos_py' for CMake module files
[106.903s] DEBUG:colcon.colcon_core.event_handler.log_command:Invoked command in '/home/khamrouni/lbr-stack/src/lbr_fri_ros2_stack/lbr_demos/lbr_demos_py' returned '0': AMENT_PREFIX_PATH=/home/khamrouni/lbr-stack/src/lbr_fri_ros2_stack/install/lbr_bringup:/home/khamrouni/lbr-stack/src/lbr_fri_ros2_stack/install/lbr_ros2_control:/home/khamrouni/lbr-stack/src/lbr_fri_ros2_stack/install/lbr_fri_ros2:/home/khamrouni/lbr-stack/src/lbr_fri_ros2_stack/install/lbr_description:${AMENT_PREFIX_PATH} CMAKE_PREFIX_PATH=/home/khamrouni/lbr-stack/src/lbr_fri_ros2_stack/install/lbr_bringup:/home/khamrouni/lbr-stack/src/lbr_fri_ros2_stack/install/lbr_ros2_control:/home/khamrouni/lbr-stack/src/lbr_fri_ros2_stack/install/lbr_fri_ros2:/home/khamrouni/lbr-stack/src/lbr_fri_ros2_stack/install/lbr_description:${CMAKE_PREFIX_PATH} LD_LIBRARY_PATH=/home/khamrouni/lbr-stack/src/lbr_fri_ros2_stack/install/lbr_ros2_control/lib:/home/khamrouni/lbr-stack/src/lbr_fri_ros2_stack/install/lbr_fri_ros2/lib:${LD_LIBRARY_PATH} PYTHONPATH=/home/khamrouni/lbr-stack/src/lbr_fri_ros2_stack/build/lbr_demos_py/prefix_override:/usr/lib/python3/dist-packages/colcon_core/task/python/colcon_distutils_commands:/home/khamrouni/lbr-stack/src/lbr_fri_ros2_stack/install/lbr_demos_py/lib/python3.10/site-packages:/home/khamrouni/lbr-stack/src/lbr_fri_ros2_stack/install/lbr_bringup/local/lib/python3.10/dist-packages:${PYTHONPATH} /usr/bin/python3 -W ignore:setup.py install is deprecated -W ignore:easy_install command is deprecated setup.py egg_info --egg-base ../../build/lbr_demos_py build --build-base /home/khamrouni/lbr-stack/src/lbr_fri_ros2_stack/build/lbr_demos_py/build install --record /home/khamrouni/lbr-stack/src/lbr_fri_ros2_stack/build/lbr_demos_py/install.log --single-version-externally-managed install_data
[106.904s] Level 1:colcon.colcon_core.environment:checking '/home/khamrouni/lbr-stack/src/lbr_fri_ros2_stack/install/lbr_demos_py' for CMake config files
[106.905s] Level 1:colcon.colcon_core.environment:checking '/home/khamrouni/lbr-stack/src/lbr_fri_ros2_stack/install/lbr_demos_py/lib'
[106.905s] Level 1:colcon.colcon_core.environment:checking '/home/khamrouni/lbr-stack/src/lbr_fri_ros2_stack/install/lbr_demos_py/bin'
[106.905s] Level 1:colcon.colcon_core.environment:checking '/home/khamrouni/lbr-stack/src/lbr_fri_ros2_stack/install/lbr_demos_py/lib/pkgconfig/lbr_demos_py.pc'
[106.906s] Level 1:colcon.colcon_core.environment:checking '/home/khamrouni/lbr-stack/src/lbr_fri_ros2_stack/install/lbr_demos_py/lib/python3.10/site-packages'
[106.906s] Level 1:colcon.colcon_core.shell:create_environment_hook('lbr_demos_py', 'pythonpath')
[106.907s] INFO:colcon.colcon_core.shell:Creating environment hook '/home/khamrouni/lbr-stack/src/lbr_fri_ros2_stack/install/lbr_demos_py/share/lbr_demos_py/hook/pythonpath.ps1'
[106.907s] INFO:colcon.colcon_core.shell:Creating environment descriptor '/home/khamrouni/lbr-stack/src/lbr_fri_ros2_stack/install/lbr_demos_py/share/lbr_demos_py/hook/pythonpath.dsv'
[106.908s] INFO:colcon.colcon_core.shell:Creating environment hook '/home/khamrouni/lbr-stack/src/lbr_fri_ros2_stack/install/lbr_demos_py/share/lbr_demos_py/hook/pythonpath.sh'
[106.910s] Level 1:colcon.colcon_core.environment:checking '/home/khamrouni/lbr-stack/src/lbr_fri_ros2_stack/install/lbr_demos_py/bin'
[106.910s] Level 1:colcon.colcon_core.environment:create_environment_scripts_only(lbr_demos_py)
[106.911s] INFO:colcon.colcon_core.shell:Creating package script '/home/khamrouni/lbr-stack/src/lbr_fri_ros2_stack/install/lbr_demos_py/share/lbr_demos_py/package.ps1'
[106.912s] INFO:colcon.colcon_core.shell:Creating package descriptor '/home/khamrouni/lbr-stack/src/lbr_fri_ros2_stack/install/lbr_demos_py/share/lbr_demos_py/package.dsv'
[106.913s] INFO:colcon.colcon_core.shell:Creating package script '/home/khamrouni/lbr-stack/src/lbr_fri_ros2_stack/install/lbr_demos_py/share/lbr_demos_py/package.sh'
[106.913s] INFO:colcon.colcon_core.shell:Creating package script '/home/khamrouni/lbr-stack/src/lbr_fri_ros2_stack/install/lbr_demos_py/share/lbr_demos_py/package.bash'
[106.914s] INFO:colcon.colcon_core.shell:Creating package script '/home/khamrouni/lbr-stack/src/lbr_fri_ros2_stack/install/lbr_demos_py/share/lbr_demos_py/package.zsh'
[106.916s] Level 1:colcon.colcon_core.environment:create_file_with_runtime_dependencies(/home/khamrouni/lbr-stack/src/lbr_fri_ros2_stack/install/lbr_demos_py/share/colcon-core/packages/lbr_demos_py)
[106.928s] DEBUG:colcon.colcon_core.event_handler.log_command:Invoked command in '/home/khamrouni/lbr-stack/src/lbr_fri_ros2_stack/build/lbr_fri_ros2_stack' returned '0': AMENT_PREFIX_PATH=/home/khamrouni/lbr-stack/src/lbr_fri_ros2_stack/install/lbr_bringup:/home/khamrouni/lbr-stack/src/lbr_fri_ros2_stack/install/lbr_ros2_control:/home/khamrouni/lbr-stack/src/lbr_fri_ros2_stack/install/lbr_fri_ros2:/home/khamrouni/lbr-stack/src/lbr_fri_ros2_stack/install/lbr_description:${AMENT_PREFIX_PATH} CMAKE_PREFIX_PATH=/home/khamrouni/lbr-stack/src/lbr_fri_ros2_stack/install/lbr_bringup:/home/khamrouni/lbr-stack/src/lbr_fri_ros2_stack/install/lbr_ros2_control:/home/khamrouni/lbr-stack/src/lbr_fri_ros2_stack/install/lbr_fri_ros2:/home/khamrouni/lbr-stack/src/lbr_fri_ros2_stack/install/lbr_description:/home/khamrouni/auctus/work/kuka_robot/install/velocity_controller:/home/khamrouni/auctus/work/kuka_robot/install/med7_moveit_config:/home/khamrouni/auctus/work/kuka_robot/install/med14_moveit_config:/home/khamrouni/auctus/work/kuka_robot/install/lbr_fri_ros2_stack:/home/khamrouni/auctus/work/kuka_robot/install/lbr_demos_cpp:/home/khamrouni/auctus/work/kuka_robot/install/lbr_bringup:/home/khamrouni/auctus/work/kuka_robot/install/lbr_ros2_control:/home/khamrouni/auctus/work/kuka_robot/install/lbr_moveit_cpp:/home/khamrouni/auctus/work/kuka_robot/install/lbr_demos_advanced_cpp:/home/khamrouni/auctus/work/kuka_robot/install/lbr_fri_ros2:/home/khamrouni/auctus/work/kuka_robot/install/lbr_fri_idl:/home/khamrouni/auctus/work/kuka_robot/install/iiwa7_moveit_config:/home/khamrouni/auctus/work/kuka_robot/install/iiwa14_moveit_config:/home/khamrouni/auctus/work/kuka_robot/install/lbr_description:/home/khamrouni/auctus/work/kuka_robot/install/fri_client_sdk:/home/khamrouni/ws_moveit/install/pilz_industrial_motion_planner_testutils:/home/khamrouni/ws_moveit/install/moveit_runtime:/home/khamrouni/ws_moveit/install/moveit2_tutorials:/home/khamrouni/ws_moveit/install/moveit:/home/khamrouni/ws_moveit/install/moveit_planners:/home/khamrouni/ws_moveit/install/pilz_industrial_motion_planner:/home/khamrouni/ws_moveit/install/moveit_visual_tools:/home/khamrouni/ws_moveit/install/moveit_task_constructor_visualization:/home/khamrouni/ws_moveit/install/moveit_task_constructor_demo:/home/khamrouni/ws_moveit/install/moveit_task_constructor_capabilities:/home/khamrouni/ws_moveit/install/moveit_task_constructor_core:/home/khamrouni/ws_moveit/install/moveit_ros_control_interface:/home/khamrouni/ws_moveit/install/moveit_plugins:/home/khamrouni/ws_moveit/install/moveit_simple_controller_manager:/home/khamrouni/ws_moveit/install/moveit_setup_assistant:/home/khamrouni/ws_moveit/install/moveit_setup_srdf_plugins:/home/khamrouni/ws_moveit/install/moveit_setup_core_plugins:/home/khamrouni/ws_moveit/install/moveit_setup_controllers:/home/khamrouni/ws_moveit/install/moveit_setup_app_plugins:/home/khamrouni/ws_moveit/install/moveit_setup_framework:/home/khamrouni/ws_moveit/install/moveit_servo:/home/khamrouni/ws_moveit/install/moveit_ros:/home/khamrouni/ws_moveit/install/moveit_ros_visualization:/home/khamrouni/ws_moveit/install/moveit_hybrid_planning:/home/khamrouni/ws_moveit/install/move_program:/home/khamrouni/ws_moveit/install/hello_moveit:/home/khamrouni/ws_moveit/install/moveit_ros_planning_interface:/home/khamrouni/ws_moveit/install/moveit_ros_benchmarks:/home/khamrouni/ws_moveit/install/moveit_ros_warehouse:/home/khamrouni/ws_moveit/install/moveit_ros_robot_interaction:/home/khamrouni/ws_moveit/install/moveit_ros_perception:/home/khamrouni/ws_moveit/install/moveit_resources_prbt_pg70_support:/home/khamrouni/ws_moveit/install/moveit_resources_prbt_moveit_config:/home/khamrouni/ws_moveit/install/moveit_ros_move_group:/home/khamrouni/ws_moveit/install/moveit_planners_ompl:/home/khamrouni/ws_moveit/install/moveit_ros_planning:/home/khamrouni/ws_moveit/install/moveit_ros_occupancy_map_monitor:/home/khamrouni/ws_moveit/install/moveit_resources_prbt_ikfast_manipulator_plugin:/home/khamrouni/ws_moveit/install/moveit_planners_chomp:/home/khamrouni/ws_moveit/install/moveit_kinematics:/home/khamrouni/ws_moveit/install/moveit_chomp_optimizer_adapter:/home/khamrouni/ws_moveit/install/chomp_motion_planner:/home/khamrouni/ws_moveit/install/moveit_core:/home/khamrouni/ws_moveit/install/srdfdom:/home/khamrouni/ws_moveit/install/rviz_marker_tools:/home/khamrouni/ws_moveit/install/rosparam_shortcuts:/home/khamrouni/ws_moveit/install/moveit_task_constructor_msgs:/home/khamrouni/ws_moveit/install/moveit_resources_prbt_support:/home/khamrouni/ws_moveit/install/moveit_resources:/home/khamrouni/ws_moveit/install/moveit_resources_pr2_description:/home/khamrouni/ws_moveit/install/moveit_resources_panda_moveit_config:/home/khamrouni/ws_moveit/install/moveit_resources_panda_description:/home/khamrouni/ws_moveit/install/moveit_resources_fanuc_moveit_config:/home/khamrouni/ws_moveit/install/moveit_resources_fanuc_description:/home/khamrouni/ws_moveit/install/moveit_common:/home/khamrouni/robot_ws/install/iiwa_description:/home/khamrouni/ros2_ws/install/polygon_base:/home/khamrouni/ros2_ws/install/iiwa_bringup:/home/khamrouni/ros2_ws/install/iiwa_description:/home/khamrouni/ros2_ws/install/examples_rclcpp_minimal_action_client:/home/khamrouni/ros2_ws/install/examples_rclcpp_cbg_executor:/home/khamrouni/ros2_ws/install/examples_rclcpp_async_client:/home/khamrouni/ros2_ws/install/cpp_parameters:/home/khamrouni/auctus/work/kuka_robot/install/lbr_demos_py:/home/khamrouni/auctus/work/kuka_robot/install/lbr_moveit:/home/khamrouni/auctus/work/kuka_robot/install/lbr_demos_advanced_py:/home/khamrouni/ws_moveit/install/moveit_configs_utils:/home/khamrouni/ws_moveit/install/launch_param_builder:/opt/ros/humble LD_LIBRARY_PATH=/home/khamrouni/lbr-stack/src/lbr_fri_ros2_stack/install/lbr_ros2_control/lib:/home/khamrouni/lbr-stack/src/lbr_fri_ros2_stack/install/lbr_fri_ros2/lib:${LD_LIBRARY_PATH} PYTHONPATH=/home/khamrouni/lbr-stack/src/lbr_fri_ros2_stack/install/lbr_bringup/local/lib/python3.10/dist-packages:${PYTHONPATH} /usr/bin/cmake /home/khamrouni/lbr-stack/src/lbr_fri_ros2_stack/lbr_fri_ros2_stack -DCMAKE_INSTALL_PREFIX=/home/khamrouni/lbr-stack/src/lbr_fri_ros2_stack/install/lbr_fri_ros2_stack
[106.931s] DEBUG:colcon.colcon_core.event_handler.log_command:Invoking command in '/home/khamrouni/lbr-stack/src/lbr_fri_ros2_stack/build/lbr_fri_ros2_stack': AMENT_PREFIX_PATH=/home/khamrouni/lbr-stack/src/lbr_fri_ros2_stack/install/lbr_bringup:/home/khamrouni/lbr-stack/src/lbr_fri_ros2_stack/install/lbr_ros2_control:/home/khamrouni/lbr-stack/src/lbr_fri_ros2_stack/install/lbr_fri_ros2:/home/khamrouni/lbr-stack/src/lbr_fri_ros2_stack/install/lbr_description:${AMENT_PREFIX_PATH} CMAKE_PREFIX_PATH=/home/khamrouni/lbr-stack/src/lbr_fri_ros2_stack/install/lbr_bringup:/home/khamrouni/lbr-stack/src/lbr_fri_ros2_stack/install/lbr_ros2_control:/home/khamrouni/lbr-stack/src/lbr_fri_ros2_stack/install/lbr_fri_ros2:/home/khamrouni/lbr-stack/src/lbr_fri_ros2_stack/install/lbr_description:/home/khamrouni/auctus/work/kuka_robot/install/velocity_controller:/home/khamrouni/auctus/work/kuka_robot/install/med7_moveit_config:/home/khamrouni/auctus/work/kuka_robot/install/med14_moveit_config:/home/khamrouni/auctus/work/kuka_robot/install/lbr_fri_ros2_stack:/home/khamrouni/auctus/work/kuka_robot/install/lbr_demos_cpp:/home/khamrouni/auctus/work/kuka_robot/install/lbr_bringup:/home/khamrouni/auctus/work/kuka_robot/install/lbr_ros2_control:/home/khamrouni/auctus/work/kuka_robot/install/lbr_moveit_cpp:/home/khamrouni/auctus/work/kuka_robot/install/lbr_demos_advanced_cpp:/home/khamrouni/auctus/work/kuka_robot/install/lbr_fri_ros2:/home/khamrouni/auctus/work/kuka_robot/install/lbr_fri_idl:/home/khamrouni/auctus/work/kuka_robot/install/iiwa7_moveit_config:/home/khamrouni/auctus/work/kuka_robot/install/iiwa14_moveit_config:/home/khamrouni/auctus/work/kuka_robot/install/lbr_description:/home/khamrouni/auctus/work/kuka_robot/install/fri_client_sdk:/home/khamrouni/ws_moveit/install/pilz_industrial_motion_planner_testutils:/home/khamrouni/ws_moveit/install/moveit_runtime:/home/khamrouni/ws_moveit/install/moveit2_tutorials:/home/khamrouni/ws_moveit/install/moveit:/home/khamrouni/ws_moveit/install/moveit_planners:/home/khamrouni/ws_moveit/install/pilz_industrial_motion_planner:/home/khamrouni/ws_moveit/install/moveit_visual_tools:/home/khamrouni/ws_moveit/install/moveit_task_constructor_visualization:/home/khamrouni/ws_moveit/install/moveit_task_constructor_demo:/home/khamrouni/ws_moveit/install/moveit_task_constructor_capabilities:/home/khamrouni/ws_moveit/install/moveit_task_constructor_core:/home/khamrouni/ws_moveit/install/moveit_ros_control_interface:/home/khamrouni/ws_moveit/install/moveit_plugins:/home/khamrouni/ws_moveit/install/moveit_simple_controller_manager:/home/khamrouni/ws_moveit/install/moveit_setup_assistant:/home/khamrouni/ws_moveit/install/moveit_setup_srdf_plugins:/home/khamrouni/ws_moveit/install/moveit_setup_core_plugins:/home/khamrouni/ws_moveit/install/moveit_setup_controllers:/home/khamrouni/ws_moveit/install/moveit_setup_app_plugins:/home/khamrouni/ws_moveit/install/moveit_setup_framework:/home/khamrouni/ws_moveit/install/moveit_servo:/home/khamrouni/ws_moveit/install/moveit_ros:/home/khamrouni/ws_moveit/install/moveit_ros_visualization:/home/khamrouni/ws_moveit/install/moveit_hybrid_planning:/home/khamrouni/ws_moveit/install/move_program:/home/khamrouni/ws_moveit/install/hello_moveit:/home/khamrouni/ws_moveit/install/moveit_ros_planning_interface:/home/khamrouni/ws_moveit/install/moveit_ros_benchmarks:/home/khamrouni/ws_moveit/install/moveit_ros_warehouse:/home/khamrouni/ws_moveit/install/moveit_ros_robot_interaction:/home/khamrouni/ws_moveit/install/moveit_ros_perception:/home/khamrouni/ws_moveit/install/moveit_resources_prbt_pg70_support:/home/khamrouni/ws_moveit/install/moveit_resources_prbt_moveit_config:/home/khamrouni/ws_moveit/install/moveit_ros_move_group:/home/khamrouni/ws_moveit/install/moveit_planners_ompl:/home/khamrouni/ws_moveit/install/moveit_ros_planning:/home/khamrouni/ws_moveit/install/moveit_ros_occupancy_map_monitor:/home/khamrouni/ws_moveit/install/moveit_resources_prbt_ikfast_manipulator_plugin:/home/khamrouni/ws_moveit/install/moveit_planners_chomp:/home/khamrouni/ws_moveit/install/moveit_kinematics:/home/khamrouni/ws_moveit/install/moveit_chomp_optimizer_adapter:/home/khamrouni/ws_moveit/install/chomp_motion_planner:/home/khamrouni/ws_moveit/install/moveit_core:/home/khamrouni/ws_moveit/install/srdfdom:/home/khamrouni/ws_moveit/install/rviz_marker_tools:/home/khamrouni/ws_moveit/install/rosparam_shortcuts:/home/khamrouni/ws_moveit/install/moveit_task_constructor_msgs:/home/khamrouni/ws_moveit/install/moveit_resources_prbt_support:/home/khamrouni/ws_moveit/install/moveit_resources:/home/khamrouni/ws_moveit/install/moveit_resources_pr2_description:/home/khamrouni/ws_moveit/install/moveit_resources_panda_moveit_config:/home/khamrouni/ws_moveit/install/moveit_resources_panda_description:/home/khamrouni/ws_moveit/install/moveit_resources_fanuc_moveit_config:/home/khamrouni/ws_moveit/install/moveit_resources_fanuc_description:/home/khamrouni/ws_moveit/install/moveit_common:/home/khamrouni/robot_ws/install/iiwa_description:/home/khamrouni/ros2_ws/install/polygon_base:/home/khamrouni/ros2_ws/install/iiwa_bringup:/home/khamrouni/ros2_ws/install/iiwa_description:/home/khamrouni/ros2_ws/install/examples_rclcpp_minimal_action_client:/home/khamrouni/ros2_ws/install/examples_rclcpp_cbg_executor:/home/khamrouni/ros2_ws/install/examples_rclcpp_async_client:/home/khamrouni/ros2_ws/install/cpp_parameters:/home/khamrouni/auctus/work/kuka_robot/install/lbr_demos_py:/home/khamrouni/auctus/work/kuka_robot/install/lbr_moveit:/home/khamrouni/auctus/work/kuka_robot/install/lbr_demos_advanced_py:/home/khamrouni/ws_moveit/install/moveit_configs_utils:/home/khamrouni/ws_moveit/install/launch_param_builder:/opt/ros/humble LD_LIBRARY_PATH=/home/khamrouni/lbr-stack/src/lbr_fri_ros2_stack/install/lbr_ros2_control/lib:/home/khamrouni/lbr-stack/src/lbr_fri_ros2_stack/install/lbr_fri_ros2/lib:${LD_LIBRARY_PATH} PYTHONPATH=/home/khamrouni/lbr-stack/src/lbr_fri_ros2_stack/install/lbr_bringup/local/lib/python3.10/dist-packages:${PYTHONPATH} /usr/bin/cmake --build /home/khamrouni/lbr-stack/src/lbr_fri_ros2_stack/build/lbr_fri_ros2_stack -- -j8 -l8
[107.030s] DEBUG:colcon.colcon_core.event_handler.log_command:Invoked command in '/home/khamrouni/lbr-stack/src/lbr_fri_ros2_stack/build/lbr_fri_ros2_stack' returned '0': AMENT_PREFIX_PATH=/home/khamrouni/lbr-stack/src/lbr_fri_ros2_stack/install/lbr_bringup:/home/khamrouni/lbr-stack/src/lbr_fri_ros2_stack/install/lbr_ros2_control:/home/khamrouni/lbr-stack/src/lbr_fri_ros2_stack/install/lbr_fri_ros2:/home/khamrouni/lbr-stack/src/lbr_fri_ros2_stack/install/lbr_description:${AMENT_PREFIX_PATH} CMAKE_PREFIX_PATH=/home/khamrouni/lbr-stack/src/lbr_fri_ros2_stack/install/lbr_bringup:/home/khamrouni/lbr-stack/src/lbr_fri_ros2_stack/install/lbr_ros2_control:/home/khamrouni/lbr-stack/src/lbr_fri_ros2_stack/install/lbr_fri_ros2:/home/khamrouni/lbr-stack/src/lbr_fri_ros2_stack/install/lbr_description:/home/khamrouni/auctus/work/kuka_robot/install/velocity_controller:/home/khamrouni/auctus/work/kuka_robot/install/med7_moveit_config:/home/khamrouni/auctus/work/kuka_robot/install/med14_moveit_config:/home/khamrouni/auctus/work/kuka_robot/install/lbr_fri_ros2_stack:/home/khamrouni/auctus/work/kuka_robot/install/lbr_demos_cpp:/home/khamrouni/auctus/work/kuka_robot/install/lbr_bringup:/home/khamrouni/auctus/work/kuka_robot/install/lbr_ros2_control:/home/khamrouni/auctus/work/kuka_robot/install/lbr_moveit_cpp:/home/khamrouni/auctus/work/kuka_robot/install/lbr_demos_advanced_cpp:/home/khamrouni/auctus/work/kuka_robot/install/lbr_fri_ros2:/home/khamrouni/auctus/work/kuka_robot/install/lbr_fri_idl:/home/khamrouni/auctus/work/kuka_robot/install/iiwa7_moveit_config:/home/khamrouni/auctus/work/kuka_robot/install/iiwa14_moveit_config:/home/khamrouni/auctus/work/kuka_robot/install/lbr_description:/home/khamrouni/auctus/work/kuka_robot/install/fri_client_sdk:/home/khamrouni/ws_moveit/install/pilz_industrial_motion_planner_testutils:/home/khamrouni/ws_moveit/install/moveit_runtime:/home/khamrouni/ws_moveit/install/moveit2_tutorials:/home/khamrouni/ws_moveit/install/moveit:/home/khamrouni/ws_moveit/install/moveit_planners:/home/khamrouni/ws_moveit/install/pilz_industrial_motion_planner:/home/khamrouni/ws_moveit/install/moveit_visual_tools:/home/khamrouni/ws_moveit/install/moveit_task_constructor_visualization:/home/khamrouni/ws_moveit/install/moveit_task_constructor_demo:/home/khamrouni/ws_moveit/install/moveit_task_constructor_capabilities:/home/khamrouni/ws_moveit/install/moveit_task_constructor_core:/home/khamrouni/ws_moveit/install/moveit_ros_control_interface:/home/khamrouni/ws_moveit/install/moveit_plugins:/home/khamrouni/ws_moveit/install/moveit_simple_controller_manager:/home/khamrouni/ws_moveit/install/moveit_setup_assistant:/home/khamrouni/ws_moveit/install/moveit_setup_srdf_plugins:/home/khamrouni/ws_moveit/install/moveit_setup_core_plugins:/home/khamrouni/ws_moveit/install/moveit_setup_controllers:/home/khamrouni/ws_moveit/install/moveit_setup_app_plugins:/home/khamrouni/ws_moveit/install/moveit_setup_framework:/home/khamrouni/ws_moveit/install/moveit_servo:/home/khamrouni/ws_moveit/install/moveit_ros:/home/khamrouni/ws_moveit/install/moveit_ros_visualization:/home/khamrouni/ws_moveit/install/moveit_hybrid_planning:/home/khamrouni/ws_moveit/install/move_program:/home/khamrouni/ws_moveit/install/hello_moveit:/home/khamrouni/ws_moveit/install/moveit_ros_planning_interface:/home/khamrouni/ws_moveit/install/moveit_ros_benchmarks:/home/khamrouni/ws_moveit/install/moveit_ros_warehouse:/home/khamrouni/ws_moveit/install/moveit_ros_robot_interaction:/home/khamrouni/ws_moveit/install/moveit_ros_perception:/home/khamrouni/ws_moveit/install/moveit_resources_prbt_pg70_support:/home/khamrouni/ws_moveit/install/moveit_resources_prbt_moveit_config:/home/khamrouni/ws_moveit/install/moveit_ros_move_group:/home/khamrouni/ws_moveit/install/moveit_planners_ompl:/home/khamrouni/ws_moveit/install/moveit_ros_planning:/home/khamrouni/ws_moveit/install/moveit_ros_occupancy_map_monitor:/home/khamrouni/ws_moveit/install/moveit_resources_prbt_ikfast_manipulator_plugin:/home/khamrouni/ws_moveit/install/moveit_planners_chomp:/home/khamrouni/ws_moveit/install/moveit_kinematics:/home/khamrouni/ws_moveit/install/moveit_chomp_optimizer_adapter:/home/khamrouni/ws_moveit/install/chomp_motion_planner:/home/khamrouni/ws_moveit/install/moveit_core:/home/khamrouni/ws_moveit/install/srdfdom:/home/khamrouni/ws_moveit/install/rviz_marker_tools:/home/khamrouni/ws_moveit/install/rosparam_shortcuts:/home/khamrouni/ws_moveit/install/moveit_task_constructor_msgs:/home/khamrouni/ws_moveit/install/moveit_resources_prbt_support:/home/khamrouni/ws_moveit/install/moveit_resources:/home/khamrouni/ws_moveit/install/moveit_resources_pr2_description:/home/khamrouni/ws_moveit/install/moveit_resources_panda_moveit_config:/home/khamrouni/ws_moveit/install/moveit_resources_panda_description:/home/khamrouni/ws_moveit/install/moveit_resources_fanuc_moveit_config:/home/khamrouni/ws_moveit/install/moveit_resources_fanuc_description:/home/khamrouni/ws_moveit/install/moveit_common:/home/khamrouni/robot_ws/install/iiwa_description:/home/khamrouni/ros2_ws/install/polygon_base:/home/khamrouni/ros2_ws/install/iiwa_bringup:/home/khamrouni/ros2_ws/install/iiwa_description:/home/khamrouni/ros2_ws/install/examples_rclcpp_minimal_action_client:/home/khamrouni/ros2_ws/install/examples_rclcpp_cbg_executor:/home/khamrouni/ros2_ws/install/examples_rclcpp_async_client:/home/khamrouni/ros2_ws/install/cpp_parameters:/home/khamrouni/auctus/work/kuka_robot/install/lbr_demos_py:/home/khamrouni/auctus/work/kuka_robot/install/lbr_moveit:/home/khamrouni/auctus/work/kuka_robot/install/lbr_demos_advanced_py:/home/khamrouni/ws_moveit/install/moveit_configs_utils:/home/khamrouni/ws_moveit/install/launch_param_builder:/opt/ros/humble LD_LIBRARY_PATH=/home/khamrouni/lbr-stack/src/lbr_fri_ros2_stack/install/lbr_ros2_control/lib:/home/khamrouni/lbr-stack/src/lbr_fri_ros2_stack/install/lbr_fri_ros2/lib:${LD_LIBRARY_PATH} PYTHONPATH=/home/khamrouni/lbr-stack/src/lbr_fri_ros2_stack/install/lbr_bringup/local/lib/python3.10/dist-packages:${PYTHONPATH} /usr/bin/cmake --build /home/khamrouni/lbr-stack/src/lbr_fri_ros2_stack/build/lbr_fri_ros2_stack -- -j8 -l8
[107.033s] DEBUG:colcon.colcon_core.event_handler.log_command:Invoking command in '/home/khamrouni/lbr-stack/src/lbr_fri_ros2_stack/build/lbr_fri_ros2_stack': AMENT_PREFIX_PATH=/home/khamrouni/lbr-stack/src/lbr_fri_ros2_stack/install/lbr_bringup:/home/khamrouni/lbr-stack/src/lbr_fri_ros2_stack/install/lbr_ros2_control:/home/khamrouni/lbr-stack/src/lbr_fri_ros2_stack/install/lbr_fri_ros2:/home/khamrouni/lbr-stack/src/lbr_fri_ros2_stack/install/lbr_description:${AMENT_PREFIX_PATH} CMAKE_PREFIX_PATH=/home/khamrouni/lbr-stack/src/lbr_fri_ros2_stack/install/lbr_bringup:/home/khamrouni/lbr-stack/src/lbr_fri_ros2_stack/install/lbr_ros2_control:/home/khamrouni/lbr-stack/src/lbr_fri_ros2_stack/install/lbr_fri_ros2:/home/khamrouni/lbr-stack/src/lbr_fri_ros2_stack/install/lbr_description:/home/khamrouni/auctus/work/kuka_robot/install/velocity_controller:/home/khamrouni/auctus/work/kuka_robot/install/med7_moveit_config:/home/khamrouni/auctus/work/kuka_robot/install/med14_moveit_config:/home/khamrouni/auctus/work/kuka_robot/install/lbr_fri_ros2_stack:/home/khamrouni/auctus/work/kuka_robot/install/lbr_demos_cpp:/home/khamrouni/auctus/work/kuka_robot/install/lbr_bringup:/home/khamrouni/auctus/work/kuka_robot/install/lbr_ros2_control:/home/khamrouni/auctus/work/kuka_robot/install/lbr_moveit_cpp:/home/khamrouni/auctus/work/kuka_robot/install/lbr_demos_advanced_cpp:/home/khamrouni/auctus/work/kuka_robot/install/lbr_fri_ros2:/home/khamrouni/auctus/work/kuka_robot/install/lbr_fri_idl:/home/khamrouni/auctus/work/kuka_robot/install/iiwa7_moveit_config:/home/khamrouni/auctus/work/kuka_robot/install/iiwa14_moveit_config:/home/khamrouni/auctus/work/kuka_robot/install/lbr_description:/home/khamrouni/auctus/work/kuka_robot/install/fri_client_sdk:/home/khamrouni/ws_moveit/install/pilz_industrial_motion_planner_testutils:/home/khamrouni/ws_moveit/install/moveit_runtime:/home/khamrouni/ws_moveit/install/moveit2_tutorials:/home/khamrouni/ws_moveit/install/moveit:/home/khamrouni/ws_moveit/install/moveit_planners:/home/khamrouni/ws_moveit/install/pilz_industrial_motion_planner:/home/khamrouni/ws_moveit/install/moveit_visual_tools:/home/khamrouni/ws_moveit/install/moveit_task_constructor_visualization:/home/khamrouni/ws_moveit/install/moveit_task_constructor_demo:/home/khamrouni/ws_moveit/install/moveit_task_constructor_capabilities:/home/khamrouni/ws_moveit/install/moveit_task_constructor_core:/home/khamrouni/ws_moveit/install/moveit_ros_control_interface:/home/khamrouni/ws_moveit/install/moveit_plugins:/home/khamrouni/ws_moveit/install/moveit_simple_controller_manager:/home/khamrouni/ws_moveit/install/moveit_setup_assistant:/home/khamrouni/ws_moveit/install/moveit_setup_srdf_plugins:/home/khamrouni/ws_moveit/install/moveit_setup_core_plugins:/home/khamrouni/ws_moveit/install/moveit_setup_controllers:/home/khamrouni/ws_moveit/install/moveit_setup_app_plugins:/home/khamrouni/ws_moveit/install/moveit_setup_framework:/home/khamrouni/ws_moveit/install/moveit_servo:/home/khamrouni/ws_moveit/install/moveit_ros:/home/khamrouni/ws_moveit/install/moveit_ros_visualization:/home/khamrouni/ws_moveit/install/moveit_hybrid_planning:/home/khamrouni/ws_moveit/install/move_program:/home/khamrouni/ws_moveit/install/hello_moveit:/home/khamrouni/ws_moveit/install/moveit_ros_planning_interface:/home/khamrouni/ws_moveit/install/moveit_ros_benchmarks:/home/khamrouni/ws_moveit/install/moveit_ros_warehouse:/home/khamrouni/ws_moveit/install/moveit_ros_robot_interaction:/home/khamrouni/ws_moveit/install/moveit_ros_perception:/home/khamrouni/ws_moveit/install/moveit_resources_prbt_pg70_support:/home/khamrouni/ws_moveit/install/moveit_resources_prbt_moveit_config:/home/khamrouni/ws_moveit/install/moveit_ros_move_group:/home/khamrouni/ws_moveit/install/moveit_planners_ompl:/home/khamrouni/ws_moveit/install/moveit_ros_planning:/home/khamrouni/ws_moveit/install/moveit_ros_occupancy_map_monitor:/home/khamrouni/ws_moveit/install/moveit_resources_prbt_ikfast_manipulator_plugin:/home/khamrouni/ws_moveit/install/moveit_planners_chomp:/home/khamrouni/ws_moveit/install/moveit_kinematics:/home/khamrouni/ws_moveit/install/moveit_chomp_optimizer_adapter:/home/khamrouni/ws_moveit/install/chomp_motion_planner:/home/khamrouni/ws_moveit/install/moveit_core:/home/khamrouni/ws_moveit/install/srdfdom:/home/khamrouni/ws_moveit/install/rviz_marker_tools:/home/khamrouni/ws_moveit/install/rosparam_shortcuts:/home/khamrouni/ws_moveit/install/moveit_task_constructor_msgs:/home/khamrouni/ws_moveit/install/moveit_resources_prbt_support:/home/khamrouni/ws_moveit/install/moveit_resources:/home/khamrouni/ws_moveit/install/moveit_resources_pr2_description:/home/khamrouni/ws_moveit/install/moveit_resources_panda_moveit_config:/home/khamrouni/ws_moveit/install/moveit_resources_panda_description:/home/khamrouni/ws_moveit/install/moveit_resources_fanuc_moveit_config:/home/khamrouni/ws_moveit/install/moveit_resources_fanuc_description:/home/khamrouni/ws_moveit/install/moveit_common:/home/khamrouni/robot_ws/install/iiwa_description:/home/khamrouni/ros2_ws/install/polygon_base:/home/khamrouni/ros2_ws/install/iiwa_bringup:/home/khamrouni/ros2_ws/install/iiwa_description:/home/khamrouni/ros2_ws/install/examples_rclcpp_minimal_action_client:/home/khamrouni/ros2_ws/install/examples_rclcpp_cbg_executor:/home/khamrouni/ros2_ws/install/examples_rclcpp_async_client:/home/khamrouni/ros2_ws/install/cpp_parameters:/home/khamrouni/auctus/work/kuka_robot/install/lbr_demos_py:/home/khamrouni/auctus/work/kuka_robot/install/lbr_moveit:/home/khamrouni/auctus/work/kuka_robot/install/lbr_demos_advanced_py:/home/khamrouni/ws_moveit/install/moveit_configs_utils:/home/khamrouni/ws_moveit/install/launch_param_builder:/opt/ros/humble LD_LIBRARY_PATH=/home/khamrouni/lbr-stack/src/lbr_fri_ros2_stack/install/lbr_ros2_control/lib:/home/khamrouni/lbr-stack/src/lbr_fri_ros2_stack/install/lbr_fri_ros2/lib:${LD_LIBRARY_PATH} PYTHONPATH=/home/khamrouni/lbr-stack/src/lbr_fri_ros2_stack/install/lbr_bringup/local/lib/python3.10/dist-packages:${PYTHONPATH} /usr/bin/cmake --install /home/khamrouni/lbr-stack/src/lbr_fri_ros2_stack/build/lbr_fri_ros2_stack
[107.058s] Level 1:colcon.colcon_core.environment:create_environment_scripts_only(lbr_fri_ros2_stack)
[107.059s] Level 1:colcon.colcon_core.environment:checking '/home/khamrouni/lbr-stack/src/lbr_fri_ros2_stack/install/lbr_fri_ros2_stack' for CMake module files
[107.060s] DEBUG:colcon.colcon_core.event_handler.log_command:Invoked command in '/home/khamrouni/lbr-stack/src/lbr_fri_ros2_stack/build/lbr_fri_ros2_stack' returned '0': AMENT_PREFIX_PATH=/home/khamrouni/lbr-stack/src/lbr_fri_ros2_stack/install/lbr_bringup:/home/khamrouni/lbr-stack/src/lbr_fri_ros2_stack/install/lbr_ros2_control:/home/khamrouni/lbr-stack/src/lbr_fri_ros2_stack/install/lbr_fri_ros2:/home/khamrouni/lbr-stack/src/lbr_fri_ros2_stack/install/lbr_description:${AMENT_PREFIX_PATH} CMAKE_PREFIX_PATH=/home/khamrouni/lbr-stack/src/lbr_fri_ros2_stack/install/lbr_bringup:/home/khamrouni/lbr-stack/src/lbr_fri_ros2_stack/install/lbr_ros2_control:/home/khamrouni/lbr-stack/src/lbr_fri_ros2_stack/install/lbr_fri_ros2:/home/khamrouni/lbr-stack/src/lbr_fri_ros2_stack/install/lbr_description:/home/khamrouni/auctus/work/kuka_robot/install/velocity_controller:/home/khamrouni/auctus/work/kuka_robot/install/med7_moveit_config:/home/khamrouni/auctus/work/kuka_robot/install/med14_moveit_config:/home/khamrouni/auctus/work/kuka_robot/install/lbr_fri_ros2_stack:/home/khamrouni/auctus/work/kuka_robot/install/lbr_demos_cpp:/home/khamrouni/auctus/work/kuka_robot/install/lbr_bringup:/home/khamrouni/auctus/work/kuka_robot/install/lbr_ros2_control:/home/khamrouni/auctus/work/kuka_robot/install/lbr_moveit_cpp:/home/khamrouni/auctus/work/kuka_robot/install/lbr_demos_advanced_cpp:/home/khamrouni/auctus/work/kuka_robot/install/lbr_fri_ros2:/home/khamrouni/auctus/work/kuka_robot/install/lbr_fri_idl:/home/khamrouni/auctus/work/kuka_robot/install/iiwa7_moveit_config:/home/khamrouni/auctus/work/kuka_robot/install/iiwa14_moveit_config:/home/khamrouni/auctus/work/kuka_robot/install/lbr_description:/home/khamrouni/auctus/work/kuka_robot/install/fri_client_sdk:/home/khamrouni/ws_moveit/install/pilz_industrial_motion_planner_testutils:/home/khamrouni/ws_moveit/install/moveit_runtime:/home/khamrouni/ws_moveit/install/moveit2_tutorials:/home/khamrouni/ws_moveit/install/moveit:/home/khamrouni/ws_moveit/install/moveit_planners:/home/khamrouni/ws_moveit/install/pilz_industrial_motion_planner:/home/khamrouni/ws_moveit/install/moveit_visual_tools:/home/khamrouni/ws_moveit/install/moveit_task_constructor_visualization:/home/khamrouni/ws_moveit/install/moveit_task_constructor_demo:/home/khamrouni/ws_moveit/install/moveit_task_constructor_capabilities:/home/khamrouni/ws_moveit/install/moveit_task_constructor_core:/home/khamrouni/ws_moveit/install/moveit_ros_control_interface:/home/khamrouni/ws_moveit/install/moveit_plugins:/home/khamrouni/ws_moveit/install/moveit_simple_controller_manager:/home/khamrouni/ws_moveit/install/moveit_setup_assistant:/home/khamrouni/ws_moveit/install/moveit_setup_srdf_plugins:/home/khamrouni/ws_moveit/install/moveit_setup_core_plugins:/home/khamrouni/ws_moveit/install/moveit_setup_controllers:/home/khamrouni/ws_moveit/install/moveit_setup_app_plugins:/home/khamrouni/ws_moveit/install/moveit_setup_framework:/home/khamrouni/ws_moveit/install/moveit_servo:/home/khamrouni/ws_moveit/install/moveit_ros:/home/khamrouni/ws_moveit/install/moveit_ros_visualization:/home/khamrouni/ws_moveit/install/moveit_hybrid_planning:/home/khamrouni/ws_moveit/install/move_program:/home/khamrouni/ws_moveit/install/hello_moveit:/home/khamrouni/ws_moveit/install/moveit_ros_planning_interface:/home/khamrouni/ws_moveit/install/moveit_ros_benchmarks:/home/khamrouni/ws_moveit/install/moveit_ros_warehouse:/home/khamrouni/ws_moveit/install/moveit_ros_robot_interaction:/home/khamrouni/ws_moveit/install/moveit_ros_perception:/home/khamrouni/ws_moveit/install/moveit_resources_prbt_pg70_support:/home/khamrouni/ws_moveit/install/moveit_resources_prbt_moveit_config:/home/khamrouni/ws_moveit/install/moveit_ros_move_group:/home/khamrouni/ws_moveit/install/moveit_planners_ompl:/home/khamrouni/ws_moveit/install/moveit_ros_planning:/home/khamrouni/ws_moveit/install/moveit_ros_occupancy_map_monitor:/home/khamrouni/ws_moveit/install/moveit_resources_prbt_ikfast_manipulator_plugin:/home/khamrouni/ws_moveit/install/moveit_planners_chomp:/home/khamrouni/ws_moveit/install/moveit_kinematics:/home/khamrouni/ws_moveit/install/moveit_chomp_optimizer_adapter:/home/khamrouni/ws_moveit/install/chomp_motion_planner:/home/khamrouni/ws_moveit/install/moveit_core:/home/khamrouni/ws_moveit/install/srdfdom:/home/khamrouni/ws_moveit/install/rviz_marker_tools:/home/khamrouni/ws_moveit/install/rosparam_shortcuts:/home/khamrouni/ws_moveit/install/moveit_task_constructor_msgs:/home/khamrouni/ws_moveit/install/moveit_resources_prbt_support:/home/khamrouni/ws_moveit/install/moveit_resources:/home/khamrouni/ws_moveit/install/moveit_resources_pr2_description:/home/khamrouni/ws_moveit/install/moveit_resources_panda_moveit_config:/home/khamrouni/ws_moveit/install/moveit_resources_panda_description:/home/khamrouni/ws_moveit/install/moveit_resources_fanuc_moveit_config:/home/khamrouni/ws_moveit/install/moveit_resources_fanuc_description:/home/khamrouni/ws_moveit/install/moveit_common:/home/khamrouni/robot_ws/install/iiwa_description:/home/khamrouni/ros2_ws/install/polygon_base:/home/khamrouni/ros2_ws/install/iiwa_bringup:/home/khamrouni/ros2_ws/install/iiwa_description:/home/khamrouni/ros2_ws/install/examples_rclcpp_minimal_action_client:/home/khamrouni/ros2_ws/install/examples_rclcpp_cbg_executor:/home/khamrouni/ros2_ws/install/examples_rclcpp_async_client:/home/khamrouni/ros2_ws/install/cpp_parameters:/home/khamrouni/auctus/work/kuka_robot/install/lbr_demos_py:/home/khamrouni/auctus/work/kuka_robot/install/lbr_moveit:/home/khamrouni/auctus/work/kuka_robot/install/lbr_demos_advanced_py:/home/khamrouni/ws_moveit/install/moveit_configs_utils:/home/khamrouni/ws_moveit/install/launch_param_builder:/opt/ros/humble LD_LIBRARY_PATH=/home/khamrouni/lbr-stack/src/lbr_fri_ros2_stack/install/lbr_ros2_control/lib:/home/khamrouni/lbr-stack/src/lbr_fri_ros2_stack/install/lbr_fri_ros2/lib:${LD_LIBRARY_PATH} PYTHONPATH=/home/khamrouni/lbr-stack/src/lbr_fri_ros2_stack/install/lbr_bringup/local/lib/python3.10/dist-packages:${PYTHONPATH} /usr/bin/cmake --install /home/khamrouni/lbr-stack/src/lbr_fri_ros2_stack/build/lbr_fri_ros2_stack
[107.061s] Level 1:colcon.colcon_core.environment:checking '/home/khamrouni/lbr-stack/src/lbr_fri_ros2_stack/install/lbr_fri_ros2_stack' for CMake config files
[107.061s] Level 1:colcon.colcon_core.shell:create_environment_hook('lbr_fri_ros2_stack', 'cmake_prefix_path')
[107.062s] INFO:colcon.colcon_core.shell:Creating environment hook '/home/khamrouni/lbr-stack/src/lbr_fri_ros2_stack/install/lbr_fri_ros2_stack/share/lbr_fri_ros2_stack/hook/cmake_prefix_path.ps1'
[107.063s] INFO:colcon.colcon_core.shell:Creating environment descriptor '/home/khamrouni/lbr-stack/src/lbr_fri_ros2_stack/install/lbr_fri_ros2_stack/share/lbr_fri_ros2_stack/hook/cmake_prefix_path.dsv'
[107.064s] INFO:colcon.colcon_core.shell:Creating environment hook '/home/khamrouni/lbr-stack/src/lbr_fri_ros2_stack/install/lbr_fri_ros2_stack/share/lbr_fri_ros2_stack/hook/cmake_prefix_path.sh'
[107.065s] Level 1:colcon.colcon_core.environment:checking '/home/khamrouni/lbr-stack/src/lbr_fri_ros2_stack/install/lbr_fri_ros2_stack/bin'
[107.065s] Level 1:colcon.colcon_core.environment:checking '/home/khamrouni/lbr-stack/src/lbr_fri_ros2_stack/install/lbr_fri_ros2_stack/lib/pkgconfig/lbr_fri_ros2_stack.pc'
[107.066s] Level 1:colcon.colcon_core.environment:checking '/home/khamrouni/lbr-stack/src/lbr_fri_ros2_stack/install/lbr_fri_ros2_stack/lib/python3.10/site-packages'
[107.067s] Level 1:colcon.colcon_core.environment:checking '/home/khamrouni/lbr-stack/src/lbr_fri_ros2_stack/install/lbr_fri_ros2_stack/bin'
[107.067s] INFO:colcon.colcon_core.shell:Creating package script '/home/khamrouni/lbr-stack/src/lbr_fri_ros2_stack/install/lbr_fri_ros2_stack/share/lbr_fri_ros2_stack/package.ps1'
[107.068s] INFO:colcon.colcon_core.shell:Creating package descriptor '/home/khamrouni/lbr-stack/src/lbr_fri_ros2_stack/install/lbr_fri_ros2_stack/share/lbr_fri_ros2_stack/package.dsv'
[107.069s] INFO:colcon.colcon_core.shell:Creating package script '/home/khamrouni/lbr-stack/src/lbr_fri_ros2_stack/install/lbr_fri_ros2_stack/share/lbr_fri_ros2_stack/package.sh'
[107.070s] INFO:colcon.colcon_core.shell:Creating package script '/home/khamrouni/lbr-stack/src/lbr_fri_ros2_stack/install/lbr_fri_ros2_stack/share/lbr_fri_ros2_stack/package.bash'
[107.071s] INFO:colcon.colcon_core.shell:Creating package script '/home/khamrouni/lbr-stack/src/lbr_fri_ros2_stack/install/lbr_fri_ros2_stack/share/lbr_fri_ros2_stack/package.zsh'
[107.072s] Level 1:colcon.colcon_core.environment:create_file_with_runtime_dependencies(/home/khamrouni/lbr-stack/src/lbr_fri_ros2_stack/install/lbr_fri_ros2_stack/share/colcon-core/packages/lbr_fri_ros2_stack)
[107.073s] Level 1:colcon.colcon_core.environment:create_environment_scripts_only(lbr_fri_ros2_stack)
[107.074s] Level 1:colcon.colcon_core.environment:checking '/home/khamrouni/lbr-stack/src/lbr_fri_ros2_stack/install/lbr_fri_ros2_stack' for CMake module files
[107.075s] Level 1:colcon.colcon_core.environment:checking '/home/khamrouni/lbr-stack/src/lbr_fri_ros2_stack/install/lbr_fri_ros2_stack' for CMake config files
[107.076s] Level 1:colcon.colcon_core.shell:create_environment_hook('lbr_fri_ros2_stack', 'cmake_prefix_path')
[107.076s] INFO:colcon.colcon_core.shell:Creating environment hook '/home/khamrouni/lbr-stack/src/lbr_fri_ros2_stack/install/lbr_fri_ros2_stack/share/lbr_fri_ros2_stack/hook/cmake_prefix_path.ps1'
[107.077s] INFO:colcon.colcon_core.shell:Creating environment descriptor '/home/khamrouni/lbr-stack/src/lbr_fri_ros2_stack/install/lbr_fri_ros2_stack/share/lbr_fri_ros2_stack/hook/cmake_prefix_path.dsv'
[107.078s] INFO:colcon.colcon_core.shell:Creating environment hook '/home/khamrouni/lbr-stack/src/lbr_fri_ros2_stack/install/lbr_fri_ros2_stack/share/lbr_fri_ros2_stack/hook/cmake_prefix_path.sh'
[107.079s] Level 1:colcon.colcon_core.environment:checking '/home/khamrouni/lbr-stack/src/lbr_fri_ros2_stack/install/lbr_fri_ros2_stack/bin'
[107.080s] Level 1:colcon.colcon_core.environment:checking '/home/khamrouni/lbr-stack/src/lbr_fri_ros2_stack/install/lbr_fri_ros2_stack/lib/pkgconfig/lbr_fri_ros2_stack.pc'
[107.080s] Level 1:colcon.colcon_core.environment:checking '/home/khamrouni/lbr-stack/src/lbr_fri_ros2_stack/install/lbr_fri_ros2_stack/lib/python3.10/site-packages'
[107.081s] Level 1:colcon.colcon_core.environment:checking '/home/khamrouni/lbr-stack/src/lbr_fri_ros2_stack/install/lbr_fri_ros2_stack/bin'
[107.082s] INFO:colcon.colcon_core.shell:Creating package script '/home/khamrouni/lbr-stack/src/lbr_fri_ros2_stack/install/lbr_fri_ros2_stack/share/lbr_fri_ros2_stack/package.ps1'
[107.083s] INFO:colcon.colcon_core.shell:Creating package descriptor '/home/khamrouni/lbr-stack/src/lbr_fri_ros2_stack/install/lbr_fri_ros2_stack/share/lbr_fri_ros2_stack/package.dsv'
[107.084s] INFO:colcon.colcon_core.shell:Creating package script '/home/khamrouni/lbr-stack/src/lbr_fri_ros2_stack/install/lbr_fri_ros2_stack/share/lbr_fri_ros2_stack/package.sh'
[107.085s] INFO:colcon.colcon_core.shell:Creating package script '/home/khamrouni/lbr-stack/src/lbr_fri_ros2_stack/install/lbr_fri_ros2_stack/share/lbr_fri_ros2_stack/package.bash'
[107.086s] INFO:colcon.colcon_core.shell:Creating package script '/home/khamrouni/lbr-stack/src/lbr_fri_ros2_stack/install/lbr_fri_ros2_stack/share/lbr_fri_ros2_stack/package.zsh'
[107.087s] Level 1:colcon.colcon_core.environment:create_file_with_runtime_dependencies(/home/khamrouni/lbr-stack/src/lbr_fri_ros2_stack/install/lbr_fri_ros2_stack/share/colcon-core/packages/lbr_fri_ros2_stack)
[107.682s] DEBUG:colcon.colcon_core.event_handler.log_command:Invoked command in '/home/khamrouni/lbr-stack/src/lbr_fri_ros2_stack/build/lbr_demos_advanced_cpp' returned '0': AMENT_PREFIX_PATH=/home/khamrouni/lbr-stack/src/lbr_fri_ros2_stack/install/lbr_fri_ros2:/home/khamrouni/lbr-stack/src/lbr_fri_ros2_stack/install/lbr_description:${AMENT_PREFIX_PATH} CMAKE_PREFIX_PATH=/home/khamrouni/lbr-stack/src/lbr_fri_ros2_stack/install/lbr_fri_ros2:/home/khamrouni/lbr-stack/src/lbr_fri_ros2_stack/install/lbr_description:/home/khamrouni/auctus/work/kuka_robot/install/velocity_controller:/home/khamrouni/auctus/work/kuka_robot/install/med7_moveit_config:/home/khamrouni/auctus/work/kuka_robot/install/med14_moveit_config:/home/khamrouni/auctus/work/kuka_robot/install/lbr_fri_ros2_stack:/home/khamrouni/auctus/work/kuka_robot/install/lbr_demos_cpp:/home/khamrouni/auctus/work/kuka_robot/install/lbr_bringup:/home/khamrouni/auctus/work/kuka_robot/install/lbr_ros2_control:/home/khamrouni/auctus/work/kuka_robot/install/lbr_moveit_cpp:/home/khamrouni/auctus/work/kuka_robot/install/lbr_demos_advanced_cpp:/home/khamrouni/auctus/work/kuka_robot/install/lbr_fri_ros2:/home/khamrouni/auctus/work/kuka_robot/install/lbr_fri_idl:/home/khamrouni/auctus/work/kuka_robot/install/iiwa7_moveit_config:/home/khamrouni/auctus/work/kuka_robot/install/iiwa14_moveit_config:/home/khamrouni/auctus/work/kuka_robot/install/lbr_description:/home/khamrouni/auctus/work/kuka_robot/install/fri_client_sdk:/home/khamrouni/ws_moveit/install/pilz_industrial_motion_planner_testutils:/home/khamrouni/ws_moveit/install/moveit_runtime:/home/khamrouni/ws_moveit/install/moveit2_tutorials:/home/khamrouni/ws_moveit/install/moveit:/home/khamrouni/ws_moveit/install/moveit_planners:/home/khamrouni/ws_moveit/install/pilz_industrial_motion_planner:/home/khamrouni/ws_moveit/install/moveit_visual_tools:/home/khamrouni/ws_moveit/install/moveit_task_constructor_visualization:/home/khamrouni/ws_moveit/install/moveit_task_constructor_demo:/home/khamrouni/ws_moveit/install/moveit_task_constructor_capabilities:/home/khamrouni/ws_moveit/install/moveit_task_constructor_core:/home/khamrouni/ws_moveit/install/moveit_ros_control_interface:/home/khamrouni/ws_moveit/install/moveit_plugins:/home/khamrouni/ws_moveit/install/moveit_simple_controller_manager:/home/khamrouni/ws_moveit/install/moveit_setup_assistant:/home/khamrouni/ws_moveit/install/moveit_setup_srdf_plugins:/home/khamrouni/ws_moveit/install/moveit_setup_core_plugins:/home/khamrouni/ws_moveit/install/moveit_setup_controllers:/home/khamrouni/ws_moveit/install/moveit_setup_app_plugins:/home/khamrouni/ws_moveit/install/moveit_setup_framework:/home/khamrouni/ws_moveit/install/moveit_servo:/home/khamrouni/ws_moveit/install/moveit_ros:/home/khamrouni/ws_moveit/install/moveit_ros_visualization:/home/khamrouni/ws_moveit/install/moveit_hybrid_planning:/home/khamrouni/ws_moveit/install/move_program:/home/khamrouni/ws_moveit/install/hello_moveit:/home/khamrouni/ws_moveit/install/moveit_ros_planning_interface:/home/khamrouni/ws_moveit/install/moveit_ros_benchmarks:/home/khamrouni/ws_moveit/install/moveit_ros_warehouse:/home/khamrouni/ws_moveit/install/moveit_ros_robot_interaction:/home/khamrouni/ws_moveit/install/moveit_ros_perception:/home/khamrouni/ws_moveit/install/moveit_resources_prbt_pg70_support:/home/khamrouni/ws_moveit/install/moveit_resources_prbt_moveit_config:/home/khamrouni/ws_moveit/install/moveit_ros_move_group:/home/khamrouni/ws_moveit/install/moveit_planners_ompl:/home/khamrouni/ws_moveit/install/moveit_ros_planning:/home/khamrouni/ws_moveit/install/moveit_ros_occupancy_map_monitor:/home/khamrouni/ws_moveit/install/moveit_resources_prbt_ikfast_manipulator_plugin:/home/khamrouni/ws_moveit/install/moveit_planners_chomp:/home/khamrouni/ws_moveit/install/moveit_kinematics:/home/khamrouni/ws_moveit/install/moveit_chomp_optimizer_adapter:/home/khamrouni/ws_moveit/install/chomp_motion_planner:/home/khamrouni/ws_moveit/install/moveit_core:/home/khamrouni/ws_moveit/install/srdfdom:/home/khamrouni/ws_moveit/install/rviz_marker_tools:/home/khamrouni/ws_moveit/install/rosparam_shortcuts:/home/khamrouni/ws_moveit/install/moveit_task_constructor_msgs:/home/khamrouni/ws_moveit/install/moveit_resources_prbt_support:/home/khamrouni/ws_moveit/install/moveit_resources:/home/khamrouni/ws_moveit/install/moveit_resources_pr2_description:/home/khamrouni/ws_moveit/install/moveit_resources_panda_moveit_config:/home/khamrouni/ws_moveit/install/moveit_resources_panda_description:/home/khamrouni/ws_moveit/install/moveit_resources_fanuc_moveit_config:/home/khamrouni/ws_moveit/install/moveit_resources_fanuc_description:/home/khamrouni/ws_moveit/install/moveit_common:/home/khamrouni/robot_ws/install/iiwa_description:/home/khamrouni/ros2_ws/install/polygon_base:/home/khamrouni/ros2_ws/install/iiwa_bringup:/home/khamrouni/ros2_ws/install/iiwa_description:/home/khamrouni/ros2_ws/install/examples_rclcpp_minimal_action_client:/home/khamrouni/ros2_ws/install/examples_rclcpp_cbg_executor:/home/khamrouni/ros2_ws/install/examples_rclcpp_async_client:/home/khamrouni/ros2_ws/install/cpp_parameters:/home/khamrouni/auctus/work/kuka_robot/install/lbr_demos_py:/home/khamrouni/auctus/work/kuka_robot/install/lbr_moveit:/home/khamrouni/auctus/work/kuka_robot/install/lbr_demos_advanced_py:/home/khamrouni/ws_moveit/install/moveit_configs_utils:/home/khamrouni/ws_moveit/install/launch_param_builder:/opt/ros/humble LD_LIBRARY_PATH=/home/khamrouni/lbr-stack/src/lbr_fri_ros2_stack/install/lbr_fri_ros2/lib:${LD_LIBRARY_PATH} /usr/bin/cmake --build /home/khamrouni/lbr-stack/src/lbr_fri_ros2_stack/build/lbr_demos_advanced_cpp -- -j8 -l8
[107.685s] DEBUG:colcon.colcon_core.event_handler.log_command:Invoking command in '/home/khamrouni/lbr-stack/src/lbr_fri_ros2_stack/build/lbr_demos_advanced_cpp': AMENT_PREFIX_PATH=/home/khamrouni/lbr-stack/src/lbr_fri_ros2_stack/install/lbr_fri_ros2:/home/khamrouni/lbr-stack/src/lbr_fri_ros2_stack/install/lbr_description:${AMENT_PREFIX_PATH} CMAKE_PREFIX_PATH=/home/khamrouni/lbr-stack/src/lbr_fri_ros2_stack/install/lbr_fri_ros2:/home/khamrouni/lbr-stack/src/lbr_fri_ros2_stack/install/lbr_description:/home/khamrouni/auctus/work/kuka_robot/install/velocity_controller:/home/khamrouni/auctus/work/kuka_robot/install/med7_moveit_config:/home/khamrouni/auctus/work/kuka_robot/install/med14_moveit_config:/home/khamrouni/auctus/work/kuka_robot/install/lbr_fri_ros2_stack:/home/khamrouni/auctus/work/kuka_robot/install/lbr_demos_cpp:/home/khamrouni/auctus/work/kuka_robot/install/lbr_bringup:/home/khamrouni/auctus/work/kuka_robot/install/lbr_ros2_control:/home/khamrouni/auctus/work/kuka_robot/install/lbr_moveit_cpp:/home/khamrouni/auctus/work/kuka_robot/install/lbr_demos_advanced_cpp:/home/khamrouni/auctus/work/kuka_robot/install/lbr_fri_ros2:/home/khamrouni/auctus/work/kuka_robot/install/lbr_fri_idl:/home/khamrouni/auctus/work/kuka_robot/install/iiwa7_moveit_config:/home/khamrouni/auctus/work/kuka_robot/install/iiwa14_moveit_config:/home/khamrouni/auctus/work/kuka_robot/install/lbr_description:/home/khamrouni/auctus/work/kuka_robot/install/fri_client_sdk:/home/khamrouni/ws_moveit/install/pilz_industrial_motion_planner_testutils:/home/khamrouni/ws_moveit/install/moveit_runtime:/home/khamrouni/ws_moveit/install/moveit2_tutorials:/home/khamrouni/ws_moveit/install/moveit:/home/khamrouni/ws_moveit/install/moveit_planners:/home/khamrouni/ws_moveit/install/pilz_industrial_motion_planner:/home/khamrouni/ws_moveit/install/moveit_visual_tools:/home/khamrouni/ws_moveit/install/moveit_task_constructor_visualization:/home/khamrouni/ws_moveit/install/moveit_task_constructor_demo:/home/khamrouni/ws_moveit/install/moveit_task_constructor_capabilities:/home/khamrouni/ws_moveit/install/moveit_task_constructor_core:/home/khamrouni/ws_moveit/install/moveit_ros_control_interface:/home/khamrouni/ws_moveit/install/moveit_plugins:/home/khamrouni/ws_moveit/install/moveit_simple_controller_manager:/home/khamrouni/ws_moveit/install/moveit_setup_assistant:/home/khamrouni/ws_moveit/install/moveit_setup_srdf_plugins:/home/khamrouni/ws_moveit/install/moveit_setup_core_plugins:/home/khamrouni/ws_moveit/install/moveit_setup_controllers:/home/khamrouni/ws_moveit/install/moveit_setup_app_plugins:/home/khamrouni/ws_moveit/install/moveit_setup_framework:/home/khamrouni/ws_moveit/install/moveit_servo:/home/khamrouni/ws_moveit/install/moveit_ros:/home/khamrouni/ws_moveit/install/moveit_ros_visualization:/home/khamrouni/ws_moveit/install/moveit_hybrid_planning:/home/khamrouni/ws_moveit/install/move_program:/home/khamrouni/ws_moveit/install/hello_moveit:/home/khamrouni/ws_moveit/install/moveit_ros_planning_interface:/home/khamrouni/ws_moveit/install/moveit_ros_benchmarks:/home/khamrouni/ws_moveit/install/moveit_ros_warehouse:/home/khamrouni/ws_moveit/install/moveit_ros_robot_interaction:/home/khamrouni/ws_moveit/install/moveit_ros_perception:/home/khamrouni/ws_moveit/install/moveit_resources_prbt_pg70_support:/home/khamrouni/ws_moveit/install/moveit_resources_prbt_moveit_config:/home/khamrouni/ws_moveit/install/moveit_ros_move_group:/home/khamrouni/ws_moveit/install/moveit_planners_ompl:/home/khamrouni/ws_moveit/install/moveit_ros_planning:/home/khamrouni/ws_moveit/install/moveit_ros_occupancy_map_monitor:/home/khamrouni/ws_moveit/install/moveit_resources_prbt_ikfast_manipulator_plugin:/home/khamrouni/ws_moveit/install/moveit_planners_chomp:/home/khamrouni/ws_moveit/install/moveit_kinematics:/home/khamrouni/ws_moveit/install/moveit_chomp_optimizer_adapter:/home/khamrouni/ws_moveit/install/chomp_motion_planner:/home/khamrouni/ws_moveit/install/moveit_core:/home/khamrouni/ws_moveit/install/srdfdom:/home/khamrouni/ws_moveit/install/rviz_marker_tools:/home/khamrouni/ws_moveit/install/rosparam_shortcuts:/home/khamrouni/ws_moveit/install/moveit_task_constructor_msgs:/home/khamrouni/ws_moveit/install/moveit_resources_prbt_support:/home/khamrouni/ws_moveit/install/moveit_resources:/home/khamrouni/ws_moveit/install/moveit_resources_pr2_description:/home/khamrouni/ws_moveit/install/moveit_resources_panda_moveit_config:/home/khamrouni/ws_moveit/install/moveit_resources_panda_description:/home/khamrouni/ws_moveit/install/moveit_resources_fanuc_moveit_config:/home/khamrouni/ws_moveit/install/moveit_resources_fanuc_description:/home/khamrouni/ws_moveit/install/moveit_common:/home/khamrouni/robot_ws/install/iiwa_description:/home/khamrouni/ros2_ws/install/polygon_base:/home/khamrouni/ros2_ws/install/iiwa_bringup:/home/khamrouni/ros2_ws/install/iiwa_description:/home/khamrouni/ros2_ws/install/examples_rclcpp_minimal_action_client:/home/khamrouni/ros2_ws/install/examples_rclcpp_cbg_executor:/home/khamrouni/ros2_ws/install/examples_rclcpp_async_client:/home/khamrouni/ros2_ws/install/cpp_parameters:/home/khamrouni/auctus/work/kuka_robot/install/lbr_demos_py:/home/khamrouni/auctus/work/kuka_robot/install/lbr_moveit:/home/khamrouni/auctus/work/kuka_robot/install/lbr_demos_advanced_py:/home/khamrouni/ws_moveit/install/moveit_configs_utils:/home/khamrouni/ws_moveit/install/launch_param_builder:/opt/ros/humble LD_LIBRARY_PATH=/home/khamrouni/lbr-stack/src/lbr_fri_ros2_stack/install/lbr_fri_ros2/lib:${LD_LIBRARY_PATH} /usr/bin/cmake --install /home/khamrouni/lbr-stack/src/lbr_fri_ros2_stack/build/lbr_demos_advanced_cpp
[107.716s] Level 1:colcon.colcon_core.environment:create_environment_scripts_only(lbr_demos_advanced_cpp)
[107.717s] Level 1:colcon.colcon_core.environment:checking '/home/khamrouni/lbr-stack/src/lbr_fri_ros2_stack/install/lbr_demos_advanced_cpp' for CMake module files
[107.718s] DEBUG:colcon.colcon_core.event_handler.log_command:Invoked command in '/home/khamrouni/lbr-stack/src/lbr_fri_ros2_stack/build/lbr_demos_advanced_cpp' returned '0': AMENT_PREFIX_PATH=/home/khamrouni/lbr-stack/src/lbr_fri_ros2_stack/install/lbr_fri_ros2:/home/khamrouni/lbr-stack/src/lbr_fri_ros2_stack/install/lbr_description:${AMENT_PREFIX_PATH} CMAKE_PREFIX_PATH=/home/khamrouni/lbr-stack/src/lbr_fri_ros2_stack/install/lbr_fri_ros2:/home/khamrouni/lbr-stack/src/lbr_fri_ros2_stack/install/lbr_description:/home/khamrouni/auctus/work/kuka_robot/install/velocity_controller:/home/khamrouni/auctus/work/kuka_robot/install/med7_moveit_config:/home/khamrouni/auctus/work/kuka_robot/install/med14_moveit_config:/home/khamrouni/auctus/work/kuka_robot/install/lbr_fri_ros2_stack:/home/khamrouni/auctus/work/kuka_robot/install/lbr_demos_cpp:/home/khamrouni/auctus/work/kuka_robot/install/lbr_bringup:/home/khamrouni/auctus/work/kuka_robot/install/lbr_ros2_control:/home/khamrouni/auctus/work/kuka_robot/install/lbr_moveit_cpp:/home/khamrouni/auctus/work/kuka_robot/install/lbr_demos_advanced_cpp:/home/khamrouni/auctus/work/kuka_robot/install/lbr_fri_ros2:/home/khamrouni/auctus/work/kuka_robot/install/lbr_fri_idl:/home/khamrouni/auctus/work/kuka_robot/install/iiwa7_moveit_config:/home/khamrouni/auctus/work/kuka_robot/install/iiwa14_moveit_config:/home/khamrouni/auctus/work/kuka_robot/install/lbr_description:/home/khamrouni/auctus/work/kuka_robot/install/fri_client_sdk:/home/khamrouni/ws_moveit/install/pilz_industrial_motion_planner_testutils:/home/khamrouni/ws_moveit/install/moveit_runtime:/home/khamrouni/ws_moveit/install/moveit2_tutorials:/home/khamrouni/ws_moveit/install/moveit:/home/khamrouni/ws_moveit/install/moveit_planners:/home/khamrouni/ws_moveit/install/pilz_industrial_motion_planner:/home/khamrouni/ws_moveit/install/moveit_visual_tools:/home/khamrouni/ws_moveit/install/moveit_task_constructor_visualization:/home/khamrouni/ws_moveit/install/moveit_task_constructor_demo:/home/khamrouni/ws_moveit/install/moveit_task_constructor_capabilities:/home/khamrouni/ws_moveit/install/moveit_task_constructor_core:/home/khamrouni/ws_moveit/install/moveit_ros_control_interface:/home/khamrouni/ws_moveit/install/moveit_plugins:/home/khamrouni/ws_moveit/install/moveit_simple_controller_manager:/home/khamrouni/ws_moveit/install/moveit_setup_assistant:/home/khamrouni/ws_moveit/install/moveit_setup_srdf_plugins:/home/khamrouni/ws_moveit/install/moveit_setup_core_plugins:/home/khamrouni/ws_moveit/install/moveit_setup_controllers:/home/khamrouni/ws_moveit/install/moveit_setup_app_plugins:/home/khamrouni/ws_moveit/install/moveit_setup_framework:/home/khamrouni/ws_moveit/install/moveit_servo:/home/khamrouni/ws_moveit/install/moveit_ros:/home/khamrouni/ws_moveit/install/moveit_ros_visualization:/home/khamrouni/ws_moveit/install/moveit_hybrid_planning:/home/khamrouni/ws_moveit/install/move_program:/home/khamrouni/ws_moveit/install/hello_moveit:/home/khamrouni/ws_moveit/install/moveit_ros_planning_interface:/home/khamrouni/ws_moveit/install/moveit_ros_benchmarks:/home/khamrouni/ws_moveit/install/moveit_ros_warehouse:/home/khamrouni/ws_moveit/install/moveit_ros_robot_interaction:/home/khamrouni/ws_moveit/install/moveit_ros_perception:/home/khamrouni/ws_moveit/install/moveit_resources_prbt_pg70_support:/home/khamrouni/ws_moveit/install/moveit_resources_prbt_moveit_config:/home/khamrouni/ws_moveit/install/moveit_ros_move_group:/home/khamrouni/ws_moveit/install/moveit_planners_ompl:/home/khamrouni/ws_moveit/install/moveit_ros_planning:/home/khamrouni/ws_moveit/install/moveit_ros_occupancy_map_monitor:/home/khamrouni/ws_moveit/install/moveit_resources_prbt_ikfast_manipulator_plugin:/home/khamrouni/ws_moveit/install/moveit_planners_chomp:/home/khamrouni/ws_moveit/install/moveit_kinematics:/home/khamrouni/ws_moveit/install/moveit_chomp_optimizer_adapter:/home/khamrouni/ws_moveit/install/chomp_motion_planner:/home/khamrouni/ws_moveit/install/moveit_core:/home/khamrouni/ws_moveit/install/srdfdom:/home/khamrouni/ws_moveit/install/rviz_marker_tools:/home/khamrouni/ws_moveit/install/rosparam_shortcuts:/home/khamrouni/ws_moveit/install/moveit_task_constructor_msgs:/home/khamrouni/ws_moveit/install/moveit_resources_prbt_support:/home/khamrouni/ws_moveit/install/moveit_resources:/home/khamrouni/ws_moveit/install/moveit_resources_pr2_description:/home/khamrouni/ws_moveit/install/moveit_resources_panda_moveit_config:/home/khamrouni/ws_moveit/install/moveit_resources_panda_description:/home/khamrouni/ws_moveit/install/moveit_resources_fanuc_moveit_config:/home/khamrouni/ws_moveit/install/moveit_resources_fanuc_description:/home/khamrouni/ws_moveit/install/moveit_common:/home/khamrouni/robot_ws/install/iiwa_description:/home/khamrouni/ros2_ws/install/polygon_base:/home/khamrouni/ros2_ws/install/iiwa_bringup:/home/khamrouni/ros2_ws/install/iiwa_description:/home/khamrouni/ros2_ws/install/examples_rclcpp_minimal_action_client:/home/khamrouni/ros2_ws/install/examples_rclcpp_cbg_executor:/home/khamrouni/ros2_ws/install/examples_rclcpp_async_client:/home/khamrouni/ros2_ws/install/cpp_parameters:/home/khamrouni/auctus/work/kuka_robot/install/lbr_demos_py:/home/khamrouni/auctus/work/kuka_robot/install/lbr_moveit:/home/khamrouni/auctus/work/kuka_robot/install/lbr_demos_advanced_py:/home/khamrouni/ws_moveit/install/moveit_configs_utils:/home/khamrouni/ws_moveit/install/launch_param_builder:/opt/ros/humble LD_LIBRARY_PATH=/home/khamrouni/lbr-stack/src/lbr_fri_ros2_stack/install/lbr_fri_ros2/lib:${LD_LIBRARY_PATH} /usr/bin/cmake --install /home/khamrouni/lbr-stack/src/lbr_fri_ros2_stack/build/lbr_demos_advanced_cpp
[107.718s] Level 1:colcon.colcon_core.environment:checking '/home/khamrouni/lbr-stack/src/lbr_fri_ros2_stack/install/lbr_demos_advanced_cpp' for CMake config files
[107.719s] Level 1:colcon.colcon_core.shell:create_environment_hook('lbr_demos_advanced_cpp', 'cmake_prefix_path')
[107.719s] INFO:colcon.colcon_core.shell:Creating environment hook '/home/khamrouni/lbr-stack/src/lbr_fri_ros2_stack/install/lbr_demos_advanced_cpp/share/lbr_demos_advanced_cpp/hook/cmake_prefix_path.ps1'
[107.720s] INFO:colcon.colcon_core.shell:Creating environment descriptor '/home/khamrouni/lbr-stack/src/lbr_fri_ros2_stack/install/lbr_demos_advanced_cpp/share/lbr_demos_advanced_cpp/hook/cmake_prefix_path.dsv'
[107.721s] INFO:colcon.colcon_core.shell:Creating environment hook '/home/khamrouni/lbr-stack/src/lbr_fri_ros2_stack/install/lbr_demos_advanced_cpp/share/lbr_demos_advanced_cpp/hook/cmake_prefix_path.sh'
[107.722s] Level 1:colcon.colcon_core.environment:checking '/home/khamrouni/lbr-stack/src/lbr_fri_ros2_stack/install/lbr_demos_advanced_cpp/lib'
[107.722s] Level 1:colcon.colcon_core.shell:create_environment_hook('lbr_demos_advanced_cpp', 'ld_library_path_lib')
[107.722s] INFO:colcon.colcon_core.shell:Creating environment hook '/home/khamrouni/lbr-stack/src/lbr_fri_ros2_stack/install/lbr_demos_advanced_cpp/share/lbr_demos_advanced_cpp/hook/ld_library_path_lib.ps1'
[107.723s] INFO:colcon.colcon_core.shell:Creating environment descriptor '/home/khamrouni/lbr-stack/src/lbr_fri_ros2_stack/install/lbr_demos_advanced_cpp/share/lbr_demos_advanced_cpp/hook/ld_library_path_lib.dsv'
[107.723s] INFO:colcon.colcon_core.shell:Creating environment hook '/home/khamrouni/lbr-stack/src/lbr_fri_ros2_stack/install/lbr_demos_advanced_cpp/share/lbr_demos_advanced_cpp/hook/ld_library_path_lib.sh'
[107.724s] Level 1:colcon.colcon_core.environment:checking '/home/khamrouni/lbr-stack/src/lbr_fri_ros2_stack/install/lbr_demos_advanced_cpp/bin'
[107.724s] Level 1:colcon.colcon_core.environment:checking '/home/khamrouni/lbr-stack/src/lbr_fri_ros2_stack/install/lbr_demos_advanced_cpp/lib/pkgconfig/lbr_demos_advanced_cpp.pc'
[107.725s] Level 1:colcon.colcon_core.environment:checking '/home/khamrouni/lbr-stack/src/lbr_fri_ros2_stack/install/lbr_demos_advanced_cpp/lib/python3.10/site-packages'
[107.725s] Level 1:colcon.colcon_core.environment:checking '/home/khamrouni/lbr-stack/src/lbr_fri_ros2_stack/install/lbr_demos_advanced_cpp/bin'
[107.726s] INFO:colcon.colcon_core.shell:Creating package script '/home/khamrouni/lbr-stack/src/lbr_fri_ros2_stack/install/lbr_demos_advanced_cpp/share/lbr_demos_advanced_cpp/package.ps1'
[107.727s] INFO:colcon.colcon_core.shell:Creating package descriptor '/home/khamrouni/lbr-stack/src/lbr_fri_ros2_stack/install/lbr_demos_advanced_cpp/share/lbr_demos_advanced_cpp/package.dsv'
[107.728s] INFO:colcon.colcon_core.shell:Creating package script '/home/khamrouni/lbr-stack/src/lbr_fri_ros2_stack/install/lbr_demos_advanced_cpp/share/lbr_demos_advanced_cpp/package.sh'
[107.728s] INFO:colcon.colcon_core.shell:Creating package script '/home/khamrouni/lbr-stack/src/lbr_fri_ros2_stack/install/lbr_demos_advanced_cpp/share/lbr_demos_advanced_cpp/package.bash'
[107.729s] INFO:colcon.colcon_core.shell:Creating package script '/home/khamrouni/lbr-stack/src/lbr_fri_ros2_stack/install/lbr_demos_advanced_cpp/share/lbr_demos_advanced_cpp/package.zsh'
[107.729s] Level 1:colcon.colcon_core.environment:create_file_with_runtime_dependencies(/home/khamrouni/lbr-stack/src/lbr_fri_ros2_stack/install/lbr_demos_advanced_cpp/share/colcon-core/packages/lbr_demos_advanced_cpp)
[107.731s] Level 1:colcon.colcon_core.environment:create_environment_scripts_only(lbr_demos_advanced_cpp)
[107.731s] Level 1:colcon.colcon_core.environment:checking '/home/khamrouni/lbr-stack/src/lbr_fri_ros2_stack/install/lbr_demos_advanced_cpp' for CMake module files
[107.732s] Level 1:colcon.colcon_core.environment:checking '/home/khamrouni/lbr-stack/src/lbr_fri_ros2_stack/install/lbr_demos_advanced_cpp' for CMake config files
[107.732s] Level 1:colcon.colcon_core.shell:create_environment_hook('lbr_demos_advanced_cpp', 'cmake_prefix_path')
[107.733s] INFO:colcon.colcon_core.shell:Creating environment hook '/home/khamrouni/lbr-stack/src/lbr_fri_ros2_stack/install/lbr_demos_advanced_cpp/share/lbr_demos_advanced_cpp/hook/cmake_prefix_path.ps1'
[107.733s] INFO:colcon.colcon_core.shell:Creating environment descriptor '/home/khamrouni/lbr-stack/src/lbr_fri_ros2_stack/install/lbr_demos_advanced_cpp/share/lbr_demos_advanced_cpp/hook/cmake_prefix_path.dsv'
[107.734s] INFO:colcon.colcon_core.shell:Creating environment hook '/home/khamrouni/lbr-stack/src/lbr_fri_ros2_stack/install/lbr_demos_advanced_cpp/share/lbr_demos_advanced_cpp/hook/cmake_prefix_path.sh'
[107.735s] Level 1:colcon.colcon_core.environment:checking '/home/khamrouni/lbr-stack/src/lbr_fri_ros2_stack/install/lbr_demos_advanced_cpp/lib'
[107.735s] Level 1:colcon.colcon_core.shell:create_environment_hook('lbr_demos_advanced_cpp', 'ld_library_path_lib')
[107.736s] INFO:colcon.colcon_core.shell:Creating environment hook '/home/khamrouni/lbr-stack/src/lbr_fri_ros2_stack/install/lbr_demos_advanced_cpp/share/lbr_demos_advanced_cpp/hook/ld_library_path_lib.ps1'
[107.736s] INFO:colcon.colcon_core.shell:Creating environment descriptor '/home/khamrouni/lbr-stack/src/lbr_fri_ros2_stack/install/lbr_demos_advanced_cpp/share/lbr_demos_advanced_cpp/hook/ld_library_path_lib.dsv'
[107.737s] INFO:colcon.colcon_core.shell:Creating environment hook '/home/khamrouni/lbr-stack/src/lbr_fri_ros2_stack/install/lbr_demos_advanced_cpp/share/lbr_demos_advanced_cpp/hook/ld_library_path_lib.sh'
[107.738s] Level 1:colcon.colcon_core.environment:checking '/home/khamrouni/lbr-stack/src/lbr_fri_ros2_stack/install/lbr_demos_advanced_cpp/bin'
[107.738s] Level 1:colcon.colcon_core.environment:checking '/home/khamrouni/lbr-stack/src/lbr_fri_ros2_stack/install/lbr_demos_advanced_cpp/lib/pkgconfig/lbr_demos_advanced_cpp.pc'
[107.738s] Level 1:colcon.colcon_core.environment:checking '/home/khamrouni/lbr-stack/src/lbr_fri_ros2_stack/install/lbr_demos_advanced_cpp/lib/python3.10/site-packages'
[107.739s] Level 1:colcon.colcon_core.environment:checking '/home/khamrouni/lbr-stack/src/lbr_fri_ros2_stack/install/lbr_demos_advanced_cpp/bin'
[107.739s] INFO:colcon.colcon_core.shell:Creating package script '/home/khamrouni/lbr-stack/src/lbr_fri_ros2_stack/install/lbr_demos_advanced_cpp/share/lbr_demos_advanced_cpp/package.ps1'
[107.740s] INFO:colcon.colcon_core.shell:Creating package descriptor '/home/khamrouni/lbr-stack/src/lbr_fri_ros2_stack/install/lbr_demos_advanced_cpp/share/lbr_demos_advanced_cpp/package.dsv'
[107.741s] INFO:colcon.colcon_core.shell:Creating package script '/home/khamrouni/lbr-stack/src/lbr_fri_ros2_stack/install/lbr_demos_advanced_cpp/share/lbr_demos_advanced_cpp/package.sh'
[107.742s] INFO:colcon.colcon_core.shell:Creating package script '/home/khamrouni/lbr-stack/src/lbr_fri_ros2_stack/install/lbr_demos_advanced_cpp/share/lbr_demos_advanced_cpp/package.bash'
[107.743s] INFO:colcon.colcon_core.shell:Creating package script '/home/khamrouni/lbr-stack/src/lbr_fri_ros2_stack/install/lbr_demos_advanced_cpp/share/lbr_demos_advanced_cpp/package.zsh'
[107.744s] Level 1:colcon.colcon_core.environment:create_file_with_runtime_dependencies(/home/khamrouni/lbr-stack/src/lbr_fri_ros2_stack/install/lbr_demos_advanced_cpp/share/colcon-core/packages/lbr_demos_advanced_cpp)
[108.647s] DEBUG:colcon.colcon_core.event_handler.log_command:Invoked command in '/home/khamrouni/lbr-stack/src/lbr_fri_ros2_stack/build/lbr_demos_cpp' returned '0': AMENT_PREFIX_PATH=/home/khamrouni/lbr-stack/src/lbr_fri_ros2_stack/install/lbr_bringup:/home/khamrouni/lbr-stack/src/lbr_fri_ros2_stack/install/lbr_ros2_control:/home/khamrouni/lbr-stack/src/lbr_fri_ros2_stack/install/lbr_fri_ros2:/home/khamrouni/lbr-stack/src/lbr_fri_ros2_stack/install/lbr_description:${AMENT_PREFIX_PATH} CMAKE_PREFIX_PATH=/home/khamrouni/lbr-stack/src/lbr_fri_ros2_stack/install/lbr_bringup:/home/khamrouni/lbr-stack/src/lbr_fri_ros2_stack/install/lbr_ros2_control:/home/khamrouni/lbr-stack/src/lbr_fri_ros2_stack/install/lbr_fri_ros2:/home/khamrouni/lbr-stack/src/lbr_fri_ros2_stack/install/lbr_description:/home/khamrouni/auctus/work/kuka_robot/install/velocity_controller:/home/khamrouni/auctus/work/kuka_robot/install/med7_moveit_config:/home/khamrouni/auctus/work/kuka_robot/install/med14_moveit_config:/home/khamrouni/auctus/work/kuka_robot/install/lbr_fri_ros2_stack:/home/khamrouni/auctus/work/kuka_robot/install/lbr_demos_cpp:/home/khamrouni/auctus/work/kuka_robot/install/lbr_bringup:/home/khamrouni/auctus/work/kuka_robot/install/lbr_ros2_control:/home/khamrouni/auctus/work/kuka_robot/install/lbr_moveit_cpp:/home/khamrouni/auctus/work/kuka_robot/install/lbr_demos_advanced_cpp:/home/khamrouni/auctus/work/kuka_robot/install/lbr_fri_ros2:/home/khamrouni/auctus/work/kuka_robot/install/lbr_fri_idl:/home/khamrouni/auctus/work/kuka_robot/install/iiwa7_moveit_config:/home/khamrouni/auctus/work/kuka_robot/install/iiwa14_moveit_config:/home/khamrouni/auctus/work/kuka_robot/install/lbr_description:/home/khamrouni/auctus/work/kuka_robot/install/fri_client_sdk:/home/khamrouni/ws_moveit/install/pilz_industrial_motion_planner_testutils:/home/khamrouni/ws_moveit/install/moveit_runtime:/home/khamrouni/ws_moveit/install/moveit2_tutorials:/home/khamrouni/ws_moveit/install/moveit:/home/khamrouni/ws_moveit/install/moveit_planners:/home/khamrouni/ws_moveit/install/pilz_industrial_motion_planner:/home/khamrouni/ws_moveit/install/moveit_visual_tools:/home/khamrouni/ws_moveit/install/moveit_task_constructor_visualization:/home/khamrouni/ws_moveit/install/moveit_task_constructor_demo:/home/khamrouni/ws_moveit/install/moveit_task_constructor_capabilities:/home/khamrouni/ws_moveit/install/moveit_task_constructor_core:/home/khamrouni/ws_moveit/install/moveit_ros_control_interface:/home/khamrouni/ws_moveit/install/moveit_plugins:/home/khamrouni/ws_moveit/install/moveit_simple_controller_manager:/home/khamrouni/ws_moveit/install/moveit_setup_assistant:/home/khamrouni/ws_moveit/install/moveit_setup_srdf_plugins:/home/khamrouni/ws_moveit/install/moveit_setup_core_plugins:/home/khamrouni/ws_moveit/install/moveit_setup_controllers:/home/khamrouni/ws_moveit/install/moveit_setup_app_plugins:/home/khamrouni/ws_moveit/install/moveit_setup_framework:/home/khamrouni/ws_moveit/install/moveit_servo:/home/khamrouni/ws_moveit/install/moveit_ros:/home/khamrouni/ws_moveit/install/moveit_ros_visualization:/home/khamrouni/ws_moveit/install/moveit_hybrid_planning:/home/khamrouni/ws_moveit/install/move_program:/home/khamrouni/ws_moveit/install/hello_moveit:/home/khamrouni/ws_moveit/install/moveit_ros_planning_interface:/home/khamrouni/ws_moveit/install/moveit_ros_benchmarks:/home/khamrouni/ws_moveit/install/moveit_ros_warehouse:/home/khamrouni/ws_moveit/install/moveit_ros_robot_interaction:/home/khamrouni/ws_moveit/install/moveit_ros_perception:/home/khamrouni/ws_moveit/install/moveit_resources_prbt_pg70_support:/home/khamrouni/ws_moveit/install/moveit_resources_prbt_moveit_config:/home/khamrouni/ws_moveit/install/moveit_ros_move_group:/home/khamrouni/ws_moveit/install/moveit_planners_ompl:/home/khamrouni/ws_moveit/install/moveit_ros_planning:/home/khamrouni/ws_moveit/install/moveit_ros_occupancy_map_monitor:/home/khamrouni/ws_moveit/install/moveit_resources_prbt_ikfast_manipulator_plugin:/home/khamrouni/ws_moveit/install/moveit_planners_chomp:/home/khamrouni/ws_moveit/install/moveit_kinematics:/home/khamrouni/ws_moveit/install/moveit_chomp_optimizer_adapter:/home/khamrouni/ws_moveit/install/chomp_motion_planner:/home/khamrouni/ws_moveit/install/moveit_core:/home/khamrouni/ws_moveit/install/srdfdom:/home/khamrouni/ws_moveit/install/rviz_marker_tools:/home/khamrouni/ws_moveit/install/rosparam_shortcuts:/home/khamrouni/ws_moveit/install/moveit_task_constructor_msgs:/home/khamrouni/ws_moveit/install/moveit_resources_prbt_support:/home/khamrouni/ws_moveit/install/moveit_resources:/home/khamrouni/ws_moveit/install/moveit_resources_pr2_description:/home/khamrouni/ws_moveit/install/moveit_resources_panda_moveit_config:/home/khamrouni/ws_moveit/install/moveit_resources_panda_description:/home/khamrouni/ws_moveit/install/moveit_resources_fanuc_moveit_config:/home/khamrouni/ws_moveit/install/moveit_resources_fanuc_description:/home/khamrouni/ws_moveit/install/moveit_common:/home/khamrouni/robot_ws/install/iiwa_description:/home/khamrouni/ros2_ws/install/polygon_base:/home/khamrouni/ros2_ws/install/iiwa_bringup:/home/khamrouni/ros2_ws/install/iiwa_description:/home/khamrouni/ros2_ws/install/examples_rclcpp_minimal_action_client:/home/khamrouni/ros2_ws/install/examples_rclcpp_cbg_executor:/home/khamrouni/ros2_ws/install/examples_rclcpp_async_client:/home/khamrouni/ros2_ws/install/cpp_parameters:/home/khamrouni/auctus/work/kuka_robot/install/lbr_demos_py:/home/khamrouni/auctus/work/kuka_robot/install/lbr_moveit:/home/khamrouni/auctus/work/kuka_robot/install/lbr_demos_advanced_py:/home/khamrouni/ws_moveit/install/moveit_configs_utils:/home/khamrouni/ws_moveit/install/launch_param_builder:/opt/ros/humble LD_LIBRARY_PATH=/home/khamrouni/lbr-stack/src/lbr_fri_ros2_stack/install/lbr_ros2_control/lib:/home/khamrouni/lbr-stack/src/lbr_fri_ros2_stack/install/lbr_fri_ros2/lib:${LD_LIBRARY_PATH} PYTHONPATH=/home/khamrouni/lbr-stack/src/lbr_fri_ros2_stack/install/lbr_bringup/local/lib/python3.10/dist-packages:${PYTHONPATH} /usr/bin/cmake /home/khamrouni/lbr-stack/src/lbr_fri_ros2_stack/lbr_demos/lbr_demos_cpp -DCMAKE_INSTALL_PREFIX=/home/khamrouni/lbr-stack/src/lbr_fri_ros2_stack/install/lbr_demos_cpp
[108.648s] DEBUG:colcon.colcon_core.event_handler.log_command:Invoking command in '/home/khamrouni/lbr-stack/src/lbr_fri_ros2_stack/build/lbr_demos_cpp': AMENT_PREFIX_PATH=/home/khamrouni/lbr-stack/src/lbr_fri_ros2_stack/install/lbr_bringup:/home/khamrouni/lbr-stack/src/lbr_fri_ros2_stack/install/lbr_ros2_control:/home/khamrouni/lbr-stack/src/lbr_fri_ros2_stack/install/lbr_fri_ros2:/home/khamrouni/lbr-stack/src/lbr_fri_ros2_stack/install/lbr_description:${AMENT_PREFIX_PATH} CMAKE_PREFIX_PATH=/home/khamrouni/lbr-stack/src/lbr_fri_ros2_stack/install/lbr_bringup:/home/khamrouni/lbr-stack/src/lbr_fri_ros2_stack/install/lbr_ros2_control:/home/khamrouni/lbr-stack/src/lbr_fri_ros2_stack/install/lbr_fri_ros2:/home/khamrouni/lbr-stack/src/lbr_fri_ros2_stack/install/lbr_description:/home/khamrouni/auctus/work/kuka_robot/install/velocity_controller:/home/khamrouni/auctus/work/kuka_robot/install/med7_moveit_config:/home/khamrouni/auctus/work/kuka_robot/install/med14_moveit_config:/home/khamrouni/auctus/work/kuka_robot/install/lbr_fri_ros2_stack:/home/khamrouni/auctus/work/kuka_robot/install/lbr_demos_cpp:/home/khamrouni/auctus/work/kuka_robot/install/lbr_bringup:/home/khamrouni/auctus/work/kuka_robot/install/lbr_ros2_control:/home/khamrouni/auctus/work/kuka_robot/install/lbr_moveit_cpp:/home/khamrouni/auctus/work/kuka_robot/install/lbr_demos_advanced_cpp:/home/khamrouni/auctus/work/kuka_robot/install/lbr_fri_ros2:/home/khamrouni/auctus/work/kuka_robot/install/lbr_fri_idl:/home/khamrouni/auctus/work/kuka_robot/install/iiwa7_moveit_config:/home/khamrouni/auctus/work/kuka_robot/install/iiwa14_moveit_config:/home/khamrouni/auctus/work/kuka_robot/install/lbr_description:/home/khamrouni/auctus/work/kuka_robot/install/fri_client_sdk:/home/khamrouni/ws_moveit/install/pilz_industrial_motion_planner_testutils:/home/khamrouni/ws_moveit/install/moveit_runtime:/home/khamrouni/ws_moveit/install/moveit2_tutorials:/home/khamrouni/ws_moveit/install/moveit:/home/khamrouni/ws_moveit/install/moveit_planners:/home/khamrouni/ws_moveit/install/pilz_industrial_motion_planner:/home/khamrouni/ws_moveit/install/moveit_visual_tools:/home/khamrouni/ws_moveit/install/moveit_task_constructor_visualization:/home/khamrouni/ws_moveit/install/moveit_task_constructor_demo:/home/khamrouni/ws_moveit/install/moveit_task_constructor_capabilities:/home/khamrouni/ws_moveit/install/moveit_task_constructor_core:/home/khamrouni/ws_moveit/install/moveit_ros_control_interface:/home/khamrouni/ws_moveit/install/moveit_plugins:/home/khamrouni/ws_moveit/install/moveit_simple_controller_manager:/home/khamrouni/ws_moveit/install/moveit_setup_assistant:/home/khamrouni/ws_moveit/install/moveit_setup_srdf_plugins:/home/khamrouni/ws_moveit/install/moveit_setup_core_plugins:/home/khamrouni/ws_moveit/install/moveit_setup_controllers:/home/khamrouni/ws_moveit/install/moveit_setup_app_plugins:/home/khamrouni/ws_moveit/install/moveit_setup_framework:/home/khamrouni/ws_moveit/install/moveit_servo:/home/khamrouni/ws_moveit/install/moveit_ros:/home/khamrouni/ws_moveit/install/moveit_ros_visualization:/home/khamrouni/ws_moveit/install/moveit_hybrid_planning:/home/khamrouni/ws_moveit/install/move_program:/home/khamrouni/ws_moveit/install/hello_moveit:/home/khamrouni/ws_moveit/install/moveit_ros_planning_interface:/home/khamrouni/ws_moveit/install/moveit_ros_benchmarks:/home/khamrouni/ws_moveit/install/moveit_ros_warehouse:/home/khamrouni/ws_moveit/install/moveit_ros_robot_interaction:/home/khamrouni/ws_moveit/install/moveit_ros_perception:/home/khamrouni/ws_moveit/install/moveit_resources_prbt_pg70_support:/home/khamrouni/ws_moveit/install/moveit_resources_prbt_moveit_config:/home/khamrouni/ws_moveit/install/moveit_ros_move_group:/home/khamrouni/ws_moveit/install/moveit_planners_ompl:/home/khamrouni/ws_moveit/install/moveit_ros_planning:/home/khamrouni/ws_moveit/install/moveit_ros_occupancy_map_monitor:/home/khamrouni/ws_moveit/install/moveit_resources_prbt_ikfast_manipulator_plugin:/home/khamrouni/ws_moveit/install/moveit_planners_chomp:/home/khamrouni/ws_moveit/install/moveit_kinematics:/home/khamrouni/ws_moveit/install/moveit_chomp_optimizer_adapter:/home/khamrouni/ws_moveit/install/chomp_motion_planner:/home/khamrouni/ws_moveit/install/moveit_core:/home/khamrouni/ws_moveit/install/srdfdom:/home/khamrouni/ws_moveit/install/rviz_marker_tools:/home/khamrouni/ws_moveit/install/rosparam_shortcuts:/home/khamrouni/ws_moveit/install/moveit_task_constructor_msgs:/home/khamrouni/ws_moveit/install/moveit_resources_prbt_support:/home/khamrouni/ws_moveit/install/moveit_resources:/home/khamrouni/ws_moveit/install/moveit_resources_pr2_description:/home/khamrouni/ws_moveit/install/moveit_resources_panda_moveit_config:/home/khamrouni/ws_moveit/install/moveit_resources_panda_description:/home/khamrouni/ws_moveit/install/moveit_resources_fanuc_moveit_config:/home/khamrouni/ws_moveit/install/moveit_resources_fanuc_description:/home/khamrouni/ws_moveit/install/moveit_common:/home/khamrouni/robot_ws/install/iiwa_description:/home/khamrouni/ros2_ws/install/polygon_base:/home/khamrouni/ros2_ws/install/iiwa_bringup:/home/khamrouni/ros2_ws/install/iiwa_description:/home/khamrouni/ros2_ws/install/examples_rclcpp_minimal_action_client:/home/khamrouni/ros2_ws/install/examples_rclcpp_cbg_executor:/home/khamrouni/ros2_ws/install/examples_rclcpp_async_client:/home/khamrouni/ros2_ws/install/cpp_parameters:/home/khamrouni/auctus/work/kuka_robot/install/lbr_demos_py:/home/khamrouni/auctus/work/kuka_robot/install/lbr_moveit:/home/khamrouni/auctus/work/kuka_robot/install/lbr_demos_advanced_py:/home/khamrouni/ws_moveit/install/moveit_configs_utils:/home/khamrouni/ws_moveit/install/launch_param_builder:/opt/ros/humble LD_LIBRARY_PATH=/home/khamrouni/lbr-stack/src/lbr_fri_ros2_stack/install/lbr_ros2_control/lib:/home/khamrouni/lbr-stack/src/lbr_fri_ros2_stack/install/lbr_fri_ros2/lib:${LD_LIBRARY_PATH} PYTHONPATH=/home/khamrouni/lbr-stack/src/lbr_fri_ros2_stack/install/lbr_bringup/local/lib/python3.10/dist-packages:${PYTHONPATH} /usr/bin/cmake --build /home/khamrouni/lbr-stack/src/lbr_fri_ros2_stack/build/lbr_demos_cpp -- -j8 -l8
[134.482s] DEBUG:colcon.colcon_core.event_handler.log_command:Invoked command in '/home/khamrouni/lbr-stack/src/lbr_fri_ros2_stack/build/lbr_demos_cpp' returned '0': AMENT_PREFIX_PATH=/home/khamrouni/lbr-stack/src/lbr_fri_ros2_stack/install/lbr_bringup:/home/khamrouni/lbr-stack/src/lbr_fri_ros2_stack/install/lbr_ros2_control:/home/khamrouni/lbr-stack/src/lbr_fri_ros2_stack/install/lbr_fri_ros2:/home/khamrouni/lbr-stack/src/lbr_fri_ros2_stack/install/lbr_description:${AMENT_PREFIX_PATH} CMAKE_PREFIX_PATH=/home/khamrouni/lbr-stack/src/lbr_fri_ros2_stack/install/lbr_bringup:/home/khamrouni/lbr-stack/src/lbr_fri_ros2_stack/install/lbr_ros2_control:/home/khamrouni/lbr-stack/src/lbr_fri_ros2_stack/install/lbr_fri_ros2:/home/khamrouni/lbr-stack/src/lbr_fri_ros2_stack/install/lbr_description:/home/khamrouni/auctus/work/kuka_robot/install/velocity_controller:/home/khamrouni/auctus/work/kuka_robot/install/med7_moveit_config:/home/khamrouni/auctus/work/kuka_robot/install/med14_moveit_config:/home/khamrouni/auctus/work/kuka_robot/install/lbr_fri_ros2_stack:/home/khamrouni/auctus/work/kuka_robot/install/lbr_demos_cpp:/home/khamrouni/auctus/work/kuka_robot/install/lbr_bringup:/home/khamrouni/auctus/work/kuka_robot/install/lbr_ros2_control:/home/khamrouni/auctus/work/kuka_robot/install/lbr_moveit_cpp:/home/khamrouni/auctus/work/kuka_robot/install/lbr_demos_advanced_cpp:/home/khamrouni/auctus/work/kuka_robot/install/lbr_fri_ros2:/home/khamrouni/auctus/work/kuka_robot/install/lbr_fri_idl:/home/khamrouni/auctus/work/kuka_robot/install/iiwa7_moveit_config:/home/khamrouni/auctus/work/kuka_robot/install/iiwa14_moveit_config:/home/khamrouni/auctus/work/kuka_robot/install/lbr_description:/home/khamrouni/auctus/work/kuka_robot/install/fri_client_sdk:/home/khamrouni/ws_moveit/install/pilz_industrial_motion_planner_testutils:/home/khamrouni/ws_moveit/install/moveit_runtime:/home/khamrouni/ws_moveit/install/moveit2_tutorials:/home/khamrouni/ws_moveit/install/moveit:/home/khamrouni/ws_moveit/install/moveit_planners:/home/khamrouni/ws_moveit/install/pilz_industrial_motion_planner:/home/khamrouni/ws_moveit/install/moveit_visual_tools:/home/khamrouni/ws_moveit/install/moveit_task_constructor_visualization:/home/khamrouni/ws_moveit/install/moveit_task_constructor_demo:/home/khamrouni/ws_moveit/install/moveit_task_constructor_capabilities:/home/khamrouni/ws_moveit/install/moveit_task_constructor_core:/home/khamrouni/ws_moveit/install/moveit_ros_control_interface:/home/khamrouni/ws_moveit/install/moveit_plugins:/home/khamrouni/ws_moveit/install/moveit_simple_controller_manager:/home/khamrouni/ws_moveit/install/moveit_setup_assistant:/home/khamrouni/ws_moveit/install/moveit_setup_srdf_plugins:/home/khamrouni/ws_moveit/install/moveit_setup_core_plugins:/home/khamrouni/ws_moveit/install/moveit_setup_controllers:/home/khamrouni/ws_moveit/install/moveit_setup_app_plugins:/home/khamrouni/ws_moveit/install/moveit_setup_framework:/home/khamrouni/ws_moveit/install/moveit_servo:/home/khamrouni/ws_moveit/install/moveit_ros:/home/khamrouni/ws_moveit/install/moveit_ros_visualization:/home/khamrouni/ws_moveit/install/moveit_hybrid_planning:/home/khamrouni/ws_moveit/install/move_program:/home/khamrouni/ws_moveit/install/hello_moveit:/home/khamrouni/ws_moveit/install/moveit_ros_planning_interface:/home/khamrouni/ws_moveit/install/moveit_ros_benchmarks:/home/khamrouni/ws_moveit/install/moveit_ros_warehouse:/home/khamrouni/ws_moveit/install/moveit_ros_robot_interaction:/home/khamrouni/ws_moveit/install/moveit_ros_perception:/home/khamrouni/ws_moveit/install/moveit_resources_prbt_pg70_support:/home/khamrouni/ws_moveit/install/moveit_resources_prbt_moveit_config:/home/khamrouni/ws_moveit/install/moveit_ros_move_group:/home/khamrouni/ws_moveit/install/moveit_planners_ompl:/home/khamrouni/ws_moveit/install/moveit_ros_planning:/home/khamrouni/ws_moveit/install/moveit_ros_occupancy_map_monitor:/home/khamrouni/ws_moveit/install/moveit_resources_prbt_ikfast_manipulator_plugin:/home/khamrouni/ws_moveit/install/moveit_planners_chomp:/home/khamrouni/ws_moveit/install/moveit_kinematics:/home/khamrouni/ws_moveit/install/moveit_chomp_optimizer_adapter:/home/khamrouni/ws_moveit/install/chomp_motion_planner:/home/khamrouni/ws_moveit/install/moveit_core:/home/khamrouni/ws_moveit/install/srdfdom:/home/khamrouni/ws_moveit/install/rviz_marker_tools:/home/khamrouni/ws_moveit/install/rosparam_shortcuts:/home/khamrouni/ws_moveit/install/moveit_task_constructor_msgs:/home/khamrouni/ws_moveit/install/moveit_resources_prbt_support:/home/khamrouni/ws_moveit/install/moveit_resources:/home/khamrouni/ws_moveit/install/moveit_resources_pr2_description:/home/khamrouni/ws_moveit/install/moveit_resources_panda_moveit_config:/home/khamrouni/ws_moveit/install/moveit_resources_panda_description:/home/khamrouni/ws_moveit/install/moveit_resources_fanuc_moveit_config:/home/khamrouni/ws_moveit/install/moveit_resources_fanuc_description:/home/khamrouni/ws_moveit/install/moveit_common:/home/khamrouni/robot_ws/install/iiwa_description:/home/khamrouni/ros2_ws/install/polygon_base:/home/khamrouni/ros2_ws/install/iiwa_bringup:/home/khamrouni/ros2_ws/install/iiwa_description:/home/khamrouni/ros2_ws/install/examples_rclcpp_minimal_action_client:/home/khamrouni/ros2_ws/install/examples_rclcpp_cbg_executor:/home/khamrouni/ros2_ws/install/examples_rclcpp_async_client:/home/khamrouni/ros2_ws/install/cpp_parameters:/home/khamrouni/auctus/work/kuka_robot/install/lbr_demos_py:/home/khamrouni/auctus/work/kuka_robot/install/lbr_moveit:/home/khamrouni/auctus/work/kuka_robot/install/lbr_demos_advanced_py:/home/khamrouni/ws_moveit/install/moveit_configs_utils:/home/khamrouni/ws_moveit/install/launch_param_builder:/opt/ros/humble LD_LIBRARY_PATH=/home/khamrouni/lbr-stack/src/lbr_fri_ros2_stack/install/lbr_ros2_control/lib:/home/khamrouni/lbr-stack/src/lbr_fri_ros2_stack/install/lbr_fri_ros2/lib:${LD_LIBRARY_PATH} PYTHONPATH=/home/khamrouni/lbr-stack/src/lbr_fri_ros2_stack/install/lbr_bringup/local/lib/python3.10/dist-packages:${PYTHONPATH} /usr/bin/cmake --build /home/khamrouni/lbr-stack/src/lbr_fri_ros2_stack/build/lbr_demos_cpp -- -j8 -l8
[134.485s] DEBUG:colcon.colcon_core.event_handler.log_command:Invoking command in '/home/khamrouni/lbr-stack/src/lbr_fri_ros2_stack/build/lbr_demos_cpp': AMENT_PREFIX_PATH=/home/khamrouni/lbr-stack/src/lbr_fri_ros2_stack/install/lbr_bringup:/home/khamrouni/lbr-stack/src/lbr_fri_ros2_stack/install/lbr_ros2_control:/home/khamrouni/lbr-stack/src/lbr_fri_ros2_stack/install/lbr_fri_ros2:/home/khamrouni/lbr-stack/src/lbr_fri_ros2_stack/install/lbr_description:${AMENT_PREFIX_PATH} CMAKE_PREFIX_PATH=/home/khamrouni/lbr-stack/src/lbr_fri_ros2_stack/install/lbr_bringup:/home/khamrouni/lbr-stack/src/lbr_fri_ros2_stack/install/lbr_ros2_control:/home/khamrouni/lbr-stack/src/lbr_fri_ros2_stack/install/lbr_fri_ros2:/home/khamrouni/lbr-stack/src/lbr_fri_ros2_stack/install/lbr_description:/home/khamrouni/auctus/work/kuka_robot/install/velocity_controller:/home/khamrouni/auctus/work/kuka_robot/install/med7_moveit_config:/home/khamrouni/auctus/work/kuka_robot/install/med14_moveit_config:/home/khamrouni/auctus/work/kuka_robot/install/lbr_fri_ros2_stack:/home/khamrouni/auctus/work/kuka_robot/install/lbr_demos_cpp:/home/khamrouni/auctus/work/kuka_robot/install/lbr_bringup:/home/khamrouni/auctus/work/kuka_robot/install/lbr_ros2_control:/home/khamrouni/auctus/work/kuka_robot/install/lbr_moveit_cpp:/home/khamrouni/auctus/work/kuka_robot/install/lbr_demos_advanced_cpp:/home/khamrouni/auctus/work/kuka_robot/install/lbr_fri_ros2:/home/khamrouni/auctus/work/kuka_robot/install/lbr_fri_idl:/home/khamrouni/auctus/work/kuka_robot/install/iiwa7_moveit_config:/home/khamrouni/auctus/work/kuka_robot/install/iiwa14_moveit_config:/home/khamrouni/auctus/work/kuka_robot/install/lbr_description:/home/khamrouni/auctus/work/kuka_robot/install/fri_client_sdk:/home/khamrouni/ws_moveit/install/pilz_industrial_motion_planner_testutils:/home/khamrouni/ws_moveit/install/moveit_runtime:/home/khamrouni/ws_moveit/install/moveit2_tutorials:/home/khamrouni/ws_moveit/install/moveit:/home/khamrouni/ws_moveit/install/moveit_planners:/home/khamrouni/ws_moveit/install/pilz_industrial_motion_planner:/home/khamrouni/ws_moveit/install/moveit_visual_tools:/home/khamrouni/ws_moveit/install/moveit_task_constructor_visualization:/home/khamrouni/ws_moveit/install/moveit_task_constructor_demo:/home/khamrouni/ws_moveit/install/moveit_task_constructor_capabilities:/home/khamrouni/ws_moveit/install/moveit_task_constructor_core:/home/khamrouni/ws_moveit/install/moveit_ros_control_interface:/home/khamrouni/ws_moveit/install/moveit_plugins:/home/khamrouni/ws_moveit/install/moveit_simple_controller_manager:/home/khamrouni/ws_moveit/install/moveit_setup_assistant:/home/khamrouni/ws_moveit/install/moveit_setup_srdf_plugins:/home/khamrouni/ws_moveit/install/moveit_setup_core_plugins:/home/khamrouni/ws_moveit/install/moveit_setup_controllers:/home/khamrouni/ws_moveit/install/moveit_setup_app_plugins:/home/khamrouni/ws_moveit/install/moveit_setup_framework:/home/khamrouni/ws_moveit/install/moveit_servo:/home/khamrouni/ws_moveit/install/moveit_ros:/home/khamrouni/ws_moveit/install/moveit_ros_visualization:/home/khamrouni/ws_moveit/install/moveit_hybrid_planning:/home/khamrouni/ws_moveit/install/move_program:/home/khamrouni/ws_moveit/install/hello_moveit:/home/khamrouni/ws_moveit/install/moveit_ros_planning_interface:/home/khamrouni/ws_moveit/install/moveit_ros_benchmarks:/home/khamrouni/ws_moveit/install/moveit_ros_warehouse:/home/khamrouni/ws_moveit/install/moveit_ros_robot_interaction:/home/khamrouni/ws_moveit/install/moveit_ros_perception:/home/khamrouni/ws_moveit/install/moveit_resources_prbt_pg70_support:/home/khamrouni/ws_moveit/install/moveit_resources_prbt_moveit_config:/home/khamrouni/ws_moveit/install/moveit_ros_move_group:/home/khamrouni/ws_moveit/install/moveit_planners_ompl:/home/khamrouni/ws_moveit/install/moveit_ros_planning:/home/khamrouni/ws_moveit/install/moveit_ros_occupancy_map_monitor:/home/khamrouni/ws_moveit/install/moveit_resources_prbt_ikfast_manipulator_plugin:/home/khamrouni/ws_moveit/install/moveit_planners_chomp:/home/khamrouni/ws_moveit/install/moveit_kinematics:/home/khamrouni/ws_moveit/install/moveit_chomp_optimizer_adapter:/home/khamrouni/ws_moveit/install/chomp_motion_planner:/home/khamrouni/ws_moveit/install/moveit_core:/home/khamrouni/ws_moveit/install/srdfdom:/home/khamrouni/ws_moveit/install/rviz_marker_tools:/home/khamrouni/ws_moveit/install/rosparam_shortcuts:/home/khamrouni/ws_moveit/install/moveit_task_constructor_msgs:/home/khamrouni/ws_moveit/install/moveit_resources_prbt_support:/home/khamrouni/ws_moveit/install/moveit_resources:/home/khamrouni/ws_moveit/install/moveit_resources_pr2_description:/home/khamrouni/ws_moveit/install/moveit_resources_panda_moveit_config:/home/khamrouni/ws_moveit/install/moveit_resources_panda_description:/home/khamrouni/ws_moveit/install/moveit_resources_fanuc_moveit_config:/home/khamrouni/ws_moveit/install/moveit_resources_fanuc_description:/home/khamrouni/ws_moveit/install/moveit_common:/home/khamrouni/robot_ws/install/iiwa_description:/home/khamrouni/ros2_ws/install/polygon_base:/home/khamrouni/ros2_ws/install/iiwa_bringup:/home/khamrouni/ros2_ws/install/iiwa_description:/home/khamrouni/ros2_ws/install/examples_rclcpp_minimal_action_client:/home/khamrouni/ros2_ws/install/examples_rclcpp_cbg_executor:/home/khamrouni/ros2_ws/install/examples_rclcpp_async_client:/home/khamrouni/ros2_ws/install/cpp_parameters:/home/khamrouni/auctus/work/kuka_robot/install/lbr_demos_py:/home/khamrouni/auctus/work/kuka_robot/install/lbr_moveit:/home/khamrouni/auctus/work/kuka_robot/install/lbr_demos_advanced_py:/home/khamrouni/ws_moveit/install/moveit_configs_utils:/home/khamrouni/ws_moveit/install/launch_param_builder:/opt/ros/humble LD_LIBRARY_PATH=/home/khamrouni/lbr-stack/src/lbr_fri_ros2_stack/install/lbr_ros2_control/lib:/home/khamrouni/lbr-stack/src/lbr_fri_ros2_stack/install/lbr_fri_ros2/lib:${LD_LIBRARY_PATH} PYTHONPATH=/home/khamrouni/lbr-stack/src/lbr_fri_ros2_stack/install/lbr_bringup/local/lib/python3.10/dist-packages:${PYTHONPATH} /usr/bin/cmake --install /home/khamrouni/lbr-stack/src/lbr_fri_ros2_stack/build/lbr_demos_cpp
[134.513s] Level 1:colcon.colcon_core.environment:create_environment_scripts_only(lbr_demos_cpp)
[134.513s] Level 1:colcon.colcon_core.environment:checking '/home/khamrouni/lbr-stack/src/lbr_fri_ros2_stack/install/lbr_demos_cpp' for CMake module files
[134.515s] DEBUG:colcon.colcon_core.event_handler.log_command:Invoked command in '/home/khamrouni/lbr-stack/src/lbr_fri_ros2_stack/build/lbr_demos_cpp' returned '0': AMENT_PREFIX_PATH=/home/khamrouni/lbr-stack/src/lbr_fri_ros2_stack/install/lbr_bringup:/home/khamrouni/lbr-stack/src/lbr_fri_ros2_stack/install/lbr_ros2_control:/home/khamrouni/lbr-stack/src/lbr_fri_ros2_stack/install/lbr_fri_ros2:/home/khamrouni/lbr-stack/src/lbr_fri_ros2_stack/install/lbr_description:${AMENT_PREFIX_PATH} CMAKE_PREFIX_PATH=/home/khamrouni/lbr-stack/src/lbr_fri_ros2_stack/install/lbr_bringup:/home/khamrouni/lbr-stack/src/lbr_fri_ros2_stack/install/lbr_ros2_control:/home/khamrouni/lbr-stack/src/lbr_fri_ros2_stack/install/lbr_fri_ros2:/home/khamrouni/lbr-stack/src/lbr_fri_ros2_stack/install/lbr_description:/home/khamrouni/auctus/work/kuka_robot/install/velocity_controller:/home/khamrouni/auctus/work/kuka_robot/install/med7_moveit_config:/home/khamrouni/auctus/work/kuka_robot/install/med14_moveit_config:/home/khamrouni/auctus/work/kuka_robot/install/lbr_fri_ros2_stack:/home/khamrouni/auctus/work/kuka_robot/install/lbr_demos_cpp:/home/khamrouni/auctus/work/kuka_robot/install/lbr_bringup:/home/khamrouni/auctus/work/kuka_robot/install/lbr_ros2_control:/home/khamrouni/auctus/work/kuka_robot/install/lbr_moveit_cpp:/home/khamrouni/auctus/work/kuka_robot/install/lbr_demos_advanced_cpp:/home/khamrouni/auctus/work/kuka_robot/install/lbr_fri_ros2:/home/khamrouni/auctus/work/kuka_robot/install/lbr_fri_idl:/home/khamrouni/auctus/work/kuka_robot/install/iiwa7_moveit_config:/home/khamrouni/auctus/work/kuka_robot/install/iiwa14_moveit_config:/home/khamrouni/auctus/work/kuka_robot/install/lbr_description:/home/khamrouni/auctus/work/kuka_robot/install/fri_client_sdk:/home/khamrouni/ws_moveit/install/pilz_industrial_motion_planner_testutils:/home/khamrouni/ws_moveit/install/moveit_runtime:/home/khamrouni/ws_moveit/install/moveit2_tutorials:/home/khamrouni/ws_moveit/install/moveit:/home/khamrouni/ws_moveit/install/moveit_planners:/home/khamrouni/ws_moveit/install/pilz_industrial_motion_planner:/home/khamrouni/ws_moveit/install/moveit_visual_tools:/home/khamrouni/ws_moveit/install/moveit_task_constructor_visualization:/home/khamrouni/ws_moveit/install/moveit_task_constructor_demo:/home/khamrouni/ws_moveit/install/moveit_task_constructor_capabilities:/home/khamrouni/ws_moveit/install/moveit_task_constructor_core:/home/khamrouni/ws_moveit/install/moveit_ros_control_interface:/home/khamrouni/ws_moveit/install/moveit_plugins:/home/khamrouni/ws_moveit/install/moveit_simple_controller_manager:/home/khamrouni/ws_moveit/install/moveit_setup_assistant:/home/khamrouni/ws_moveit/install/moveit_setup_srdf_plugins:/home/khamrouni/ws_moveit/install/moveit_setup_core_plugins:/home/khamrouni/ws_moveit/install/moveit_setup_controllers:/home/khamrouni/ws_moveit/install/moveit_setup_app_plugins:/home/khamrouni/ws_moveit/install/moveit_setup_framework:/home/khamrouni/ws_moveit/install/moveit_servo:/home/khamrouni/ws_moveit/install/moveit_ros:/home/khamrouni/ws_moveit/install/moveit_ros_visualization:/home/khamrouni/ws_moveit/install/moveit_hybrid_planning:/home/khamrouni/ws_moveit/install/move_program:/home/khamrouni/ws_moveit/install/hello_moveit:/home/khamrouni/ws_moveit/install/moveit_ros_planning_interface:/home/khamrouni/ws_moveit/install/moveit_ros_benchmarks:/home/khamrouni/ws_moveit/install/moveit_ros_warehouse:/home/khamrouni/ws_moveit/install/moveit_ros_robot_interaction:/home/khamrouni/ws_moveit/install/moveit_ros_perception:/home/khamrouni/ws_moveit/install/moveit_resources_prbt_pg70_support:/home/khamrouni/ws_moveit/install/moveit_resources_prbt_moveit_config:/home/khamrouni/ws_moveit/install/moveit_ros_move_group:/home/khamrouni/ws_moveit/install/moveit_planners_ompl:/home/khamrouni/ws_moveit/install/moveit_ros_planning:/home/khamrouni/ws_moveit/install/moveit_ros_occupancy_map_monitor:/home/khamrouni/ws_moveit/install/moveit_resources_prbt_ikfast_manipulator_plugin:/home/khamrouni/ws_moveit/install/moveit_planners_chomp:/home/khamrouni/ws_moveit/install/moveit_kinematics:/home/khamrouni/ws_moveit/install/moveit_chomp_optimizer_adapter:/home/khamrouni/ws_moveit/install/chomp_motion_planner:/home/khamrouni/ws_moveit/install/moveit_core:/home/khamrouni/ws_moveit/install/srdfdom:/home/khamrouni/ws_moveit/install/rviz_marker_tools:/home/khamrouni/ws_moveit/install/rosparam_shortcuts:/home/khamrouni/ws_moveit/install/moveit_task_constructor_msgs:/home/khamrouni/ws_moveit/install/moveit_resources_prbt_support:/home/khamrouni/ws_moveit/install/moveit_resources:/home/khamrouni/ws_moveit/install/moveit_resources_pr2_description:/home/khamrouni/ws_moveit/install/moveit_resources_panda_moveit_config:/home/khamrouni/ws_moveit/install/moveit_resources_panda_description:/home/khamrouni/ws_moveit/install/moveit_resources_fanuc_moveit_config:/home/khamrouni/ws_moveit/install/moveit_resources_fanuc_description:/home/khamrouni/ws_moveit/install/moveit_common:/home/khamrouni/robot_ws/install/iiwa_description:/home/khamrouni/ros2_ws/install/polygon_base:/home/khamrouni/ros2_ws/install/iiwa_bringup:/home/khamrouni/ros2_ws/install/iiwa_description:/home/khamrouni/ros2_ws/install/examples_rclcpp_minimal_action_client:/home/khamrouni/ros2_ws/install/examples_rclcpp_cbg_executor:/home/khamrouni/ros2_ws/install/examples_rclcpp_async_client:/home/khamrouni/ros2_ws/install/cpp_parameters:/home/khamrouni/auctus/work/kuka_robot/install/lbr_demos_py:/home/khamrouni/auctus/work/kuka_robot/install/lbr_moveit:/home/khamrouni/auctus/work/kuka_robot/install/lbr_demos_advanced_py:/home/khamrouni/ws_moveit/install/moveit_configs_utils:/home/khamrouni/ws_moveit/install/launch_param_builder:/opt/ros/humble LD_LIBRARY_PATH=/home/khamrouni/lbr-stack/src/lbr_fri_ros2_stack/install/lbr_ros2_control/lib:/home/khamrouni/lbr-stack/src/lbr_fri_ros2_stack/install/lbr_fri_ros2/lib:${LD_LIBRARY_PATH} PYTHONPATH=/home/khamrouni/lbr-stack/src/lbr_fri_ros2_stack/install/lbr_bringup/local/lib/python3.10/dist-packages:${PYTHONPATH} /usr/bin/cmake --install /home/khamrouni/lbr-stack/src/lbr_fri_ros2_stack/build/lbr_demos_cpp
[134.515s] Level 1:colcon.colcon_core.environment:checking '/home/khamrouni/lbr-stack/src/lbr_fri_ros2_stack/install/lbr_demos_cpp' for CMake config files
[134.516s] Level 1:colcon.colcon_core.shell:create_environment_hook('lbr_demos_cpp', 'cmake_prefix_path')
[134.516s] INFO:colcon.colcon_core.shell:Creating environment hook '/home/khamrouni/lbr-stack/src/lbr_fri_ros2_stack/install/lbr_demos_cpp/share/lbr_demos_cpp/hook/cmake_prefix_path.ps1'
[134.517s] INFO:colcon.colcon_core.shell:Creating environment descriptor '/home/khamrouni/lbr-stack/src/lbr_fri_ros2_stack/install/lbr_demos_cpp/share/lbr_demos_cpp/hook/cmake_prefix_path.dsv'
[134.518s] INFO:colcon.colcon_core.shell:Creating environment hook '/home/khamrouni/lbr-stack/src/lbr_fri_ros2_stack/install/lbr_demos_cpp/share/lbr_demos_cpp/hook/cmake_prefix_path.sh'
[134.519s] Level 1:colcon.colcon_core.environment:checking '/home/khamrouni/lbr-stack/src/lbr_fri_ros2_stack/install/lbr_demos_cpp/lib'
[134.519s] Level 1:colcon.colcon_core.environment:checking '/home/khamrouni/lbr-stack/src/lbr_fri_ros2_stack/install/lbr_demos_cpp/bin'
[134.519s] Level 1:colcon.colcon_core.environment:checking '/home/khamrouni/lbr-stack/src/lbr_fri_ros2_stack/install/lbr_demos_cpp/lib/pkgconfig/lbr_demos_cpp.pc'
[134.520s] Level 1:colcon.colcon_core.environment:checking '/home/khamrouni/lbr-stack/src/lbr_fri_ros2_stack/install/lbr_demos_cpp/lib/python3.10/site-packages'
[134.520s] Level 1:colcon.colcon_core.environment:checking '/home/khamrouni/lbr-stack/src/lbr_fri_ros2_stack/install/lbr_demos_cpp/bin'
[134.521s] INFO:colcon.colcon_core.shell:Creating package script '/home/khamrouni/lbr-stack/src/lbr_fri_ros2_stack/install/lbr_demos_cpp/share/lbr_demos_cpp/package.ps1'
[134.522s] INFO:colcon.colcon_core.shell:Creating package descriptor '/home/khamrouni/lbr-stack/src/lbr_fri_ros2_stack/install/lbr_demos_cpp/share/lbr_demos_cpp/package.dsv'
[134.522s] INFO:colcon.colcon_core.shell:Creating package script '/home/khamrouni/lbr-stack/src/lbr_fri_ros2_stack/install/lbr_demos_cpp/share/lbr_demos_cpp/package.sh'
[134.523s] INFO:colcon.colcon_core.shell:Creating package script '/home/khamrouni/lbr-stack/src/lbr_fri_ros2_stack/install/lbr_demos_cpp/share/lbr_demos_cpp/package.bash'
[134.523s] INFO:colcon.colcon_core.shell:Creating package script '/home/khamrouni/lbr-stack/src/lbr_fri_ros2_stack/install/lbr_demos_cpp/share/lbr_demos_cpp/package.zsh'
[134.524s] Level 1:colcon.colcon_core.environment:create_file_with_runtime_dependencies(/home/khamrouni/lbr-stack/src/lbr_fri_ros2_stack/install/lbr_demos_cpp/share/colcon-core/packages/lbr_demos_cpp)
[134.525s] Level 1:colcon.colcon_core.environment:create_environment_scripts_only(lbr_demos_cpp)
[134.525s] Level 1:colcon.colcon_core.environment:checking '/home/khamrouni/lbr-stack/src/lbr_fri_ros2_stack/install/lbr_demos_cpp' for CMake module files
[134.526s] Level 1:colcon.colcon_core.environment:checking '/home/khamrouni/lbr-stack/src/lbr_fri_ros2_stack/install/lbr_demos_cpp' for CMake config files
[134.527s] Level 1:colcon.colcon_core.shell:create_environment_hook('lbr_demos_cpp', 'cmake_prefix_path')
[134.527s] INFO:colcon.colcon_core.shell:Creating environment hook '/home/khamrouni/lbr-stack/src/lbr_fri_ros2_stack/install/lbr_demos_cpp/share/lbr_demos_cpp/hook/cmake_prefix_path.ps1'
[134.528s] INFO:colcon.colcon_core.shell:Creating environment descriptor '/home/khamrouni/lbr-stack/src/lbr_fri_ros2_stack/install/lbr_demos_cpp/share/lbr_demos_cpp/hook/cmake_prefix_path.dsv'
[134.529s] INFO:colcon.colcon_core.shell:Creating environment hook '/home/khamrouni/lbr-stack/src/lbr_fri_ros2_stack/install/lbr_demos_cpp/share/lbr_demos_cpp/hook/cmake_prefix_path.sh'
[134.530s] Level 1:colcon.colcon_core.environment:checking '/home/khamrouni/lbr-stack/src/lbr_fri_ros2_stack/install/lbr_demos_cpp/lib'
[134.530s] Level 1:colcon.colcon_core.environment:checking '/home/khamrouni/lbr-stack/src/lbr_fri_ros2_stack/install/lbr_demos_cpp/bin'
[134.530s] Level 1:colcon.colcon_core.environment:checking '/home/khamrouni/lbr-stack/src/lbr_fri_ros2_stack/install/lbr_demos_cpp/lib/pkgconfig/lbr_demos_cpp.pc'
[134.531s] Level 1:colcon.colcon_core.environment:checking '/home/khamrouni/lbr-stack/src/lbr_fri_ros2_stack/install/lbr_demos_cpp/lib/python3.10/site-packages'
[134.531s] Level 1:colcon.colcon_core.environment:checking '/home/khamrouni/lbr-stack/src/lbr_fri_ros2_stack/install/lbr_demos_cpp/bin'
[134.532s] INFO:colcon.colcon_core.shell:Creating package script '/home/khamrouni/lbr-stack/src/lbr_fri_ros2_stack/install/lbr_demos_cpp/share/lbr_demos_cpp/package.ps1'
[134.533s] INFO:colcon.colcon_core.shell:Creating package descriptor '/home/khamrouni/lbr-stack/src/lbr_fri_ros2_stack/install/lbr_demos_cpp/share/lbr_demos_cpp/package.dsv'
[134.534s] INFO:colcon.colcon_core.shell:Creating package script '/home/khamrouni/lbr-stack/src/lbr_fri_ros2_stack/install/lbr_demos_cpp/share/lbr_demos_cpp/package.sh'
[134.535s] INFO:colcon.colcon_core.shell:Creating package script '/home/khamrouni/lbr-stack/src/lbr_fri_ros2_stack/install/lbr_demos_cpp/share/lbr_demos_cpp/package.bash'
[134.536s] INFO:colcon.colcon_core.shell:Creating package script '/home/khamrouni/lbr-stack/src/lbr_fri_ros2_stack/install/lbr_demos_cpp/share/lbr_demos_cpp/package.zsh'
[134.537s] Level 1:colcon.colcon_core.environment:create_file_with_runtime_dependencies(/home/khamrouni/lbr-stack/src/lbr_fri_ros2_stack/install/lbr_demos_cpp/share/colcon-core/packages/lbr_demos_cpp)
[134.537s] DEBUG:colcon.colcon_parallel_executor.executor.parallel:closing loop
[134.538s] DEBUG:colcon.colcon_parallel_executor.executor.parallel:loop closed
[134.538s] DEBUG:colcon.colcon_parallel_executor.executor.parallel:run_until_complete finished with '0'
[134.538s] DEBUG:colcon.colcon_core.event_reactor:joining thread
[134.553s] INFO:colcon.colcon_core.plugin_system:Skipping extension 'colcon_notification.desktop_notification.terminal_notifier': Not used on non-Darwin systems
[134.553s] INFO:colcon.colcon_core.plugin_system:Skipping extension 'colcon_notification.desktop_notification.win32': Not used on non-Windows systems
[134.553s] INFO:colcon.colcon_notification.desktop_notification:Sending desktop notification using 'notify2'
[134.574s] DEBUG:colcon.colcon_core.event_reactor:joined thread
[134.574s] INFO:colcon.colcon_core.shell:Creating prefix script '/home/khamrouni/lbr-stack/src/lbr_fri_ros2_stack/install/local_setup.ps1'
[134.576s] INFO:colcon.colcon_core.shell:Creating prefix util module '/home/khamrouni/lbr-stack/src/lbr_fri_ros2_stack/install/_local_setup_util_ps1.py'
[134.579s] INFO:colcon.colcon_core.shell:Creating prefix chain script '/home/khamrouni/lbr-stack/src/lbr_fri_ros2_stack/install/setup.ps1'
[134.586s] INFO:colcon.colcon_core.shell:Creating prefix script '/home/khamrouni/lbr-stack/src/lbr_fri_ros2_stack/install/local_setup.sh'
[134.587s] INFO:colcon.colcon_core.shell:Creating prefix util module '/home/khamrouni/lbr-stack/src/lbr_fri_ros2_stack/install/_local_setup_util_sh.py'
[134.588s] INFO:colcon.colcon_core.shell:Creating prefix chain script '/home/khamrouni/lbr-stack/src/lbr_fri_ros2_stack/install/setup.sh'
[134.599s] INFO:colcon.colcon_core.shell:Creating prefix script '/home/khamrouni/lbr-stack/src/lbr_fri_ros2_stack/install/local_setup.bash'
[134.600s] INFO:colcon.colcon_core.shell:Creating prefix chain script '/home/khamrouni/lbr-stack/src/lbr_fri_ros2_stack/install/setup.bash'
[134.611s] INFO:colcon.colcon_core.shell:Creating prefix script '/home/khamrouni/lbr-stack/src/lbr_fri_ros2_stack/install/local_setup.zsh'
[134.613s] INFO:colcon.colcon_core.shell:Creating prefix chain script '/home/khamrouni/lbr-stack/src/lbr_fri_ros2_stack/install/setup.zsh'
