[0.228s] DEBUG:colcon:Command line arguments: ['/usr/bin/colcon', 'build']
[0.229s] DEBUG:colcon:Parsed command line arguments: Namespace(log_base=None, log_level=None, verb_name='build', build_base='build', install_base='install', merge_install=False, symlink_install=False, test_result_base=None, continue_on_error=False, executor='parallel', parallel_workers=8, event_handlers=None, ignore_user_meta=False, metas=['./colcon.meta'], base_paths=['.'], packages_ignore=None, packages_ignore_regex=None, paths=None, packages_up_to=None, packages_up_to_regex=None, packages_above=None, packages_above_and_dependencies=None, packages_above_depth=None, packages_select_by_dep=None, packages_skip_by_dep=None, packages_skip_up_to=None, packages_select_build_failed=False, packages_skip_build_finished=False, packages_select_test_failures=False, packages_skip_test_passed=False, packages_select=None, packages_skip=None, packages_select_regex=None, packages_skip_regex=None, packages_start=None, packages_end=None, allow_overriding=[], cmake_args=None, cmake_target=None, cmake_target_skip_unavailable=False, cmake_clean_cache=False, cmake_clean_first=False, cmake_force_configure=False, ament_cmake_args=None, catkin_cmake_args=None, catkin_skip_building_tests=False, mixin_files=None, mixin=None, verb_parser=<colcon_mixin.mixin.mixin_argument.MixinArgumentDecorator object at 0x7596b80900a0>, verb_extension=<colcon_core.verb.build.BuildVerb object at 0x7596b80576a0>, main=<bound method BuildVerb.main of <colcon_core.verb.build.BuildVerb object at 0x7596b80576a0>>, mixin_verb=('build',))
[0.580s] Level 1:colcon.colcon_core.package_discovery:discover_packages(colcon_meta) check parameters
[0.580s] Level 1:colcon.colcon_core.package_discovery:discover_packages(recursive) check parameters
[0.580s] Level 1:colcon.colcon_core.package_discovery:discover_packages(ignore) check parameters
[0.580s] Level 1:colcon.colcon_core.package_discovery:discover_packages(path) check parameters
[0.580s] Level 1:colcon.colcon_core.package_discovery:discover_packages(colcon_meta) discover
[0.581s] Level 1:colcon.colcon_core.package_discovery:discover_packages(recursive) discover
[0.581s] INFO:colcon.colcon_core.package_discovery:Crawling recursively for packages in '/home/khamrouni/lbr-stack/src/lbr_fri_ros2_stack'
[0.581s] Level 1:colcon.colcon_core.package_identification:_identify(.) by extensions ['ignore', 'ignore_ament_install']
[0.581s] Level 1:colcon.colcon_core.package_identification:_identify(.) by extension 'ignore'
[0.581s] Level 1:colcon.colcon_core.package_identification:_identify(.) by extension 'ignore_ament_install'
[0.581s] Level 1:colcon.colcon_core.package_identification:_identify(.) by extensions ['colcon_pkg']
[0.581s] Level 1:colcon.colcon_core.package_identification:_identify(.) by extension 'colcon_pkg'
[0.581s] Level 1:colcon.colcon_core.package_identification:_identify(.) by extensions ['colcon_meta']
[0.581s] Level 1:colcon.colcon_core.package_identification:_identify(.) by extension 'colcon_meta'
[0.581s] Level 1:colcon.colcon_core.package_identification:_identify(.) by extensions ['ros']
[0.582s] Level 1:colcon.colcon_core.package_identification:_identify(.) by extension 'ros'
[0.613s] Level 1:colcon.colcon_core.package_identification:_identify(.) by extensions ['cmake', 'python']
[0.613s] Level 1:colcon.colcon_core.package_identification:_identify(.) by extension 'cmake'
[0.613s] Level 1:colcon.colcon_core.package_identification:_identify(.) by extension 'python'
[0.613s] Level 1:colcon.colcon_core.package_identification:_identify(.) by extensions ['python_setup_py']
[0.613s] Level 1:colcon.colcon_core.package_identification:_identify(.) by extension 'python_setup_py'
[0.613s] Level 1:colcon.colcon_core.package_identification:_identify(build) by extensions ['ignore', 'ignore_ament_install']
[0.613s] Level 1:colcon.colcon_core.package_identification:_identify(build) by extension 'ignore'
[0.613s] Level 1:colcon.colcon_core.package_identification:_identify(build) ignored
[0.614s] Level 1:colcon.colcon_core.package_identification:_identify(docker) by extensions ['ignore', 'ignore_ament_install']
[0.614s] Level 1:colcon.colcon_core.package_identification:_identify(docker) by extension 'ignore'
[0.614s] Level 1:colcon.colcon_core.package_identification:_identify(docker) by extension 'ignore_ament_install'
[0.614s] Level 1:colcon.colcon_core.package_identification:_identify(docker) by extensions ['colcon_pkg']
[0.614s] Level 1:colcon.colcon_core.package_identification:_identify(docker) by extension 'colcon_pkg'
[0.614s] Level 1:colcon.colcon_core.package_identification:_identify(docker) by extensions ['colcon_meta']
[0.614s] Level 1:colcon.colcon_core.package_identification:_identify(docker) by extension 'colcon_meta'
[0.614s] Level 1:colcon.colcon_core.package_identification:_identify(docker) by extensions ['ros']
[0.614s] Level 1:colcon.colcon_core.package_identification:_identify(docker) by extension 'ros'
[0.614s] Level 1:colcon.colcon_core.package_identification:_identify(docker) by extensions ['cmake', 'python']
[0.615s] Level 1:colcon.colcon_core.package_identification:_identify(docker) by extension 'cmake'
[0.615s] Level 1:colcon.colcon_core.package_identification:_identify(docker) by extension 'python'
[0.615s] Level 1:colcon.colcon_core.package_identification:_identify(docker) by extensions ['python_setup_py']
[0.615s] Level 1:colcon.colcon_core.package_identification:_identify(docker) by extension 'python_setup_py'
[0.615s] Level 1:colcon.colcon_core.package_identification:_identify(docker/doc) by extensions ['ignore', 'ignore_ament_install']
[0.615s] Level 1:colcon.colcon_core.package_identification:_identify(docker/doc) by extension 'ignore'
[0.615s] Level 1:colcon.colcon_core.package_identification:_identify(docker/doc) by extension 'ignore_ament_install'
[0.615s] Level 1:colcon.colcon_core.package_identification:_identify(docker/doc) by extensions ['colcon_pkg']
[0.615s] Level 1:colcon.colcon_core.package_identification:_identify(docker/doc) by extension 'colcon_pkg'
[0.615s] Level 1:colcon.colcon_core.package_identification:_identify(docker/doc) by extensions ['colcon_meta']
[0.615s] Level 1:colcon.colcon_core.package_identification:_identify(docker/doc) by extension 'colcon_meta'
[0.615s] Level 1:colcon.colcon_core.package_identification:_identify(docker/doc) by extensions ['ros']
[0.616s] Level 1:colcon.colcon_core.package_identification:_identify(docker/doc) by extension 'ros'
[0.616s] Level 1:colcon.colcon_core.package_identification:_identify(docker/doc) by extensions ['cmake', 'python']
[0.616s] Level 1:colcon.colcon_core.package_identification:_identify(docker/doc) by extension 'cmake'
[0.616s] Level 1:colcon.colcon_core.package_identification:_identify(docker/doc) by extension 'python'
[0.616s] Level 1:colcon.colcon_core.package_identification:_identify(docker/doc) by extensions ['python_setup_py']
[0.616s] Level 1:colcon.colcon_core.package_identification:_identify(docker/doc) by extension 'python_setup_py'
[0.616s] Level 1:colcon.colcon_core.package_identification:_identify(install) by extensions ['ignore', 'ignore_ament_install']
[0.616s] Level 1:colcon.colcon_core.package_identification:_identify(install) by extension 'ignore'
[0.616s] Level 1:colcon.colcon_core.package_identification:_identify(install) ignored
[0.617s] Level 1:colcon.colcon_core.package_identification:_identify(lbr_bringup) by extensions ['ignore', 'ignore_ament_install']
[0.617s] Level 1:colcon.colcon_core.package_identification:_identify(lbr_bringup) by extension 'ignore'
[0.617s] Level 1:colcon.colcon_core.package_identification:_identify(lbr_bringup) by extension 'ignore_ament_install'
[0.617s] Level 1:colcon.colcon_core.package_identification:_identify(lbr_bringup) by extensions ['colcon_pkg']
[0.617s] Level 1:colcon.colcon_core.package_identification:_identify(lbr_bringup) by extension 'colcon_pkg'
[0.617s] Level 1:colcon.colcon_core.package_identification:_identify(lbr_bringup) by extensions ['colcon_meta']
[0.617s] Level 1:colcon.colcon_core.package_identification:_identify(lbr_bringup) by extension 'colcon_meta'
[0.617s] Level 1:colcon.colcon_core.package_identification:_identify(lbr_bringup) by extensions ['ros']
[0.617s] Level 1:colcon.colcon_core.package_identification:_identify(lbr_bringup) by extension 'ros'
[0.622s] DEBUG:colcon.colcon_core.package_identification:Package 'lbr_bringup' with type 'ros.ament_cmake' and name 'lbr_bringup'
[0.622s] Level 1:colcon.colcon_core.package_identification:_identify(lbr_demos) by extensions ['ignore', 'ignore_ament_install']
[0.622s] Level 1:colcon.colcon_core.package_identification:_identify(lbr_demos) by extension 'ignore'
[0.622s] Level 1:colcon.colcon_core.package_identification:_identify(lbr_demos) by extension 'ignore_ament_install'
[0.622s] Level 1:colcon.colcon_core.package_identification:_identify(lbr_demos) by extensions ['colcon_pkg']
[0.622s] Level 1:colcon.colcon_core.package_identification:_identify(lbr_demos) by extension 'colcon_pkg'
[0.622s] Level 1:colcon.colcon_core.package_identification:_identify(lbr_demos) by extensions ['colcon_meta']
[0.622s] Level 1:colcon.colcon_core.package_identification:_identify(lbr_demos) by extension 'colcon_meta'
[0.623s] Level 1:colcon.colcon_core.package_identification:_identify(lbr_demos) by extensions ['ros']
[0.623s] Level 1:colcon.colcon_core.package_identification:_identify(lbr_demos) by extension 'ros'
[0.623s] Level 1:colcon.colcon_core.package_identification:_identify(lbr_demos) by extensions ['cmake', 'python']
[0.623s] Level 1:colcon.colcon_core.package_identification:_identify(lbr_demos) by extension 'cmake'
[0.623s] Level 1:colcon.colcon_core.package_identification:_identify(lbr_demos) by extension 'python'
[0.623s] Level 1:colcon.colcon_core.package_identification:_identify(lbr_demos) by extensions ['python_setup_py']
[0.623s] Level 1:colcon.colcon_core.package_identification:_identify(lbr_demos) by extension 'python_setup_py'
[0.623s] Level 1:colcon.colcon_core.package_identification:_identify(lbr_demos/doc) by extensions ['ignore', 'ignore_ament_install']
[0.623s] Level 1:colcon.colcon_core.package_identification:_identify(lbr_demos/doc) by extension 'ignore'
[0.623s] Level 1:colcon.colcon_core.package_identification:_identify(lbr_demos/doc) by extension 'ignore_ament_install'
[0.624s] Level 1:colcon.colcon_core.package_identification:_identify(lbr_demos/doc) by extensions ['colcon_pkg']
[0.624s] Level 1:colcon.colcon_core.package_identification:_identify(lbr_demos/doc) by extension 'colcon_pkg'
[0.624s] Level 1:colcon.colcon_core.package_identification:_identify(lbr_demos/doc) by extensions ['colcon_meta']
[0.624s] Level 1:colcon.colcon_core.package_identification:_identify(lbr_demos/doc) by extension 'colcon_meta'
[0.624s] Level 1:colcon.colcon_core.package_identification:_identify(lbr_demos/doc) by extensions ['ros']
[0.624s] Level 1:colcon.colcon_core.package_identification:_identify(lbr_demos/doc) by extension 'ros'
[0.624s] Level 1:colcon.colcon_core.package_identification:_identify(lbr_demos/doc) by extensions ['cmake', 'python']
[0.624s] Level 1:colcon.colcon_core.package_identification:_identify(lbr_demos/doc) by extension 'cmake'
[0.624s] Level 1:colcon.colcon_core.package_identification:_identify(lbr_demos/doc) by extension 'python'
[0.624s] Level 1:colcon.colcon_core.package_identification:_identify(lbr_demos/doc) by extensions ['python_setup_py']
[0.624s] Level 1:colcon.colcon_core.package_identification:_identify(lbr_demos/doc) by extension 'python_setup_py'
[0.624s] Level 1:colcon.colcon_core.package_identification:_identify(lbr_demos/doc/img) by extensions ['ignore', 'ignore_ament_install']
[0.625s] Level 1:colcon.colcon_core.package_identification:_identify(lbr_demos/doc/img) by extension 'ignore'
[0.625s] Level 1:colcon.colcon_core.package_identification:_identify(lbr_demos/doc/img) by extension 'ignore_ament_install'
[0.625s] Level 1:colcon.colcon_core.package_identification:_identify(lbr_demos/doc/img) by extensions ['colcon_pkg']
[0.625s] Level 1:colcon.colcon_core.package_identification:_identify(lbr_demos/doc/img) by extension 'colcon_pkg'
[0.625s] Level 1:colcon.colcon_core.package_identification:_identify(lbr_demos/doc/img) by extensions ['colcon_meta']
[0.625s] Level 1:colcon.colcon_core.package_identification:_identify(lbr_demos/doc/img) by extension 'colcon_meta'
[0.625s] Level 1:colcon.colcon_core.package_identification:_identify(lbr_demos/doc/img) by extensions ['ros']
[0.625s] Level 1:colcon.colcon_core.package_identification:_identify(lbr_demos/doc/img) by extension 'ros'
[0.625s] Level 1:colcon.colcon_core.package_identification:_identify(lbr_demos/doc/img) by extensions ['cmake', 'python']
[0.625s] Level 1:colcon.colcon_core.package_identification:_identify(lbr_demos/doc/img) by extension 'cmake'
[0.625s] Level 1:colcon.colcon_core.package_identification:_identify(lbr_demos/doc/img) by extension 'python'
[0.625s] Level 1:colcon.colcon_core.package_identification:_identify(lbr_demos/doc/img) by extensions ['python_setup_py']
[0.626s] Level 1:colcon.colcon_core.package_identification:_identify(lbr_demos/doc/img) by extension 'python_setup_py'
[0.626s] Level 1:colcon.colcon_core.package_identification:_identify(lbr_demos/lbr_demos_advanced_cpp) by extensions ['ignore', 'ignore_ament_install']
[0.626s] Level 1:colcon.colcon_core.package_identification:_identify(lbr_demos/lbr_demos_advanced_cpp) by extension 'ignore'
[0.626s] Level 1:colcon.colcon_core.package_identification:_identify(lbr_demos/lbr_demos_advanced_cpp) by extension 'ignore_ament_install'
[0.626s] Level 1:colcon.colcon_core.package_identification:_identify(lbr_demos/lbr_demos_advanced_cpp) by extensions ['colcon_pkg']
[0.626s] Level 1:colcon.colcon_core.package_identification:_identify(lbr_demos/lbr_demos_advanced_cpp) by extension 'colcon_pkg'
[0.626s] Level 1:colcon.colcon_core.package_identification:_identify(lbr_demos/lbr_demos_advanced_cpp) by extensions ['colcon_meta']
[0.626s] Level 1:colcon.colcon_core.package_identification:_identify(lbr_demos/lbr_demos_advanced_cpp) by extension 'colcon_meta'
[0.626s] Level 1:colcon.colcon_core.package_identification:_identify(lbr_demos/lbr_demos_advanced_cpp) by extensions ['ros']
[0.626s] Level 1:colcon.colcon_core.package_identification:_identify(lbr_demos/lbr_demos_advanced_cpp) by extension 'ros'
[0.628s] DEBUG:colcon.colcon_core.package_identification:Package 'lbr_demos/lbr_demos_advanced_cpp' with type 'ros.ament_cmake' and name 'lbr_demos_advanced_cpp'
[0.629s] Level 1:colcon.colcon_core.package_identification:_identify(lbr_demos/lbr_demos_advanced_py) by extensions ['ignore', 'ignore_ament_install']
[0.629s] Level 1:colcon.colcon_core.package_identification:_identify(lbr_demos/lbr_demos_advanced_py) by extension 'ignore'
[0.629s] Level 1:colcon.colcon_core.package_identification:_identify(lbr_demos/lbr_demos_advanced_py) by extension 'ignore_ament_install'
[0.629s] Level 1:colcon.colcon_core.package_identification:_identify(lbr_demos/lbr_demos_advanced_py) by extensions ['colcon_pkg']
[0.629s] Level 1:colcon.colcon_core.package_identification:_identify(lbr_demos/lbr_demos_advanced_py) by extension 'colcon_pkg'
[0.629s] Level 1:colcon.colcon_core.package_identification:_identify(lbr_demos/lbr_demos_advanced_py) by extensions ['colcon_meta']
[0.629s] Level 1:colcon.colcon_core.package_identification:_identify(lbr_demos/lbr_demos_advanced_py) by extension 'colcon_meta'
[0.629s] Level 1:colcon.colcon_core.package_identification:_identify(lbr_demos/lbr_demos_advanced_py) by extensions ['ros']
[0.629s] Level 1:colcon.colcon_core.package_identification:_identify(lbr_demos/lbr_demos_advanced_py) by extension 'ros'
[0.630s] DEBUG:colcon.colcon_core.package_identification:Package 'lbr_demos/lbr_demos_advanced_py' with type 'ros.ament_python' and name 'lbr_demos_advanced_py'
[0.630s] Level 1:colcon.colcon_core.package_identification:_identify(lbr_demos/lbr_demos_cpp) by extensions ['ignore', 'ignore_ament_install']
[0.631s] Level 1:colcon.colcon_core.package_identification:_identify(lbr_demos/lbr_demos_cpp) by extension 'ignore'
[0.631s] Level 1:colcon.colcon_core.package_identification:_identify(lbr_demos/lbr_demos_cpp) by extension 'ignore_ament_install'
[0.631s] Level 1:colcon.colcon_core.package_identification:_identify(lbr_demos/lbr_demos_cpp) by extensions ['colcon_pkg']
[0.631s] Level 1:colcon.colcon_core.package_identification:_identify(lbr_demos/lbr_demos_cpp) by extension 'colcon_pkg'
[0.631s] Level 1:colcon.colcon_core.package_identification:_identify(lbr_demos/lbr_demos_cpp) by extensions ['colcon_meta']
[0.631s] Level 1:colcon.colcon_core.package_identification:_identify(lbr_demos/lbr_demos_cpp) by extension 'colcon_meta'
[0.631s] Level 1:colcon.colcon_core.package_identification:_identify(lbr_demos/lbr_demos_cpp) by extensions ['ros']
[0.631s] Level 1:colcon.colcon_core.package_identification:_identify(lbr_demos/lbr_demos_cpp) by extension 'ros'
[0.633s] DEBUG:colcon.colcon_core.package_identification:Package 'lbr_demos/lbr_demos_cpp' with type 'ros.ament_cmake' and name 'lbr_demos_cpp'
[0.633s] Level 1:colcon.colcon_core.package_identification:_identify(lbr_demos/lbr_demos_py) by extensions ['ignore', 'ignore_ament_install']
[0.634s] Level 1:colcon.colcon_core.package_identification:_identify(lbr_demos/lbr_demos_py) by extension 'ignore'
[0.634s] Level 1:colcon.colcon_core.package_identification:_identify(lbr_demos/lbr_demos_py) by extension 'ignore_ament_install'
[0.634s] Level 1:colcon.colcon_core.package_identification:_identify(lbr_demos/lbr_demos_py) by extensions ['colcon_pkg']
[0.634s] Level 1:colcon.colcon_core.package_identification:_identify(lbr_demos/lbr_demos_py) by extension 'colcon_pkg'
[0.634s] Level 1:colcon.colcon_core.package_identification:_identify(lbr_demos/lbr_demos_py) by extensions ['colcon_meta']
[0.634s] Level 1:colcon.colcon_core.package_identification:_identify(lbr_demos/lbr_demos_py) by extension 'colcon_meta'
[0.634s] Level 1:colcon.colcon_core.package_identification:_identify(lbr_demos/lbr_demos_py) by extensions ['ros']
[0.634s] Level 1:colcon.colcon_core.package_identification:_identify(lbr_demos/lbr_demos_py) by extension 'ros'
[0.635s] DEBUG:colcon.colcon_core.package_identification:Package 'lbr_demos/lbr_demos_py' with type 'ros.ament_python' and name 'lbr_demos_py'
[0.635s] Level 1:colcon.colcon_core.package_identification:_identify(lbr_demos/lbr_moveit) by extensions ['ignore', 'ignore_ament_install']
[0.636s] Level 1:colcon.colcon_core.package_identification:_identify(lbr_demos/lbr_moveit) by extension 'ignore'
[0.636s] Level 1:colcon.colcon_core.package_identification:_identify(lbr_demos/lbr_moveit) by extension 'ignore_ament_install'
[0.636s] Level 1:colcon.colcon_core.package_identification:_identify(lbr_demos/lbr_moveit) by extensions ['colcon_pkg']
[0.636s] Level 1:colcon.colcon_core.package_identification:_identify(lbr_demos/lbr_moveit) by extension 'colcon_pkg'
[0.636s] Level 1:colcon.colcon_core.package_identification:_identify(lbr_demos/lbr_moveit) by extensions ['colcon_meta']
[0.636s] Level 1:colcon.colcon_core.package_identification:_identify(lbr_demos/lbr_moveit) by extension 'colcon_meta'
[0.636s] Level 1:colcon.colcon_core.package_identification:_identify(lbr_demos/lbr_moveit) by extensions ['ros']
[0.636s] Level 1:colcon.colcon_core.package_identification:_identify(lbr_demos/lbr_moveit) by extension 'ros'
[0.637s] DEBUG:colcon.colcon_core.package_identification:Package 'lbr_demos/lbr_moveit' with type 'ros.ament_python' and name 'lbr_moveit'
[0.637s] Level 1:colcon.colcon_core.package_identification:_identify(lbr_demos/lbr_moveit_cpp) by extensions ['ignore', 'ignore_ament_install']
[0.637s] Level 1:colcon.colcon_core.package_identification:_identify(lbr_demos/lbr_moveit_cpp) by extension 'ignore'
[0.637s] Level 1:colcon.colcon_core.package_identification:_identify(lbr_demos/lbr_moveit_cpp) by extension 'ignore_ament_install'
[0.638s] Level 1:colcon.colcon_core.package_identification:_identify(lbr_demos/lbr_moveit_cpp) by extensions ['colcon_pkg']
[0.638s] Level 1:colcon.colcon_core.package_identification:_identify(lbr_demos/lbr_moveit_cpp) by extension 'colcon_pkg'
[0.638s] Level 1:colcon.colcon_core.package_identification:_identify(lbr_demos/lbr_moveit_cpp) by extensions ['colcon_meta']
[0.638s] Level 1:colcon.colcon_core.package_identification:_identify(lbr_demos/lbr_moveit_cpp) by extension 'colcon_meta'
[0.638s] Level 1:colcon.colcon_core.package_identification:_identify(lbr_demos/lbr_moveit_cpp) by extensions ['ros']
[0.638s] Level 1:colcon.colcon_core.package_identification:_identify(lbr_demos/lbr_moveit_cpp) by extension 'ros'
[0.639s] DEBUG:colcon.colcon_core.package_identification:Package 'lbr_demos/lbr_moveit_cpp' with type 'ros.ament_cmake' and name 'lbr_moveit_cpp'
[0.639s] Level 1:colcon.colcon_core.package_identification:_identify(lbr_description) by extensions ['ignore', 'ignore_ament_install']
[0.639s] Level 1:colcon.colcon_core.package_identification:_identify(lbr_description) by extension 'ignore'
[0.640s] Level 1:colcon.colcon_core.package_identification:_identify(lbr_description) by extension 'ignore_ament_install'
[0.640s] Level 1:colcon.colcon_core.package_identification:_identify(lbr_description) by extensions ['colcon_pkg']
[0.640s] Level 1:colcon.colcon_core.package_identification:_identify(lbr_description) by extension 'colcon_pkg'
[0.640s] Level 1:colcon.colcon_core.package_identification:_identify(lbr_description) by extensions ['colcon_meta']
[0.640s] Level 1:colcon.colcon_core.package_identification:_identify(lbr_description) by extension 'colcon_meta'
[0.640s] Level 1:colcon.colcon_core.package_identification:_identify(lbr_description) by extensions ['ros']
[0.640s] Level 1:colcon.colcon_core.package_identification:_identify(lbr_description) by extension 'ros'
[0.641s] DEBUG:colcon.colcon_core.package_identification:Package 'lbr_description' with type 'ros.ament_cmake' and name 'lbr_description'
[0.641s] Level 1:colcon.colcon_core.package_identification:_identify(lbr_fri_ros2) by extensions ['ignore', 'ignore_ament_install']
[0.641s] Level 1:colcon.colcon_core.package_identification:_identify(lbr_fri_ros2) by extension 'ignore'
[0.641s] Level 1:colcon.colcon_core.package_identification:_identify(lbr_fri_ros2) by extension 'ignore_ament_install'
[0.642s] Level 1:colcon.colcon_core.package_identification:_identify(lbr_fri_ros2) by extensions ['colcon_pkg']
[0.642s] Level 1:colcon.colcon_core.package_identification:_identify(lbr_fri_ros2) by extension 'colcon_pkg'
[0.642s] Level 1:colcon.colcon_core.package_identification:_identify(lbr_fri_ros2) by extensions ['colcon_meta']
[0.642s] Level 1:colcon.colcon_core.package_identification:_identify(lbr_fri_ros2) by extension 'colcon_meta'
[0.642s] Level 1:colcon.colcon_core.package_identification:_identify(lbr_fri_ros2) by extensions ['ros']
[0.642s] Level 1:colcon.colcon_core.package_identification:_identify(lbr_fri_ros2) by extension 'ros'
[0.644s] DEBUG:colcon.colcon_core.package_identification:Package 'lbr_fri_ros2' with type 'ros.ament_cmake' and name 'lbr_fri_ros2'
[0.644s] Level 1:colcon.colcon_core.package_identification:_identify(lbr_fri_ros2_stack) by extensions ['ignore', 'ignore_ament_install']
[0.644s] Level 1:colcon.colcon_core.package_identification:_identify(lbr_fri_ros2_stack) by extension 'ignore'
[0.644s] Level 1:colcon.colcon_core.package_identification:_identify(lbr_fri_ros2_stack) by extension 'ignore_ament_install'
[0.645s] Level 1:colcon.colcon_core.package_identification:_identify(lbr_fri_ros2_stack) by extensions ['colcon_pkg']
[0.645s] Level 1:colcon.colcon_core.package_identification:_identify(lbr_fri_ros2_stack) by extension 'colcon_pkg'
[0.645s] Level 1:colcon.colcon_core.package_identification:_identify(lbr_fri_ros2_stack) by extensions ['colcon_meta']
[0.645s] Level 1:colcon.colcon_core.package_identification:_identify(lbr_fri_ros2_stack) by extension 'colcon_meta'
[0.645s] Level 1:colcon.colcon_core.package_identification:_identify(lbr_fri_ros2_stack) by extensions ['ros']
[0.645s] Level 1:colcon.colcon_core.package_identification:_identify(lbr_fri_ros2_stack) by extension 'ros'
[0.646s] DEBUG:colcon.colcon_core.package_identification:Package 'lbr_fri_ros2_stack' with type 'ros.ament_cmake' and name 'lbr_fri_ros2_stack'
[0.646s] Level 1:colcon.colcon_core.package_identification:_identify(lbr_moveit_config) by extensions ['ignore', 'ignore_ament_install']
[0.646s] Level 1:colcon.colcon_core.package_identification:_identify(lbr_moveit_config) by extension 'ignore'
[0.647s] Level 1:colcon.colcon_core.package_identification:_identify(lbr_moveit_config) by extension 'ignore_ament_install'
[0.647s] Level 1:colcon.colcon_core.package_identification:_identify(lbr_moveit_config) by extensions ['colcon_pkg']
[0.647s] Level 1:colcon.colcon_core.package_identification:_identify(lbr_moveit_config) by extension 'colcon_pkg'
[0.647s] Level 1:colcon.colcon_core.package_identification:_identify(lbr_moveit_config) by extensions ['colcon_meta']
[0.647s] Level 1:colcon.colcon_core.package_identification:_identify(lbr_moveit_config) by extension 'colcon_meta'
[0.647s] Level 1:colcon.colcon_core.package_identification:_identify(lbr_moveit_config) by extensions ['ros']
[0.647s] Level 1:colcon.colcon_core.package_identification:_identify(lbr_moveit_config) by extension 'ros'
[0.647s] Level 1:colcon.colcon_core.package_identification:_identify(lbr_moveit_config) by extensions ['cmake', 'python']
[0.647s] Level 1:colcon.colcon_core.package_identification:_identify(lbr_moveit_config) by extension 'cmake'
[0.647s] Level 1:colcon.colcon_core.package_identification:_identify(lbr_moveit_config) by extension 'python'
[0.647s] Level 1:colcon.colcon_core.package_identification:_identify(lbr_moveit_config) by extensions ['python_setup_py']
[0.647s] Level 1:colcon.colcon_core.package_identification:_identify(lbr_moveit_config) by extension 'python_setup_py'
[0.648s] Level 1:colcon.colcon_core.package_identification:_identify(lbr_moveit_config/doc) by extensions ['ignore', 'ignore_ament_install']
[0.648s] Level 1:colcon.colcon_core.package_identification:_identify(lbr_moveit_config/doc) by extension 'ignore'
[0.648s] Level 1:colcon.colcon_core.package_identification:_identify(lbr_moveit_config/doc) by extension 'ignore_ament_install'
[0.648s] Level 1:colcon.colcon_core.package_identification:_identify(lbr_moveit_config/doc) by extensions ['colcon_pkg']
[0.648s] Level 1:colcon.colcon_core.package_identification:_identify(lbr_moveit_config/doc) by extension 'colcon_pkg'
[0.648s] Level 1:colcon.colcon_core.package_identification:_identify(lbr_moveit_config/doc) by extensions ['colcon_meta']
[0.648s] Level 1:colcon.colcon_core.package_identification:_identify(lbr_moveit_config/doc) by extension 'colcon_meta'
[0.648s] Level 1:colcon.colcon_core.package_identification:_identify(lbr_moveit_config/doc) by extensions ['ros']
[0.648s] Level 1:colcon.colcon_core.package_identification:_identify(lbr_moveit_config/doc) by extension 'ros'
[0.648s] Level 1:colcon.colcon_core.package_identification:_identify(lbr_moveit_config/doc) by extensions ['cmake', 'python']
[0.649s] Level 1:colcon.colcon_core.package_identification:_identify(lbr_moveit_config/doc) by extension 'cmake'
[0.649s] Level 1:colcon.colcon_core.package_identification:_identify(lbr_moveit_config/doc) by extension 'python'
[0.649s] Level 1:colcon.colcon_core.package_identification:_identify(lbr_moveit_config/doc) by extensions ['python_setup_py']
[0.649s] Level 1:colcon.colcon_core.package_identification:_identify(lbr_moveit_config/doc) by extension 'python_setup_py'
[0.649s] Level 1:colcon.colcon_core.package_identification:_identify(lbr_moveit_config/doc/img) by extensions ['ignore', 'ignore_ament_install']
[0.649s] Level 1:colcon.colcon_core.package_identification:_identify(lbr_moveit_config/doc/img) by extension 'ignore'
[0.649s] Level 1:colcon.colcon_core.package_identification:_identify(lbr_moveit_config/doc/img) by extension 'ignore_ament_install'
[0.649s] Level 1:colcon.colcon_core.package_identification:_identify(lbr_moveit_config/doc/img) by extensions ['colcon_pkg']
[0.649s] Level 1:colcon.colcon_core.package_identification:_identify(lbr_moveit_config/doc/img) by extension 'colcon_pkg'
[0.649s] Level 1:colcon.colcon_core.package_identification:_identify(lbr_moveit_config/doc/img) by extensions ['colcon_meta']
[0.649s] Level 1:colcon.colcon_core.package_identification:_identify(lbr_moveit_config/doc/img) by extension 'colcon_meta'
[0.650s] Level 1:colcon.colcon_core.package_identification:_identify(lbr_moveit_config/doc/img) by extensions ['ros']
[0.650s] Level 1:colcon.colcon_core.package_identification:_identify(lbr_moveit_config/doc/img) by extension 'ros'
[0.650s] Level 1:colcon.colcon_core.package_identification:_identify(lbr_moveit_config/doc/img) by extensions ['cmake', 'python']
[0.650s] Level 1:colcon.colcon_core.package_identification:_identify(lbr_moveit_config/doc/img) by extension 'cmake'
[0.650s] Level 1:colcon.colcon_core.package_identification:_identify(lbr_moveit_config/doc/img) by extension 'python'
[0.650s] Level 1:colcon.colcon_core.package_identification:_identify(lbr_moveit_config/doc/img) by extensions ['python_setup_py']
[0.650s] Level 1:colcon.colcon_core.package_identification:_identify(lbr_moveit_config/doc/img) by extension 'python_setup_py'
[0.650s] Level 1:colcon.colcon_core.package_identification:_identify(lbr_moveit_config/iiwa14_moveit_config) by extensions ['ignore', 'ignore_ament_install']
[0.650s] Level 1:colcon.colcon_core.package_identification:_identify(lbr_moveit_config/iiwa14_moveit_config) by extension 'ignore'
[0.650s] Level 1:colcon.colcon_core.package_identification:_identify(lbr_moveit_config/iiwa14_moveit_config) by extension 'ignore_ament_install'
[0.651s] Level 1:colcon.colcon_core.package_identification:_identify(lbr_moveit_config/iiwa14_moveit_config) by extensions ['colcon_pkg']
[0.651s] Level 1:colcon.colcon_core.package_identification:_identify(lbr_moveit_config/iiwa14_moveit_config) by extension 'colcon_pkg'
[0.651s] Level 1:colcon.colcon_core.package_identification:_identify(lbr_moveit_config/iiwa14_moveit_config) by extensions ['colcon_meta']
[0.651s] Level 1:colcon.colcon_core.package_identification:_identify(lbr_moveit_config/iiwa14_moveit_config) by extension 'colcon_meta'
[0.651s] Level 1:colcon.colcon_core.package_identification:_identify(lbr_moveit_config/iiwa14_moveit_config) by extensions ['ros']
[0.651s] Level 1:colcon.colcon_core.package_identification:_identify(lbr_moveit_config/iiwa14_moveit_config) by extension 'ros'
[0.652s] DEBUG:colcon.colcon_core.package_identification:Package 'lbr_moveit_config/iiwa14_moveit_config' with type 'ros.ament_cmake' and name 'iiwa14_moveit_config'
[0.652s] Level 1:colcon.colcon_core.package_identification:_identify(lbr_moveit_config/iiwa7_moveit_config) by extensions ['ignore', 'ignore_ament_install']
[0.653s] Level 1:colcon.colcon_core.package_identification:_identify(lbr_moveit_config/iiwa7_moveit_config) by extension 'ignore'
[0.653s] Level 1:colcon.colcon_core.package_identification:_identify(lbr_moveit_config/iiwa7_moveit_config) by extension 'ignore_ament_install'
[0.653s] Level 1:colcon.colcon_core.package_identification:_identify(lbr_moveit_config/iiwa7_moveit_config) by extensions ['colcon_pkg']
[0.653s] Level 1:colcon.colcon_core.package_identification:_identify(lbr_moveit_config/iiwa7_moveit_config) by extension 'colcon_pkg'
[0.653s] Level 1:colcon.colcon_core.package_identification:_identify(lbr_moveit_config/iiwa7_moveit_config) by extensions ['colcon_meta']
[0.653s] Level 1:colcon.colcon_core.package_identification:_identify(lbr_moveit_config/iiwa7_moveit_config) by extension 'colcon_meta'
[0.653s] Level 1:colcon.colcon_core.package_identification:_identify(lbr_moveit_config/iiwa7_moveit_config) by extensions ['ros']
[0.653s] Level 1:colcon.colcon_core.package_identification:_identify(lbr_moveit_config/iiwa7_moveit_config) by extension 'ros'
[0.654s] DEBUG:colcon.colcon_core.package_identification:Package 'lbr_moveit_config/iiwa7_moveit_config' with type 'ros.ament_cmake' and name 'iiwa7_moveit_config'
[0.655s] Level 1:colcon.colcon_core.package_identification:_identify(lbr_moveit_config/med14_moveit_config) by extensions ['ignore', 'ignore_ament_install']
[0.655s] Level 1:colcon.colcon_core.package_identification:_identify(lbr_moveit_config/med14_moveit_config) by extension 'ignore'
[0.655s] Level 1:colcon.colcon_core.package_identification:_identify(lbr_moveit_config/med14_moveit_config) by extension 'ignore_ament_install'
[0.655s] Level 1:colcon.colcon_core.package_identification:_identify(lbr_moveit_config/med14_moveit_config) by extensions ['colcon_pkg']
[0.655s] Level 1:colcon.colcon_core.package_identification:_identify(lbr_moveit_config/med14_moveit_config) by extension 'colcon_pkg'
[0.655s] Level 1:colcon.colcon_core.package_identification:_identify(lbr_moveit_config/med14_moveit_config) by extensions ['colcon_meta']
[0.655s] Level 1:colcon.colcon_core.package_identification:_identify(lbr_moveit_config/med14_moveit_config) by extension 'colcon_meta'
[0.655s] Level 1:colcon.colcon_core.package_identification:_identify(lbr_moveit_config/med14_moveit_config) by extensions ['ros']
[0.655s] Level 1:colcon.colcon_core.package_identification:_identify(lbr_moveit_config/med14_moveit_config) by extension 'ros'
[0.657s] DEBUG:colcon.colcon_core.package_identification:Package 'lbr_moveit_config/med14_moveit_config' with type 'ros.ament_cmake' and name 'med14_moveit_config'
[0.657s] Level 1:colcon.colcon_core.package_identification:_identify(lbr_moveit_config/med7_moveit_config) by extensions ['ignore', 'ignore_ament_install']
[0.657s] Level 1:colcon.colcon_core.package_identification:_identify(lbr_moveit_config/med7_moveit_config) by extension 'ignore'
[0.657s] Level 1:colcon.colcon_core.package_identification:_identify(lbr_moveit_config/med7_moveit_config) by extension 'ignore_ament_install'
[0.657s] Level 1:colcon.colcon_core.package_identification:_identify(lbr_moveit_config/med7_moveit_config) by extensions ['colcon_pkg']
[0.658s] Level 1:colcon.colcon_core.package_identification:_identify(lbr_moveit_config/med7_moveit_config) by extension 'colcon_pkg'
[0.658s] Level 1:colcon.colcon_core.package_identification:_identify(lbr_moveit_config/med7_moveit_config) by extensions ['colcon_meta']
[0.658s] Level 1:colcon.colcon_core.package_identification:_identify(lbr_moveit_config/med7_moveit_config) by extension 'colcon_meta'
[0.658s] Level 1:colcon.colcon_core.package_identification:_identify(lbr_moveit_config/med7_moveit_config) by extensions ['ros']
[0.658s] Level 1:colcon.colcon_core.package_identification:_identify(lbr_moveit_config/med7_moveit_config) by extension 'ros'
[0.659s] DEBUG:colcon.colcon_core.package_identification:Package 'lbr_moveit_config/med7_moveit_config' with type 'ros.ament_cmake' and name 'med7_moveit_config'
[0.659s] Level 1:colcon.colcon_core.package_identification:_identify(lbr_ros2_control) by extensions ['ignore', 'ignore_ament_install']
[0.659s] Level 1:colcon.colcon_core.package_identification:_identify(lbr_ros2_control) by extension 'ignore'
[0.660s] Level 1:colcon.colcon_core.package_identification:_identify(lbr_ros2_control) by extension 'ignore_ament_install'
[0.660s] Level 1:colcon.colcon_core.package_identification:_identify(lbr_ros2_control) by extensions ['colcon_pkg']
[0.660s] Level 1:colcon.colcon_core.package_identification:_identify(lbr_ros2_control) by extension 'colcon_pkg'
[0.660s] Level 1:colcon.colcon_core.package_identification:_identify(lbr_ros2_control) by extensions ['colcon_meta']
[0.660s] Level 1:colcon.colcon_core.package_identification:_identify(lbr_ros2_control) by extension 'colcon_meta'
[0.660s] Level 1:colcon.colcon_core.package_identification:_identify(lbr_ros2_control) by extensions ['ros']
[0.660s] Level 1:colcon.colcon_core.package_identification:_identify(lbr_ros2_control) by extension 'ros'
[0.662s] DEBUG:colcon.colcon_core.package_identification:Package 'lbr_ros2_control' with type 'ros.ament_cmake' and name 'lbr_ros2_control'
[0.662s] Level 1:colcon.colcon_core.package_identification:_identify(log) by extensions ['ignore', 'ignore_ament_install']
[0.662s] Level 1:colcon.colcon_core.package_identification:_identify(log) by extension 'ignore'
[0.662s] Level 1:colcon.colcon_core.package_identification:_identify(log) ignored
[0.663s] Level 1:colcon.colcon_core.package_discovery:discover_packages(recursive) using defaults
[0.663s] Level 1:colcon.colcon_core.package_discovery:discover_packages(ignore) discover
[0.663s] Level 1:colcon.colcon_core.package_discovery:discover_packages(ignore) using defaults
[0.663s] Level 1:colcon.colcon_core.package_discovery:discover_packages(path) discover
[0.663s] Level 1:colcon.colcon_core.package_discovery:discover_packages(path) using defaults
[0.706s] Level 1:colcon.colcon_core.package_discovery:discover_packages(prefix_path) check parameters
[0.706s] Level 1:colcon.colcon_core.package_discovery:discover_packages(prefix_path) discover
[0.713s] DEBUG:colcon.colcon_installed_package_information.package_discovery:Found 1 installed packages in /home/khamrouni/robot_ws/install
[0.716s] DEBUG:colcon.colcon_installed_package_information.package_discovery:Found 57 installed packages in /home/khamrouni/ws_moveit/install
[0.717s] DEBUG:colcon.colcon_installed_package_information.package_discovery:Found 8 installed packages in /home/khamrouni/ros2_ws/install
[0.720s] DEBUG:colcon.colcon_installed_package_information.package_discovery:Found 385 installed packages in /opt/ros/humble
[0.724s] Level 1:colcon.colcon_core.package_discovery:discover_packages(prefix_path) using defaults
[0.827s] Level 5:colcon.colcon_core.verb:set package 'lbr_description' build argument 'cmake_args' from command line to 'None'
[0.827s] Level 5:colcon.colcon_core.verb:set package 'lbr_description' build argument 'cmake_target' from command line to 'None'
[0.827s] Level 5:colcon.colcon_core.verb:set package 'lbr_description' build argument 'cmake_target_skip_unavailable' from command line to 'False'
[0.827s] Level 5:colcon.colcon_core.verb:set package 'lbr_description' build argument 'cmake_clean_cache' from command line to 'False'
[0.827s] Level 5:colcon.colcon_core.verb:set package 'lbr_description' build argument 'cmake_clean_first' from command line to 'False'
[0.827s] Level 5:colcon.colcon_core.verb:set package 'lbr_description' build argument 'cmake_force_configure' from command line to 'False'
[0.827s] Level 5:colcon.colcon_core.verb:set package 'lbr_description' build argument 'ament_cmake_args' from command line to 'None'
[0.827s] Level 5:colcon.colcon_core.verb:set package 'lbr_description' build argument 'catkin_cmake_args' from command line to 'None'
[0.827s] Level 5:colcon.colcon_core.verb:set package 'lbr_description' build argument 'catkin_skip_building_tests' from command line to 'False'
[0.827s] DEBUG:colcon.colcon_core.verb:Building package 'lbr_description' with the following arguments: {'ament_cmake_args': None, 'build_base': '/home/khamrouni/lbr-stack/src/lbr_fri_ros2_stack/build/lbr_description', 'catkin_cmake_args': None, 'catkin_skip_building_tests': False, 'cmake_args': None, 'cmake_clean_cache': False, 'cmake_clean_first': False, 'cmake_force_configure': False, 'cmake_target': None, 'cmake_target_skip_unavailable': False, 'install_base': '/home/khamrouni/lbr-stack/src/lbr_fri_ros2_stack/install/lbr_description', 'merge_install': False, 'path': '/home/khamrouni/lbr-stack/src/lbr_fri_ros2_stack/lbr_description', 'symlink_install': False, 'test_result_base': None}
[0.828s] Level 5:colcon.colcon_core.verb:set package 'lbr_moveit' build argument 'cmake_args' from command line to 'None'
[0.828s] Level 5:colcon.colcon_core.verb:set package 'lbr_moveit' build argument 'cmake_target' from command line to 'None'
[0.828s] Level 5:colcon.colcon_core.verb:set package 'lbr_moveit' build argument 'cmake_target_skip_unavailable' from command line to 'False'
[0.828s] Level 5:colcon.colcon_core.verb:set package 'lbr_moveit' build argument 'cmake_clean_cache' from command line to 'False'
[0.828s] Level 5:colcon.colcon_core.verb:set package 'lbr_moveit' build argument 'cmake_clean_first' from command line to 'False'
[0.828s] Level 5:colcon.colcon_core.verb:set package 'lbr_moveit' build argument 'cmake_force_configure' from command line to 'False'
[0.828s] Level 5:colcon.colcon_core.verb:set package 'lbr_moveit' build argument 'ament_cmake_args' from command line to 'None'
[0.829s] Level 5:colcon.colcon_core.verb:set package 'lbr_moveit' build argument 'catkin_cmake_args' from command line to 'None'
[0.829s] Level 5:colcon.colcon_core.verb:set package 'lbr_moveit' build argument 'catkin_skip_building_tests' from command line to 'False'
[0.829s] DEBUG:colcon.colcon_core.verb:Building package 'lbr_moveit' with the following arguments: {'ament_cmake_args': None, 'build_base': '/home/khamrouni/lbr-stack/src/lbr_fri_ros2_stack/build/lbr_moveit', 'catkin_cmake_args': None, 'catkin_skip_building_tests': False, 'cmake_args': None, 'cmake_clean_cache': False, 'cmake_clean_first': False, 'cmake_force_configure': False, 'cmake_target': None, 'cmake_target_skip_unavailable': False, 'install_base': '/home/khamrouni/lbr-stack/src/lbr_fri_ros2_stack/install/lbr_moveit', 'merge_install': False, 'path': '/home/khamrouni/lbr-stack/src/lbr_fri_ros2_stack/lbr_demos/lbr_moveit', 'symlink_install': False, 'test_result_base': None}
[0.829s] Level 5:colcon.colcon_core.verb:set package 'lbr_moveit_cpp' build argument 'cmake_args' from command line to 'None'
[0.829s] Level 5:colcon.colcon_core.verb:set package 'lbr_moveit_cpp' build argument 'cmake_target' from command line to 'None'
[0.829s] Level 5:colcon.colcon_core.verb:set package 'lbr_moveit_cpp' build argument 'cmake_target_skip_unavailable' from command line to 'False'
[0.829s] Level 5:colcon.colcon_core.verb:set package 'lbr_moveit_cpp' build argument 'cmake_clean_cache' from command line to 'False'
[0.829s] Level 5:colcon.colcon_core.verb:set package 'lbr_moveit_cpp' build argument 'cmake_clean_first' from command line to 'False'
[0.830s] Level 5:colcon.colcon_core.verb:set package 'lbr_moveit_cpp' build argument 'cmake_force_configure' from command line to 'False'
[0.830s] Level 5:colcon.colcon_core.verb:set package 'lbr_moveit_cpp' build argument 'ament_cmake_args' from command line to 'None'
[0.830s] Level 5:colcon.colcon_core.verb:set package 'lbr_moveit_cpp' build argument 'catkin_cmake_args' from command line to 'None'
[0.830s] Level 5:colcon.colcon_core.verb:set package 'lbr_moveit_cpp' build argument 'catkin_skip_building_tests' from command line to 'False'
[0.830s] DEBUG:colcon.colcon_core.verb:Building package 'lbr_moveit_cpp' with the following arguments: {'ament_cmake_args': None, 'build_base': '/home/khamrouni/lbr-stack/src/lbr_fri_ros2_stack/build/lbr_moveit_cpp', 'catkin_cmake_args': None, 'catkin_skip_building_tests': False, 'cmake_args': None, 'cmake_clean_cache': False, 'cmake_clean_first': False, 'cmake_force_configure': False, 'cmake_target': None, 'cmake_target_skip_unavailable': False, 'install_base': '/home/khamrouni/lbr-stack/src/lbr_fri_ros2_stack/install/lbr_moveit_cpp', 'merge_install': False, 'path': '/home/khamrouni/lbr-stack/src/lbr_fri_ros2_stack/lbr_demos/lbr_moveit_cpp', 'symlink_install': False, 'test_result_base': None}
[0.830s] Level 5:colcon.colcon_core.verb:set package 'iiwa14_moveit_config' build argument 'cmake_args' from command line to 'None'
[0.830s] Level 5:colcon.colcon_core.verb:set package 'iiwa14_moveit_config' build argument 'cmake_target' from command line to 'None'
[0.831s] Level 5:colcon.colcon_core.verb:set package 'iiwa14_moveit_config' build argument 'cmake_target_skip_unavailable' from command line to 'False'
[0.831s] Level 5:colcon.colcon_core.verb:set package 'iiwa14_moveit_config' build argument 'cmake_clean_cache' from command line to 'False'
[0.831s] Level 5:colcon.colcon_core.verb:set package 'iiwa14_moveit_config' build argument 'cmake_clean_first' from command line to 'False'
[0.831s] Level 5:colcon.colcon_core.verb:set package 'iiwa14_moveit_config' build argument 'cmake_force_configure' from command line to 'False'
[0.831s] Level 5:colcon.colcon_core.verb:set package 'iiwa14_moveit_config' build argument 'ament_cmake_args' from command line to 'None'
[0.831s] Level 5:colcon.colcon_core.verb:set package 'iiwa14_moveit_config' build argument 'catkin_cmake_args' from command line to 'None'
[0.831s] Level 5:colcon.colcon_core.verb:set package 'iiwa14_moveit_config' build argument 'catkin_skip_building_tests' from command line to 'False'
[0.831s] DEBUG:colcon.colcon_core.verb:Building package 'iiwa14_moveit_config' with the following arguments: {'ament_cmake_args': None, 'build_base': '/home/khamrouni/lbr-stack/src/lbr_fri_ros2_stack/build/iiwa14_moveit_config', 'catkin_cmake_args': None, 'catkin_skip_building_tests': False, 'cmake_args': None, 'cmake_clean_cache': False, 'cmake_clean_first': False, 'cmake_force_configure': False, 'cmake_target': None, 'cmake_target_skip_unavailable': False, 'install_base': '/home/khamrouni/lbr-stack/src/lbr_fri_ros2_stack/install/iiwa14_moveit_config', 'merge_install': False, 'path': '/home/khamrouni/lbr-stack/src/lbr_fri_ros2_stack/lbr_moveit_config/iiwa14_moveit_config', 'symlink_install': False, 'test_result_base': None}
[0.832s] Level 5:colcon.colcon_core.verb:set package 'iiwa7_moveit_config' build argument 'cmake_args' from command line to 'None'
[0.832s] Level 5:colcon.colcon_core.verb:set package 'iiwa7_moveit_config' build argument 'cmake_target' from command line to 'None'
[0.832s] Level 5:colcon.colcon_core.verb:set package 'iiwa7_moveit_config' build argument 'cmake_target_skip_unavailable' from command line to 'False'
[0.832s] Level 5:colcon.colcon_core.verb:set package 'iiwa7_moveit_config' build argument 'cmake_clean_cache' from command line to 'False'
[0.832s] Level 5:colcon.colcon_core.verb:set package 'iiwa7_moveit_config' build argument 'cmake_clean_first' from command line to 'False'
[0.832s] Level 5:colcon.colcon_core.verb:set package 'iiwa7_moveit_config' build argument 'cmake_force_configure' from command line to 'False'
[0.832s] Level 5:colcon.colcon_core.verb:set package 'iiwa7_moveit_config' build argument 'ament_cmake_args' from command line to 'None'
[0.832s] Level 5:colcon.colcon_core.verb:set package 'iiwa7_moveit_config' build argument 'catkin_cmake_args' from command line to 'None'
[0.832s] Level 5:colcon.colcon_core.verb:set package 'iiwa7_moveit_config' build argument 'catkin_skip_building_tests' from command line to 'False'
[0.832s] DEBUG:colcon.colcon_core.verb:Building package 'iiwa7_moveit_config' with the following arguments: {'ament_cmake_args': None, 'build_base': '/home/khamrouni/lbr-stack/src/lbr_fri_ros2_stack/build/iiwa7_moveit_config', 'catkin_cmake_args': None, 'catkin_skip_building_tests': False, 'cmake_args': None, 'cmake_clean_cache': False, 'cmake_clean_first': False, 'cmake_force_configure': False, 'cmake_target': None, 'cmake_target_skip_unavailable': False, 'install_base': '/home/khamrouni/lbr-stack/src/lbr_fri_ros2_stack/install/iiwa7_moveit_config', 'merge_install': False, 'path': '/home/khamrouni/lbr-stack/src/lbr_fri_ros2_stack/lbr_moveit_config/iiwa7_moveit_config', 'symlink_install': False, 'test_result_base': None}
[0.833s] Level 5:colcon.colcon_core.verb:set package 'lbr_fri_ros2' build argument 'cmake_args' from command line to 'None'
[0.833s] Level 5:colcon.colcon_core.verb:set package 'lbr_fri_ros2' build argument 'cmake_target' from command line to 'None'
[0.833s] Level 5:colcon.colcon_core.verb:set package 'lbr_fri_ros2' build argument 'cmake_target_skip_unavailable' from command line to 'False'
[0.833s] Level 5:colcon.colcon_core.verb:set package 'lbr_fri_ros2' build argument 'cmake_clean_cache' from command line to 'False'
[0.833s] Level 5:colcon.colcon_core.verb:set package 'lbr_fri_ros2' build argument 'cmake_clean_first' from command line to 'False'
[0.833s] Level 5:colcon.colcon_core.verb:set package 'lbr_fri_ros2' build argument 'cmake_force_configure' from command line to 'False'
[0.833s] Level 5:colcon.colcon_core.verb:set package 'lbr_fri_ros2' build argument 'ament_cmake_args' from command line to 'None'
[0.833s] Level 5:colcon.colcon_core.verb:set package 'lbr_fri_ros2' build argument 'catkin_cmake_args' from command line to 'None'
[0.833s] Level 5:colcon.colcon_core.verb:set package 'lbr_fri_ros2' build argument 'catkin_skip_building_tests' from command line to 'False'
[0.833s] DEBUG:colcon.colcon_core.verb:Building package 'lbr_fri_ros2' with the following arguments: {'ament_cmake_args': None, 'build_base': '/home/khamrouni/lbr-stack/src/lbr_fri_ros2_stack/build/lbr_fri_ros2', 'catkin_cmake_args': None, 'catkin_skip_building_tests': False, 'cmake_args': None, 'cmake_clean_cache': False, 'cmake_clean_first': False, 'cmake_force_configure': False, 'cmake_target': None, 'cmake_target_skip_unavailable': False, 'install_base': '/home/khamrouni/lbr-stack/src/lbr_fri_ros2_stack/install/lbr_fri_ros2', 'merge_install': False, 'path': '/home/khamrouni/lbr-stack/src/lbr_fri_ros2_stack/lbr_fri_ros2', 'symlink_install': False, 'test_result_base': None}
[0.834s] Level 5:colcon.colcon_core.verb:set package 'med14_moveit_config' build argument 'cmake_args' from command line to 'None'
[0.834s] Level 5:colcon.colcon_core.verb:set package 'med14_moveit_config' build argument 'cmake_target' from command line to 'None'
[0.834s] Level 5:colcon.colcon_core.verb:set package 'med14_moveit_config' build argument 'cmake_target_skip_unavailable' from command line to 'False'
[0.834s] Level 5:colcon.colcon_core.verb:set package 'med14_moveit_config' build argument 'cmake_clean_cache' from command line to 'False'
[0.834s] Level 5:colcon.colcon_core.verb:set package 'med14_moveit_config' build argument 'cmake_clean_first' from command line to 'False'
[0.834s] Level 5:colcon.colcon_core.verb:set package 'med14_moveit_config' build argument 'cmake_force_configure' from command line to 'False'
[0.834s] Level 5:colcon.colcon_core.verb:set package 'med14_moveit_config' build argument 'ament_cmake_args' from command line to 'None'
[0.834s] Level 5:colcon.colcon_core.verb:set package 'med14_moveit_config' build argument 'catkin_cmake_args' from command line to 'None'
[0.834s] Level 5:colcon.colcon_core.verb:set package 'med14_moveit_config' build argument 'catkin_skip_building_tests' from command line to 'False'
[0.834s] DEBUG:colcon.colcon_core.verb:Building package 'med14_moveit_config' with the following arguments: {'ament_cmake_args': None, 'build_base': '/home/khamrouni/lbr-stack/src/lbr_fri_ros2_stack/build/med14_moveit_config', 'catkin_cmake_args': None, 'catkin_skip_building_tests': False, 'cmake_args': None, 'cmake_clean_cache': False, 'cmake_clean_first': False, 'cmake_force_configure': False, 'cmake_target': None, 'cmake_target_skip_unavailable': False, 'install_base': '/home/khamrouni/lbr-stack/src/lbr_fri_ros2_stack/install/med14_moveit_config', 'merge_install': False, 'path': '/home/khamrouni/lbr-stack/src/lbr_fri_ros2_stack/lbr_moveit_config/med14_moveit_config', 'symlink_install': False, 'test_result_base': None}
[0.835s] Level 5:colcon.colcon_core.verb:set package 'med7_moveit_config' build argument 'cmake_args' from command line to 'None'
[0.835s] Level 5:colcon.colcon_core.verb:set package 'med7_moveit_config' build argument 'cmake_target' from command line to 'None'
[0.835s] Level 5:colcon.colcon_core.verb:set package 'med7_moveit_config' build argument 'cmake_target_skip_unavailable' from command line to 'False'
[0.835s] Level 5:colcon.colcon_core.verb:set package 'med7_moveit_config' build argument 'cmake_clean_cache' from command line to 'False'
[0.835s] Level 5:colcon.colcon_core.verb:set package 'med7_moveit_config' build argument 'cmake_clean_first' from command line to 'False'
[0.835s] Level 5:colcon.colcon_core.verb:set package 'med7_moveit_config' build argument 'cmake_force_configure' from command line to 'False'
[0.835s] Level 5:colcon.colcon_core.verb:set package 'med7_moveit_config' build argument 'ament_cmake_args' from command line to 'None'
[0.835s] Level 5:colcon.colcon_core.verb:set package 'med7_moveit_config' build argument 'catkin_cmake_args' from command line to 'None'
[0.835s] Level 5:colcon.colcon_core.verb:set package 'med7_moveit_config' build argument 'catkin_skip_building_tests' from command line to 'False'
[0.835s] DEBUG:colcon.colcon_core.verb:Building package 'med7_moveit_config' with the following arguments: {'ament_cmake_args': None, 'build_base': '/home/khamrouni/lbr-stack/src/lbr_fri_ros2_stack/build/med7_moveit_config', 'catkin_cmake_args': None, 'catkin_skip_building_tests': False, 'cmake_args': None, 'cmake_clean_cache': False, 'cmake_clean_first': False, 'cmake_force_configure': False, 'cmake_target': None, 'cmake_target_skip_unavailable': False, 'install_base': '/home/khamrouni/lbr-stack/src/lbr_fri_ros2_stack/install/med7_moveit_config', 'merge_install': False, 'path': '/home/khamrouni/lbr-stack/src/lbr_fri_ros2_stack/lbr_moveit_config/med7_moveit_config', 'symlink_install': False, 'test_result_base': None}
[0.836s] Level 5:colcon.colcon_core.verb:set package 'lbr_demos_advanced_cpp' build argument 'cmake_args' from command line to 'None'
[0.836s] Level 5:colcon.colcon_core.verb:set package 'lbr_demos_advanced_cpp' build argument 'cmake_target' from command line to 'None'
[0.836s] Level 5:colcon.colcon_core.verb:set package 'lbr_demos_advanced_cpp' build argument 'cmake_target_skip_unavailable' from command line to 'False'
[0.836s] Level 5:colcon.colcon_core.verb:set package 'lbr_demos_advanced_cpp' build argument 'cmake_clean_cache' from command line to 'False'
[0.836s] Level 5:colcon.colcon_core.verb:set package 'lbr_demos_advanced_cpp' build argument 'cmake_clean_first' from command line to 'False'
[0.836s] Level 5:colcon.colcon_core.verb:set package 'lbr_demos_advanced_cpp' build argument 'cmake_force_configure' from command line to 'False'
[0.836s] Level 5:colcon.colcon_core.verb:set package 'lbr_demos_advanced_cpp' build argument 'ament_cmake_args' from command line to 'None'
[0.836s] Level 5:colcon.colcon_core.verb:set package 'lbr_demos_advanced_cpp' build argument 'catkin_cmake_args' from command line to 'None'
[0.836s] Level 5:colcon.colcon_core.verb:set package 'lbr_demos_advanced_cpp' build argument 'catkin_skip_building_tests' from command line to 'False'
[0.837s] DEBUG:colcon.colcon_core.verb:Building package 'lbr_demos_advanced_cpp' with the following arguments: {'ament_cmake_args': None, 'build_base': '/home/khamrouni/lbr-stack/src/lbr_fri_ros2_stack/build/lbr_demos_advanced_cpp', 'catkin_cmake_args': None, 'catkin_skip_building_tests': False, 'cmake_args': None, 'cmake_clean_cache': False, 'cmake_clean_first': False, 'cmake_force_configure': False, 'cmake_target': None, 'cmake_target_skip_unavailable': False, 'install_base': '/home/khamrouni/lbr-stack/src/lbr_fri_ros2_stack/install/lbr_demos_advanced_cpp', 'merge_install': False, 'path': '/home/khamrouni/lbr-stack/src/lbr_fri_ros2_stack/lbr_demos/lbr_demos_advanced_cpp', 'symlink_install': False, 'test_result_base': None}
[0.837s] Level 5:colcon.colcon_core.verb:set package 'lbr_demos_advanced_py' build argument 'cmake_args' from command line to 'None'
[0.837s] Level 5:colcon.colcon_core.verb:set package 'lbr_demos_advanced_py' build argument 'cmake_target' from command line to 'None'
[0.837s] Level 5:colcon.colcon_core.verb:set package 'lbr_demos_advanced_py' build argument 'cmake_target_skip_unavailable' from command line to 'False'
[0.837s] Level 5:colcon.colcon_core.verb:set package 'lbr_demos_advanced_py' build argument 'cmake_clean_cache' from command line to 'False'
[0.837s] Level 5:colcon.colcon_core.verb:set package 'lbr_demos_advanced_py' build argument 'cmake_clean_first' from command line to 'False'
[0.838s] Level 5:colcon.colcon_core.verb:set package 'lbr_demos_advanced_py' build argument 'cmake_force_configure' from command line to 'False'
[0.838s] Level 5:colcon.colcon_core.verb:set package 'lbr_demos_advanced_py' build argument 'ament_cmake_args' from command line to 'None'
[0.838s] Level 5:colcon.colcon_core.verb:set package 'lbr_demos_advanced_py' build argument 'catkin_cmake_args' from command line to 'None'
[0.838s] Level 5:colcon.colcon_core.verb:set package 'lbr_demos_advanced_py' build argument 'catkin_skip_building_tests' from command line to 'False'
[0.838s] DEBUG:colcon.colcon_core.verb:Building package 'lbr_demos_advanced_py' with the following arguments: {'ament_cmake_args': None, 'build_base': '/home/khamrouni/lbr-stack/src/lbr_fri_ros2_stack/build/lbr_demos_advanced_py', 'catkin_cmake_args': None, 'catkin_skip_building_tests': False, 'cmake_args': None, 'cmake_clean_cache': False, 'cmake_clean_first': False, 'cmake_force_configure': False, 'cmake_target': None, 'cmake_target_skip_unavailable': False, 'install_base': '/home/khamrouni/lbr-stack/src/lbr_fri_ros2_stack/install/lbr_demos_advanced_py', 'merge_install': False, 'path': '/home/khamrouni/lbr-stack/src/lbr_fri_ros2_stack/lbr_demos/lbr_demos_advanced_py', 'symlink_install': False, 'test_result_base': None}
[0.839s] Level 5:colcon.colcon_core.verb:set package 'lbr_ros2_control' build argument 'cmake_args' from command line to 'None'
[0.839s] Level 5:colcon.colcon_core.verb:set package 'lbr_ros2_control' build argument 'cmake_target' from command line to 'None'
[0.839s] Level 5:colcon.colcon_core.verb:set package 'lbr_ros2_control' build argument 'cmake_target_skip_unavailable' from command line to 'False'
[0.839s] Level 5:colcon.colcon_core.verb:set package 'lbr_ros2_control' build argument 'cmake_clean_cache' from command line to 'False'
[0.839s] Level 5:colcon.colcon_core.verb:set package 'lbr_ros2_control' build argument 'cmake_clean_first' from command line to 'False'
[0.839s] Level 5:colcon.colcon_core.verb:set package 'lbr_ros2_control' build argument 'cmake_force_configure' from command line to 'False'
[0.839s] Level 5:colcon.colcon_core.verb:set package 'lbr_ros2_control' build argument 'ament_cmake_args' from command line to 'None'
[0.839s] Level 5:colcon.colcon_core.verb:set package 'lbr_ros2_control' build argument 'catkin_cmake_args' from command line to 'None'
[0.839s] Level 5:colcon.colcon_core.verb:set package 'lbr_ros2_control' build argument 'catkin_skip_building_tests' from command line to 'False'
[0.839s] DEBUG:colcon.colcon_core.verb:Building package 'lbr_ros2_control' with the following arguments: {'ament_cmake_args': None, 'build_base': '/home/khamrouni/lbr-stack/src/lbr_fri_ros2_stack/build/lbr_ros2_control', 'catkin_cmake_args': None, 'catkin_skip_building_tests': False, 'cmake_args': None, 'cmake_clean_cache': False, 'cmake_clean_first': False, 'cmake_force_configure': False, 'cmake_target': None, 'cmake_target_skip_unavailable': False, 'install_base': '/home/khamrouni/lbr-stack/src/lbr_fri_ros2_stack/install/lbr_ros2_control', 'merge_install': False, 'path': '/home/khamrouni/lbr-stack/src/lbr_fri_ros2_stack/lbr_ros2_control', 'symlink_install': False, 'test_result_base': None}
[0.840s] Level 5:colcon.colcon_core.verb:set package 'lbr_bringup' build argument 'cmake_args' from command line to 'None'
[0.840s] Level 5:colcon.colcon_core.verb:set package 'lbr_bringup' build argument 'cmake_target' from command line to 'None'
[0.840s] Level 5:colcon.colcon_core.verb:set package 'lbr_bringup' build argument 'cmake_target_skip_unavailable' from command line to 'False'
[0.840s] Level 5:colcon.colcon_core.verb:set package 'lbr_bringup' build argument 'cmake_clean_cache' from command line to 'False'
[0.840s] Level 5:colcon.colcon_core.verb:set package 'lbr_bringup' build argument 'cmake_clean_first' from command line to 'False'
[0.840s] Level 5:colcon.colcon_core.verb:set package 'lbr_bringup' build argument 'cmake_force_configure' from command line to 'False'
[0.841s] Level 5:colcon.colcon_core.verb:set package 'lbr_bringup' build argument 'ament_cmake_args' from command line to 'None'
[0.841s] Level 5:colcon.colcon_core.verb:set package 'lbr_bringup' build argument 'catkin_cmake_args' from command line to 'None'
[0.841s] Level 5:colcon.colcon_core.verb:set package 'lbr_bringup' build argument 'catkin_skip_building_tests' from command line to 'False'
[0.841s] DEBUG:colcon.colcon_core.verb:Building package 'lbr_bringup' with the following arguments: {'ament_cmake_args': None, 'build_base': '/home/khamrouni/lbr-stack/src/lbr_fri_ros2_stack/build/lbr_bringup', 'catkin_cmake_args': None, 'catkin_skip_building_tests': False, 'cmake_args': None, 'cmake_clean_cache': False, 'cmake_clean_first': False, 'cmake_force_configure': False, 'cmake_target': None, 'cmake_target_skip_unavailable': False, 'install_base': '/home/khamrouni/lbr-stack/src/lbr_fri_ros2_stack/install/lbr_bringup', 'merge_install': False, 'path': '/home/khamrouni/lbr-stack/src/lbr_fri_ros2_stack/lbr_bringup', 'symlink_install': False, 'test_result_base': None}
[0.842s] Level 5:colcon.colcon_core.verb:set package 'lbr_demos_cpp' build argument 'cmake_args' from command line to 'None'
[0.842s] Level 5:colcon.colcon_core.verb:set package 'lbr_demos_cpp' build argument 'cmake_target' from command line to 'None'
[0.842s] Level 5:colcon.colcon_core.verb:set package 'lbr_demos_cpp' build argument 'cmake_target_skip_unavailable' from command line to 'False'
[0.842s] Level 5:colcon.colcon_core.verb:set package 'lbr_demos_cpp' build argument 'cmake_clean_cache' from command line to 'False'
[0.842s] Level 5:colcon.colcon_core.verb:set package 'lbr_demos_cpp' build argument 'cmake_clean_first' from command line to 'False'
[0.842s] Level 5:colcon.colcon_core.verb:set package 'lbr_demos_cpp' build argument 'cmake_force_configure' from command line to 'False'
[0.842s] Level 5:colcon.colcon_core.verb:set package 'lbr_demos_cpp' build argument 'ament_cmake_args' from command line to 'None'
[0.842s] Level 5:colcon.colcon_core.verb:set package 'lbr_demos_cpp' build argument 'catkin_cmake_args' from command line to 'None'
[0.842s] Level 5:colcon.colcon_core.verb:set package 'lbr_demos_cpp' build argument 'catkin_skip_building_tests' from command line to 'False'
[0.842s] DEBUG:colcon.colcon_core.verb:Building package 'lbr_demos_cpp' with the following arguments: {'ament_cmake_args': None, 'build_base': '/home/khamrouni/lbr-stack/src/lbr_fri_ros2_stack/build/lbr_demos_cpp', 'catkin_cmake_args': None, 'catkin_skip_building_tests': False, 'cmake_args': None, 'cmake_clean_cache': False, 'cmake_clean_first': False, 'cmake_force_configure': False, 'cmake_target': None, 'cmake_target_skip_unavailable': False, 'install_base': '/home/khamrouni/lbr-stack/src/lbr_fri_ros2_stack/install/lbr_demos_cpp', 'merge_install': False, 'path': '/home/khamrouni/lbr-stack/src/lbr_fri_ros2_stack/lbr_demos/lbr_demos_cpp', 'symlink_install': False, 'test_result_base': None}
[0.843s] Level 5:colcon.colcon_core.verb:set package 'lbr_demos_py' build argument 'cmake_args' from command line to 'None'
[0.843s] Level 5:colcon.colcon_core.verb:set package 'lbr_demos_py' build argument 'cmake_target' from command line to 'None'
[0.843s] Level 5:colcon.colcon_core.verb:set package 'lbr_demos_py' build argument 'cmake_target_skip_unavailable' from command line to 'False'
[0.843s] Level 5:colcon.colcon_core.verb:set package 'lbr_demos_py' build argument 'cmake_clean_cache' from command line to 'False'
[0.843s] Level 5:colcon.colcon_core.verb:set package 'lbr_demos_py' build argument 'cmake_clean_first' from command line to 'False'
[0.843s] Level 5:colcon.colcon_core.verb:set package 'lbr_demos_py' build argument 'cmake_force_configure' from command line to 'False'
[0.843s] Level 5:colcon.colcon_core.verb:set package 'lbr_demos_py' build argument 'ament_cmake_args' from command line to 'None'
[0.843s] Level 5:colcon.colcon_core.verb:set package 'lbr_demos_py' build argument 'catkin_cmake_args' from command line to 'None'
[0.843s] Level 5:colcon.colcon_core.verb:set package 'lbr_demos_py' build argument 'catkin_skip_building_tests' from command line to 'False'
[0.843s] DEBUG:colcon.colcon_core.verb:Building package 'lbr_demos_py' with the following arguments: {'ament_cmake_args': None, 'build_base': '/home/khamrouni/lbr-stack/src/lbr_fri_ros2_stack/build/lbr_demos_py', 'catkin_cmake_args': None, 'catkin_skip_building_tests': False, 'cmake_args': None, 'cmake_clean_cache': False, 'cmake_clean_first': False, 'cmake_force_configure': False, 'cmake_target': None, 'cmake_target_skip_unavailable': False, 'install_base': '/home/khamrouni/lbr-stack/src/lbr_fri_ros2_stack/install/lbr_demos_py', 'merge_install': False, 'path': '/home/khamrouni/lbr-stack/src/lbr_fri_ros2_stack/lbr_demos/lbr_demos_py', 'symlink_install': False, 'test_result_base': None}
[0.844s] Level 5:colcon.colcon_core.verb:set package 'lbr_fri_ros2_stack' build argument 'cmake_args' from command line to 'None'
[0.844s] Level 5:colcon.colcon_core.verb:set package 'lbr_fri_ros2_stack' build argument 'cmake_target' from command line to 'None'
[0.844s] Level 5:colcon.colcon_core.verb:set package 'lbr_fri_ros2_stack' build argument 'cmake_target_skip_unavailable' from command line to 'False'
[0.844s] Level 5:colcon.colcon_core.verb:set package 'lbr_fri_ros2_stack' build argument 'cmake_clean_cache' from command line to 'False'
[0.844s] Level 5:colcon.colcon_core.verb:set package 'lbr_fri_ros2_stack' build argument 'cmake_clean_first' from command line to 'False'
[0.844s] Level 5:colcon.colcon_core.verb:set package 'lbr_fri_ros2_stack' build argument 'cmake_force_configure' from command line to 'False'
[0.844s] Level 5:colcon.colcon_core.verb:set package 'lbr_fri_ros2_stack' build argument 'ament_cmake_args' from command line to 'None'
[0.844s] Level 5:colcon.colcon_core.verb:set package 'lbr_fri_ros2_stack' build argument 'catkin_cmake_args' from command line to 'None'
[0.844s] Level 5:colcon.colcon_core.verb:set package 'lbr_fri_ros2_stack' build argument 'catkin_skip_building_tests' from command line to 'False'
[0.844s] DEBUG:colcon.colcon_core.verb:Building package 'lbr_fri_ros2_stack' with the following arguments: {'ament_cmake_args': None, 'build_base': '/home/khamrouni/lbr-stack/src/lbr_fri_ros2_stack/build/lbr_fri_ros2_stack', 'catkin_cmake_args': None, 'catkin_skip_building_tests': False, 'cmake_args': None, 'cmake_clean_cache': False, 'cmake_clean_first': False, 'cmake_force_configure': False, 'cmake_target': None, 'cmake_target_skip_unavailable': False, 'install_base': '/home/khamrouni/lbr-stack/src/lbr_fri_ros2_stack/install/lbr_fri_ros2_stack', 'merge_install': False, 'path': '/home/khamrouni/lbr-stack/src/lbr_fri_ros2_stack/lbr_fri_ros2_stack', 'symlink_install': False, 'test_result_base': None}
[0.845s] INFO:colcon.colcon_core.executor:Executing jobs using 'parallel' executor
[0.846s] DEBUG:colcon.colcon_parallel_executor.executor.parallel:run_until_complete
[0.847s] INFO:colcon.colcon_ros.task.ament_cmake.build:Building ROS package in '/home/khamrouni/lbr-stack/src/lbr_fri_ros2_stack/lbr_description' with build type 'ament_cmake'
[0.847s] INFO:colcon.colcon_cmake.task.cmake.build:Building CMake package in '/home/khamrouni/lbr-stack/src/lbr_fri_ros2_stack/lbr_description'
[0.851s] INFO:colcon.colcon_core.plugin_system:Skipping extension 'colcon_core.shell.bat': Not used on non-Windows systems
[0.851s] INFO:colcon.colcon_core.shell:Skip shell extension 'powershell' for command environment: Not usable outside of PowerShell
[0.851s] DEBUG:colcon.colcon_core.shell:Skip shell extension 'dsv' for command environment
[0.869s] INFO:colcon.colcon_ros.task.ament_python.build:Building ROS package in '/home/khamrouni/lbr-stack/src/lbr_fri_ros2_stack/lbr_demos/lbr_moveit' with build type 'ament_python'
[0.869s] Level 1:colcon.colcon_core.shell:create_environment_hook('lbr_moveit', 'ament_prefix_path')
[0.869s] INFO:colcon.colcon_core.shell:Creating environment hook '/home/khamrouni/lbr-stack/src/lbr_fri_ros2_stack/install/lbr_moveit/share/lbr_moveit/hook/ament_prefix_path.ps1'
[0.870s] INFO:colcon.colcon_core.shell:Creating environment descriptor '/home/khamrouni/lbr-stack/src/lbr_fri_ros2_stack/install/lbr_moveit/share/lbr_moveit/hook/ament_prefix_path.dsv'
[0.871s] INFO:colcon.colcon_core.shell:Creating environment hook '/home/khamrouni/lbr-stack/src/lbr_fri_ros2_stack/install/lbr_moveit/share/lbr_moveit/hook/ament_prefix_path.sh'
[0.873s] INFO:colcon.colcon_core.shell:Skip shell extension 'powershell' for command environment: Not usable outside of PowerShell
[0.873s] DEBUG:colcon.colcon_core.shell:Skip shell extension 'dsv' for command environment
[0.886s] INFO:colcon.colcon_ros.task.ament_cmake.build:Building ROS package in '/home/khamrouni/lbr-stack/src/lbr_fri_ros2_stack/lbr_demos/lbr_moveit_cpp' with build type 'ament_cmake'
[0.887s] INFO:colcon.colcon_cmake.task.cmake.build:Building CMake package in '/home/khamrouni/lbr-stack/src/lbr_fri_ros2_stack/lbr_demos/lbr_moveit_cpp'
[0.887s] INFO:colcon.colcon_core.shell:Skip shell extension 'powershell' for command environment: Not usable outside of PowerShell
[0.887s] DEBUG:colcon.colcon_core.shell:Skip shell extension 'dsv' for command environment
[0.911s] DEBUG:colcon.colcon_core.event_handler.log_command:Invoking command in '/home/khamrouni/lbr-stack/src/lbr_fri_ros2_stack/build/lbr_description': CMAKE_PREFIX_PATH=${CMAKE_PREFIX_PATH}:/home/khamrouni/ws_moveit/install/moveit_configs_utils:/home/khamrouni/ws_moveit/install/launch_param_builder:/opt/ros/humble /usr/bin/cmake --build /home/khamrouni/lbr-stack/src/lbr_fri_ros2_stack/build/lbr_description -- -j8 -l8
[1.501s] INFO:colcon.colcon_core.task.python.build:Building Python package in '/home/khamrouni/lbr-stack/src/lbr_fri_ros2_stack/lbr_demos/lbr_moveit'
[1.501s] INFO:colcon.colcon_core.shell:Skip shell extension 'powershell' for command environment: Not usable outside of PowerShell
[1.501s] DEBUG:colcon.colcon_core.shell:Skip shell extension 'dsv' for command environment
[1.522s] DEBUG:colcon.colcon_core.event_handler.log_command:Invoking command in '/home/khamrouni/lbr-stack/src/lbr_fri_ros2_stack/build/lbr_moveit_cpp': CMAKE_PREFIX_PATH=${CMAKE_PREFIX_PATH}:/home/khamrouni/ws_moveit/install/moveit_configs_utils:/home/khamrouni/ws_moveit/install/launch_param_builder:/opt/ros/humble /usr/bin/cmake --build /home/khamrouni/lbr-stack/src/lbr_fri_ros2_stack/build/lbr_moveit_cpp -- -j8 -l8
[1.523s] DEBUG:colcon.colcon_core.event_handler.log_command:Invoked command in '/home/khamrouni/lbr-stack/src/lbr_fri_ros2_stack/build/lbr_description' returned '0': CMAKE_PREFIX_PATH=${CMAKE_PREFIX_PATH}:/home/khamrouni/ws_moveit/install/moveit_configs_utils:/home/khamrouni/ws_moveit/install/launch_param_builder:/opt/ros/humble /usr/bin/cmake --build /home/khamrouni/lbr-stack/src/lbr_fri_ros2_stack/build/lbr_description -- -j8 -l8
[1.545s] DEBUG:colcon.colcon_core.event_handler.log_command:Invoking command in '/home/khamrouni/lbr-stack/src/lbr_fri_ros2_stack/build/lbr_description': CMAKE_PREFIX_PATH=${CMAKE_PREFIX_PATH}:/home/khamrouni/ws_moveit/install/moveit_configs_utils:/home/khamrouni/ws_moveit/install/launch_param_builder:/opt/ros/humble /usr/bin/cmake --install /home/khamrouni/lbr-stack/src/lbr_fri_ros2_stack/build/lbr_description
[1.570s] Level 1:colcon.colcon_core.environment:create_environment_scripts_only(lbr_description)
[1.587s] DEBUG:colcon.colcon_core.event_handler.log_command:Invoked command in '/home/khamrouni/lbr-stack/src/lbr_fri_ros2_stack/build/lbr_description' returned '0': CMAKE_PREFIX_PATH=${CMAKE_PREFIX_PATH}:/home/khamrouni/ws_moveit/install/moveit_configs_utils:/home/khamrouni/ws_moveit/install/launch_param_builder:/opt/ros/humble /usr/bin/cmake --install /home/khamrouni/lbr-stack/src/lbr_fri_ros2_stack/build/lbr_description
[1.588s] Level 1:colcon.colcon_core.environment:checking '/home/khamrouni/lbr-stack/src/lbr_fri_ros2_stack/install/lbr_description' for CMake module files
[1.589s] Level 1:colcon.colcon_core.environment:checking '/home/khamrouni/lbr-stack/src/lbr_fri_ros2_stack/install/lbr_description' for CMake config files
[1.590s] Level 1:colcon.colcon_core.shell:create_environment_hook('lbr_description', 'cmake_prefix_path')
[1.590s] INFO:colcon.colcon_core.shell:Creating environment hook '/home/khamrouni/lbr-stack/src/lbr_fri_ros2_stack/install/lbr_description/share/lbr_description/hook/cmake_prefix_path.ps1'
[1.591s] INFO:colcon.colcon_core.shell:Creating environment descriptor '/home/khamrouni/lbr-stack/src/lbr_fri_ros2_stack/install/lbr_description/share/lbr_description/hook/cmake_prefix_path.dsv'
[1.591s] INFO:colcon.colcon_core.shell:Creating environment hook '/home/khamrouni/lbr-stack/src/lbr_fri_ros2_stack/install/lbr_description/share/lbr_description/hook/cmake_prefix_path.sh'
[1.592s] Level 1:colcon.colcon_core.environment:checking '/home/khamrouni/lbr-stack/src/lbr_fri_ros2_stack/install/lbr_description/bin'
[1.592s] Level 1:colcon.colcon_core.environment:checking '/home/khamrouni/lbr-stack/src/lbr_fri_ros2_stack/install/lbr_description/lib/pkgconfig/lbr_description.pc'
[1.593s] Level 1:colcon.colcon_core.environment:checking '/home/khamrouni/lbr-stack/src/lbr_fri_ros2_stack/install/lbr_description/lib/python3.10/site-packages'
[1.593s] Level 1:colcon.colcon_core.environment:checking '/home/khamrouni/lbr-stack/src/lbr_fri_ros2_stack/install/lbr_description/bin'
[1.594s] INFO:colcon.colcon_core.shell:Creating package script '/home/khamrouni/lbr-stack/src/lbr_fri_ros2_stack/install/lbr_description/share/lbr_description/package.ps1'
[1.595s] INFO:colcon.colcon_core.shell:Creating package descriptor '/home/khamrouni/lbr-stack/src/lbr_fri_ros2_stack/install/lbr_description/share/lbr_description/package.dsv'
[1.596s] INFO:colcon.colcon_core.shell:Creating package script '/home/khamrouni/lbr-stack/src/lbr_fri_ros2_stack/install/lbr_description/share/lbr_description/package.sh'
[1.597s] INFO:colcon.colcon_core.shell:Creating package script '/home/khamrouni/lbr-stack/src/lbr_fri_ros2_stack/install/lbr_description/share/lbr_description/package.bash'
[1.599s] INFO:colcon.colcon_core.shell:Creating package script '/home/khamrouni/lbr-stack/src/lbr_fri_ros2_stack/install/lbr_description/share/lbr_description/package.zsh'
[1.600s] Level 1:colcon.colcon_core.environment:create_file_with_runtime_dependencies(/home/khamrouni/lbr-stack/src/lbr_fri_ros2_stack/install/lbr_description/share/colcon-core/packages/lbr_description)
[1.601s] Level 1:colcon.colcon_core.environment:create_environment_scripts_only(lbr_description)
[1.601s] Level 1:colcon.colcon_core.environment:checking '/home/khamrouni/lbr-stack/src/lbr_fri_ros2_stack/install/lbr_description' for CMake module files
[1.602s] Level 1:colcon.colcon_core.environment:checking '/home/khamrouni/lbr-stack/src/lbr_fri_ros2_stack/install/lbr_description' for CMake config files
[1.602s] Level 1:colcon.colcon_core.shell:create_environment_hook('lbr_description', 'cmake_prefix_path')
[1.603s] INFO:colcon.colcon_core.shell:Creating environment hook '/home/khamrouni/lbr-stack/src/lbr_fri_ros2_stack/install/lbr_description/share/lbr_description/hook/cmake_prefix_path.ps1'
[1.604s] INFO:colcon.colcon_core.shell:Creating environment descriptor '/home/khamrouni/lbr-stack/src/lbr_fri_ros2_stack/install/lbr_description/share/lbr_description/hook/cmake_prefix_path.dsv'
[1.604s] INFO:colcon.colcon_core.shell:Creating environment hook '/home/khamrouni/lbr-stack/src/lbr_fri_ros2_stack/install/lbr_description/share/lbr_description/hook/cmake_prefix_path.sh'
[1.605s] Level 1:colcon.colcon_core.environment:checking '/home/khamrouni/lbr-stack/src/lbr_fri_ros2_stack/install/lbr_description/bin'
[1.605s] Level 1:colcon.colcon_core.environment:checking '/home/khamrouni/lbr-stack/src/lbr_fri_ros2_stack/install/lbr_description/lib/pkgconfig/lbr_description.pc'
[1.606s] Level 1:colcon.colcon_core.environment:checking '/home/khamrouni/lbr-stack/src/lbr_fri_ros2_stack/install/lbr_description/lib/python3.10/site-packages'
[1.606s] Level 1:colcon.colcon_core.environment:checking '/home/khamrouni/lbr-stack/src/lbr_fri_ros2_stack/install/lbr_description/bin'
[1.606s] INFO:colcon.colcon_core.shell:Creating package script '/home/khamrouni/lbr-stack/src/lbr_fri_ros2_stack/install/lbr_description/share/lbr_description/package.ps1'
[1.607s] INFO:colcon.colcon_core.shell:Creating package descriptor '/home/khamrouni/lbr-stack/src/lbr_fri_ros2_stack/install/lbr_description/share/lbr_description/package.dsv'
[1.608s] INFO:colcon.colcon_core.shell:Creating package script '/home/khamrouni/lbr-stack/src/lbr_fri_ros2_stack/install/lbr_description/share/lbr_description/package.sh'
[1.609s] INFO:colcon.colcon_core.shell:Creating package script '/home/khamrouni/lbr-stack/src/lbr_fri_ros2_stack/install/lbr_description/share/lbr_description/package.bash'
[1.611s] INFO:colcon.colcon_core.shell:Creating package script '/home/khamrouni/lbr-stack/src/lbr_fri_ros2_stack/install/lbr_description/share/lbr_description/package.zsh'
[1.612s] Level 1:colcon.colcon_core.environment:create_file_with_runtime_dependencies(/home/khamrouni/lbr-stack/src/lbr_fri_ros2_stack/install/lbr_description/share/colcon-core/packages/lbr_description)
[1.612s] INFO:colcon.colcon_ros.task.ament_cmake.build:Building ROS package in '/home/khamrouni/lbr-stack/src/lbr_fri_ros2_stack/lbr_fri_ros2' with build type 'ament_cmake'
[1.613s] INFO:colcon.colcon_cmake.task.cmake.build:Building CMake package in '/home/khamrouni/lbr-stack/src/lbr_fri_ros2_stack/lbr_fri_ros2'
[1.613s] INFO:colcon.colcon_core.shell:Skip shell extension 'powershell' for command environment: Not usable outside of PowerShell
[1.613s] DEBUG:colcon.colcon_core.shell:Skip shell extension 'dsv' for command environment
[1.628s] INFO:colcon.colcon_ros.task.ament_cmake.build:Building ROS package in '/home/khamrouni/lbr-stack/src/lbr_fri_ros2_stack/lbr_moveit_config/iiwa14_moveit_config' with build type 'ament_cmake'
[1.628s] INFO:colcon.colcon_cmake.task.cmake.build:Building CMake package in '/home/khamrouni/lbr-stack/src/lbr_fri_ros2_stack/lbr_moveit_config/iiwa14_moveit_config'
[1.628s] INFO:colcon.colcon_core.shell:Skip shell extension 'powershell' for command environment: Not usable outside of PowerShell
[1.628s] DEBUG:colcon.colcon_core.shell:Skip shell extension 'dsv' for command environment
[1.648s] INFO:colcon.colcon_ros.task.ament_cmake.build:Building ROS package in '/home/khamrouni/lbr-stack/src/lbr_fri_ros2_stack/lbr_moveit_config/iiwa7_moveit_config' with build type 'ament_cmake'
[1.648s] INFO:colcon.colcon_cmake.task.cmake.build:Building CMake package in '/home/khamrouni/lbr-stack/src/lbr_fri_ros2_stack/lbr_moveit_config/iiwa7_moveit_config'
[1.649s] INFO:colcon.colcon_core.shell:Skip shell extension 'powershell' for command environment: Not usable outside of PowerShell
[1.649s] DEBUG:colcon.colcon_core.shell:Skip shell extension 'dsv' for command environment
[1.675s] INFO:colcon.colcon_ros.task.ament_cmake.build:Building ROS package in '/home/khamrouni/lbr-stack/src/lbr_fri_ros2_stack/lbr_moveit_config/med14_moveit_config' with build type 'ament_cmake'
[1.676s] INFO:colcon.colcon_cmake.task.cmake.build:Building CMake package in '/home/khamrouni/lbr-stack/src/lbr_fri_ros2_stack/lbr_moveit_config/med14_moveit_config'
[1.676s] INFO:colcon.colcon_core.shell:Skip shell extension 'powershell' for command environment: Not usable outside of PowerShell
[1.677s] DEBUG:colcon.colcon_core.shell:Skip shell extension 'dsv' for command environment
[1.702s] INFO:colcon.colcon_ros.task.ament_cmake.build:Building ROS package in '/home/khamrouni/lbr-stack/src/lbr_fri_ros2_stack/lbr_moveit_config/med7_moveit_config' with build type 'ament_cmake'
[1.702s] INFO:colcon.colcon_cmake.task.cmake.build:Building CMake package in '/home/khamrouni/lbr-stack/src/lbr_fri_ros2_stack/lbr_moveit_config/med7_moveit_config'
[1.703s] INFO:colcon.colcon_core.shell:Skip shell extension 'powershell' for command environment: Not usable outside of PowerShell
[1.703s] DEBUG:colcon.colcon_core.shell:Skip shell extension 'dsv' for command environment
[1.732s] DEBUG:colcon.colcon_core.event_handler.log_command:Invoked command in '/home/khamrouni/lbr-stack/src/lbr_fri_ros2_stack/build/lbr_moveit_cpp' returned '0': CMAKE_PREFIX_PATH=${CMAKE_PREFIX_PATH}:/home/khamrouni/ws_moveit/install/moveit_configs_utils:/home/khamrouni/ws_moveit/install/launch_param_builder:/opt/ros/humble /usr/bin/cmake --build /home/khamrouni/lbr-stack/src/lbr_fri_ros2_stack/build/lbr_moveit_cpp -- -j8 -l8
[1.738s] DEBUG:colcon.colcon_core.event_handler.log_command:Invoking command in '/home/khamrouni/lbr-stack/src/lbr_fri_ros2_stack/build/lbr_moveit_cpp': CMAKE_PREFIX_PATH=${CMAKE_PREFIX_PATH}:/home/khamrouni/ws_moveit/install/moveit_configs_utils:/home/khamrouni/ws_moveit/install/launch_param_builder:/opt/ros/humble /usr/bin/cmake --install /home/khamrouni/lbr-stack/src/lbr_fri_ros2_stack/build/lbr_moveit_cpp
[1.744s] DEBUG:colcon.colcon_core.event_handler.log_command:Invoking command in '/home/khamrouni/lbr-stack/src/lbr_fri_ros2_stack/build/lbr_fri_ros2': AMENT_PREFIX_PATH=/home/khamrouni/lbr-stack/src/lbr_fri_ros2_stack/install/lbr_description:${AMENT_PREFIX_PATH} CMAKE_PREFIX_PATH=/home/khamrouni/lbr-stack/src/lbr_fri_ros2_stack/install/lbr_description:/home/khamrouni/ws_moveit/install/pilz_industrial_motion_planner_testutils:/home/khamrouni/ws_moveit/install/moveit_runtime:/home/khamrouni/ws_moveit/install/moveit2_tutorials:/home/khamrouni/ws_moveit/install/moveit:/home/khamrouni/ws_moveit/install/moveit_planners:/home/khamrouni/ws_moveit/install/pilz_industrial_motion_planner:/home/khamrouni/ws_moveit/install/moveit_visual_tools:/home/khamrouni/ws_moveit/install/moveit_task_constructor_visualization:/home/khamrouni/ws_moveit/install/moveit_task_constructor_demo:/home/khamrouni/ws_moveit/install/moveit_task_constructor_capabilities:/home/khamrouni/ws_moveit/install/moveit_task_constructor_core:/home/khamrouni/ws_moveit/install/moveit_ros_control_interface:/home/khamrouni/ws_moveit/install/moveit_plugins:/home/khamrouni/ws_moveit/install/moveit_simple_controller_manager:/home/khamrouni/ws_moveit/install/moveit_setup_assistant:/home/khamrouni/ws_moveit/install/moveit_setup_srdf_plugins:/home/khamrouni/ws_moveit/install/moveit_setup_core_plugins:/home/khamrouni/ws_moveit/install/moveit_setup_controllers:/home/khamrouni/ws_moveit/install/moveit_setup_app_plugins:/home/khamrouni/ws_moveit/install/moveit_setup_framework:/home/khamrouni/ws_moveit/install/moveit_servo:/home/khamrouni/ws_moveit/install/moveit_ros:/home/khamrouni/ws_moveit/install/moveit_ros_visualization:/home/khamrouni/ws_moveit/install/moveit_hybrid_planning:/home/khamrouni/ws_moveit/install/move_program:/home/khamrouni/ws_moveit/install/hello_moveit:/home/khamrouni/ws_moveit/install/moveit_ros_planning_interface:/home/khamrouni/ws_moveit/install/moveit_ros_benchmarks:/home/khamrouni/ws_moveit/install/moveit_ros_warehouse:/home/khamrouni/ws_moveit/install/moveit_ros_robot_interaction:/home/khamrouni/ws_moveit/install/moveit_ros_perception:/home/khamrouni/ws_moveit/install/moveit_resources_prbt_pg70_support:/home/khamrouni/ws_moveit/install/moveit_resources_prbt_moveit_config:/home/khamrouni/ws_moveit/install/moveit_ros_move_group:/home/khamrouni/ws_moveit/install/moveit_planners_ompl:/home/khamrouni/ws_moveit/install/moveit_ros_planning:/home/khamrouni/ws_moveit/install/moveit_ros_occupancy_map_monitor:/home/khamrouni/ws_moveit/install/moveit_resources_prbt_ikfast_manipulator_plugin:/home/khamrouni/ws_moveit/install/moveit_planners_chomp:/home/khamrouni/ws_moveit/install/moveit_kinematics:/home/khamrouni/ws_moveit/install/moveit_chomp_optimizer_adapter:/home/khamrouni/ws_moveit/install/chomp_motion_planner:/home/khamrouni/ws_moveit/install/moveit_core:/home/khamrouni/ws_moveit/install/srdfdom:/home/khamrouni/ws_moveit/install/rviz_marker_tools:/home/khamrouni/ws_moveit/install/rosparam_shortcuts:/home/khamrouni/ws_moveit/install/moveit_task_constructor_msgs:/home/khamrouni/ws_moveit/install/moveit_resources_prbt_support:/home/khamrouni/ws_moveit/install/moveit_resources:/home/khamrouni/ws_moveit/install/moveit_resources_pr2_description:/home/khamrouni/ws_moveit/install/moveit_resources_panda_moveit_config:/home/khamrouni/ws_moveit/install/moveit_resources_panda_description:/home/khamrouni/ws_moveit/install/moveit_resources_fanuc_moveit_config:/home/khamrouni/ws_moveit/install/moveit_resources_fanuc_description:/home/khamrouni/ws_moveit/install/moveit_common:/home/khamrouni/robot_ws/install/iiwa_description:/home/khamrouni/ros2_ws/install/polygon_base:/home/khamrouni/ros2_ws/install/iiwa_bringup:/home/khamrouni/ros2_ws/install/iiwa_description:/home/khamrouni/ros2_ws/install/examples_rclcpp_minimal_action_client:/home/khamrouni/ros2_ws/install/examples_rclcpp_cbg_executor:/home/khamrouni/ros2_ws/install/examples_rclcpp_async_client:/home/khamrouni/ros2_ws/install/cpp_parameters:/home/khamrouni/ws_moveit/install/moveit_configs_utils:/home/khamrouni/ws_moveit/install/launch_param_builder:/opt/ros/humble /usr/bin/cmake --build /home/khamrouni/lbr-stack/src/lbr_fri_ros2_stack/build/lbr_fri_ros2 -- -j8 -l8
[1.753s] DEBUG:colcon.colcon_core.event_handler.log_command:Invoking command in '/home/khamrouni/lbr-stack/src/lbr_fri_ros2_stack/build/iiwa14_moveit_config': AMENT_PREFIX_PATH=/home/khamrouni/lbr-stack/src/lbr_fri_ros2_stack/install/lbr_description:${AMENT_PREFIX_PATH} CMAKE_PREFIX_PATH=/home/khamrouni/lbr-stack/src/lbr_fri_ros2_stack/install/lbr_description:/home/khamrouni/ws_moveit/install/pilz_industrial_motion_planner_testutils:/home/khamrouni/ws_moveit/install/moveit_runtime:/home/khamrouni/ws_moveit/install/moveit2_tutorials:/home/khamrouni/ws_moveit/install/moveit:/home/khamrouni/ws_moveit/install/moveit_planners:/home/khamrouni/ws_moveit/install/pilz_industrial_motion_planner:/home/khamrouni/ws_moveit/install/moveit_visual_tools:/home/khamrouni/ws_moveit/install/moveit_task_constructor_visualization:/home/khamrouni/ws_moveit/install/moveit_task_constructor_demo:/home/khamrouni/ws_moveit/install/moveit_task_constructor_capabilities:/home/khamrouni/ws_moveit/install/moveit_task_constructor_core:/home/khamrouni/ws_moveit/install/moveit_ros_control_interface:/home/khamrouni/ws_moveit/install/moveit_plugins:/home/khamrouni/ws_moveit/install/moveit_simple_controller_manager:/home/khamrouni/ws_moveit/install/moveit_setup_assistant:/home/khamrouni/ws_moveit/install/moveit_setup_srdf_plugins:/home/khamrouni/ws_moveit/install/moveit_setup_core_plugins:/home/khamrouni/ws_moveit/install/moveit_setup_controllers:/home/khamrouni/ws_moveit/install/moveit_setup_app_plugins:/home/khamrouni/ws_moveit/install/moveit_setup_framework:/home/khamrouni/ws_moveit/install/moveit_servo:/home/khamrouni/ws_moveit/install/moveit_ros:/home/khamrouni/ws_moveit/install/moveit_ros_visualization:/home/khamrouni/ws_moveit/install/moveit_hybrid_planning:/home/khamrouni/ws_moveit/install/move_program:/home/khamrouni/ws_moveit/install/hello_moveit:/home/khamrouni/ws_moveit/install/moveit_ros_planning_interface:/home/khamrouni/ws_moveit/install/moveit_ros_benchmarks:/home/khamrouni/ws_moveit/install/moveit_ros_warehouse:/home/khamrouni/ws_moveit/install/moveit_ros_robot_interaction:/home/khamrouni/ws_moveit/install/moveit_ros_perception:/home/khamrouni/ws_moveit/install/moveit_resources_prbt_pg70_support:/home/khamrouni/ws_moveit/install/moveit_resources_prbt_moveit_config:/home/khamrouni/ws_moveit/install/moveit_ros_move_group:/home/khamrouni/ws_moveit/install/moveit_planners_ompl:/home/khamrouni/ws_moveit/install/moveit_ros_planning:/home/khamrouni/ws_moveit/install/moveit_ros_occupancy_map_monitor:/home/khamrouni/ws_moveit/install/moveit_resources_prbt_ikfast_manipulator_plugin:/home/khamrouni/ws_moveit/install/moveit_planners_chomp:/home/khamrouni/ws_moveit/install/moveit_kinematics:/home/khamrouni/ws_moveit/install/moveit_chomp_optimizer_adapter:/home/khamrouni/ws_moveit/install/chomp_motion_planner:/home/khamrouni/ws_moveit/install/moveit_core:/home/khamrouni/ws_moveit/install/srdfdom:/home/khamrouni/ws_moveit/install/rviz_marker_tools:/home/khamrouni/ws_moveit/install/rosparam_shortcuts:/home/khamrouni/ws_moveit/install/moveit_task_constructor_msgs:/home/khamrouni/ws_moveit/install/moveit_resources_prbt_support:/home/khamrouni/ws_moveit/install/moveit_resources:/home/khamrouni/ws_moveit/install/moveit_resources_pr2_description:/home/khamrouni/ws_moveit/install/moveit_resources_panda_moveit_config:/home/khamrouni/ws_moveit/install/moveit_resources_panda_description:/home/khamrouni/ws_moveit/install/moveit_resources_fanuc_moveit_config:/home/khamrouni/ws_moveit/install/moveit_resources_fanuc_description:/home/khamrouni/ws_moveit/install/moveit_common:/home/khamrouni/robot_ws/install/iiwa_description:/home/khamrouni/ros2_ws/install/polygon_base:/home/khamrouni/ros2_ws/install/iiwa_bringup:/home/khamrouni/ros2_ws/install/iiwa_description:/home/khamrouni/ros2_ws/install/examples_rclcpp_minimal_action_client:/home/khamrouni/ros2_ws/install/examples_rclcpp_cbg_executor:/home/khamrouni/ros2_ws/install/examples_rclcpp_async_client:/home/khamrouni/ros2_ws/install/cpp_parameters:/home/khamrouni/ws_moveit/install/moveit_configs_utils:/home/khamrouni/ws_moveit/install/launch_param_builder:/opt/ros/humble /usr/bin/cmake --build /home/khamrouni/lbr-stack/src/lbr_fri_ros2_stack/build/iiwa14_moveit_config -- -j8 -l8
[1.762s] DEBUG:colcon.colcon_core.event_handler.log_command:Invoking command in '/home/khamrouni/lbr-stack/src/lbr_fri_ros2_stack/build/iiwa7_moveit_config': AMENT_PREFIX_PATH=/home/khamrouni/lbr-stack/src/lbr_fri_ros2_stack/install/lbr_description:${AMENT_PREFIX_PATH} CMAKE_PREFIX_PATH=/home/khamrouni/lbr-stack/src/lbr_fri_ros2_stack/install/lbr_description:/home/khamrouni/ws_moveit/install/pilz_industrial_motion_planner_testutils:/home/khamrouni/ws_moveit/install/moveit_runtime:/home/khamrouni/ws_moveit/install/moveit2_tutorials:/home/khamrouni/ws_moveit/install/moveit:/home/khamrouni/ws_moveit/install/moveit_planners:/home/khamrouni/ws_moveit/install/pilz_industrial_motion_planner:/home/khamrouni/ws_moveit/install/moveit_visual_tools:/home/khamrouni/ws_moveit/install/moveit_task_constructor_visualization:/home/khamrouni/ws_moveit/install/moveit_task_constructor_demo:/home/khamrouni/ws_moveit/install/moveit_task_constructor_capabilities:/home/khamrouni/ws_moveit/install/moveit_task_constructor_core:/home/khamrouni/ws_moveit/install/moveit_ros_control_interface:/home/khamrouni/ws_moveit/install/moveit_plugins:/home/khamrouni/ws_moveit/install/moveit_simple_controller_manager:/home/khamrouni/ws_moveit/install/moveit_setup_assistant:/home/khamrouni/ws_moveit/install/moveit_setup_srdf_plugins:/home/khamrouni/ws_moveit/install/moveit_setup_core_plugins:/home/khamrouni/ws_moveit/install/moveit_setup_controllers:/home/khamrouni/ws_moveit/install/moveit_setup_app_plugins:/home/khamrouni/ws_moveit/install/moveit_setup_framework:/home/khamrouni/ws_moveit/install/moveit_servo:/home/khamrouni/ws_moveit/install/moveit_ros:/home/khamrouni/ws_moveit/install/moveit_ros_visualization:/home/khamrouni/ws_moveit/install/moveit_hybrid_planning:/home/khamrouni/ws_moveit/install/move_program:/home/khamrouni/ws_moveit/install/hello_moveit:/home/khamrouni/ws_moveit/install/moveit_ros_planning_interface:/home/khamrouni/ws_moveit/install/moveit_ros_benchmarks:/home/khamrouni/ws_moveit/install/moveit_ros_warehouse:/home/khamrouni/ws_moveit/install/moveit_ros_robot_interaction:/home/khamrouni/ws_moveit/install/moveit_ros_perception:/home/khamrouni/ws_moveit/install/moveit_resources_prbt_pg70_support:/home/khamrouni/ws_moveit/install/moveit_resources_prbt_moveit_config:/home/khamrouni/ws_moveit/install/moveit_ros_move_group:/home/khamrouni/ws_moveit/install/moveit_planners_ompl:/home/khamrouni/ws_moveit/install/moveit_ros_planning:/home/khamrouni/ws_moveit/install/moveit_ros_occupancy_map_monitor:/home/khamrouni/ws_moveit/install/moveit_resources_prbt_ikfast_manipulator_plugin:/home/khamrouni/ws_moveit/install/moveit_planners_chomp:/home/khamrouni/ws_moveit/install/moveit_kinematics:/home/khamrouni/ws_moveit/install/moveit_chomp_optimizer_adapter:/home/khamrouni/ws_moveit/install/chomp_motion_planner:/home/khamrouni/ws_moveit/install/moveit_core:/home/khamrouni/ws_moveit/install/srdfdom:/home/khamrouni/ws_moveit/install/rviz_marker_tools:/home/khamrouni/ws_moveit/install/rosparam_shortcuts:/home/khamrouni/ws_moveit/install/moveit_task_constructor_msgs:/home/khamrouni/ws_moveit/install/moveit_resources_prbt_support:/home/khamrouni/ws_moveit/install/moveit_resources:/home/khamrouni/ws_moveit/install/moveit_resources_pr2_description:/home/khamrouni/ws_moveit/install/moveit_resources_panda_moveit_config:/home/khamrouni/ws_moveit/install/moveit_resources_panda_description:/home/khamrouni/ws_moveit/install/moveit_resources_fanuc_moveit_config:/home/khamrouni/ws_moveit/install/moveit_resources_fanuc_description:/home/khamrouni/ws_moveit/install/moveit_common:/home/khamrouni/robot_ws/install/iiwa_description:/home/khamrouni/ros2_ws/install/polygon_base:/home/khamrouni/ros2_ws/install/iiwa_bringup:/home/khamrouni/ros2_ws/install/iiwa_description:/home/khamrouni/ros2_ws/install/examples_rclcpp_minimal_action_client:/home/khamrouni/ros2_ws/install/examples_rclcpp_cbg_executor:/home/khamrouni/ros2_ws/install/examples_rclcpp_async_client:/home/khamrouni/ros2_ws/install/cpp_parameters:/home/khamrouni/ws_moveit/install/moveit_configs_utils:/home/khamrouni/ws_moveit/install/launch_param_builder:/opt/ros/humble /usr/bin/cmake --build /home/khamrouni/lbr-stack/src/lbr_fri_ros2_stack/build/iiwa7_moveit_config -- -j8 -l8
[1.777s] DEBUG:colcon.colcon_core.event_handler.log_command:Invoking command in '/home/khamrouni/lbr-stack/src/lbr_fri_ros2_stack/build/med14_moveit_config': AMENT_PREFIX_PATH=/home/khamrouni/lbr-stack/src/lbr_fri_ros2_stack/install/lbr_description:${AMENT_PREFIX_PATH} CMAKE_PREFIX_PATH=/home/khamrouni/lbr-stack/src/lbr_fri_ros2_stack/install/lbr_description:/home/khamrouni/ws_moveit/install/pilz_industrial_motion_planner_testutils:/home/khamrouni/ws_moveit/install/moveit_runtime:/home/khamrouni/ws_moveit/install/moveit2_tutorials:/home/khamrouni/ws_moveit/install/moveit:/home/khamrouni/ws_moveit/install/moveit_planners:/home/khamrouni/ws_moveit/install/pilz_industrial_motion_planner:/home/khamrouni/ws_moveit/install/moveit_visual_tools:/home/khamrouni/ws_moveit/install/moveit_task_constructor_visualization:/home/khamrouni/ws_moveit/install/moveit_task_constructor_demo:/home/khamrouni/ws_moveit/install/moveit_task_constructor_capabilities:/home/khamrouni/ws_moveit/install/moveit_task_constructor_core:/home/khamrouni/ws_moveit/install/moveit_ros_control_interface:/home/khamrouni/ws_moveit/install/moveit_plugins:/home/khamrouni/ws_moveit/install/moveit_simple_controller_manager:/home/khamrouni/ws_moveit/install/moveit_setup_assistant:/home/khamrouni/ws_moveit/install/moveit_setup_srdf_plugins:/home/khamrouni/ws_moveit/install/moveit_setup_core_plugins:/home/khamrouni/ws_moveit/install/moveit_setup_controllers:/home/khamrouni/ws_moveit/install/moveit_setup_app_plugins:/home/khamrouni/ws_moveit/install/moveit_setup_framework:/home/khamrouni/ws_moveit/install/moveit_servo:/home/khamrouni/ws_moveit/install/moveit_ros:/home/khamrouni/ws_moveit/install/moveit_ros_visualization:/home/khamrouni/ws_moveit/install/moveit_hybrid_planning:/home/khamrouni/ws_moveit/install/move_program:/home/khamrouni/ws_moveit/install/hello_moveit:/home/khamrouni/ws_moveit/install/moveit_ros_planning_interface:/home/khamrouni/ws_moveit/install/moveit_ros_benchmarks:/home/khamrouni/ws_moveit/install/moveit_ros_warehouse:/home/khamrouni/ws_moveit/install/moveit_ros_robot_interaction:/home/khamrouni/ws_moveit/install/moveit_ros_perception:/home/khamrouni/ws_moveit/install/moveit_resources_prbt_pg70_support:/home/khamrouni/ws_moveit/install/moveit_resources_prbt_moveit_config:/home/khamrouni/ws_moveit/install/moveit_ros_move_group:/home/khamrouni/ws_moveit/install/moveit_planners_ompl:/home/khamrouni/ws_moveit/install/moveit_ros_planning:/home/khamrouni/ws_moveit/install/moveit_ros_occupancy_map_monitor:/home/khamrouni/ws_moveit/install/moveit_resources_prbt_ikfast_manipulator_plugin:/home/khamrouni/ws_moveit/install/moveit_planners_chomp:/home/khamrouni/ws_moveit/install/moveit_kinematics:/home/khamrouni/ws_moveit/install/moveit_chomp_optimizer_adapter:/home/khamrouni/ws_moveit/install/chomp_motion_planner:/home/khamrouni/ws_moveit/install/moveit_core:/home/khamrouni/ws_moveit/install/srdfdom:/home/khamrouni/ws_moveit/install/rviz_marker_tools:/home/khamrouni/ws_moveit/install/rosparam_shortcuts:/home/khamrouni/ws_moveit/install/moveit_task_constructor_msgs:/home/khamrouni/ws_moveit/install/moveit_resources_prbt_support:/home/khamrouni/ws_moveit/install/moveit_resources:/home/khamrouni/ws_moveit/install/moveit_resources_pr2_description:/home/khamrouni/ws_moveit/install/moveit_resources_panda_moveit_config:/home/khamrouni/ws_moveit/install/moveit_resources_panda_description:/home/khamrouni/ws_moveit/install/moveit_resources_fanuc_moveit_config:/home/khamrouni/ws_moveit/install/moveit_resources_fanuc_description:/home/khamrouni/ws_moveit/install/moveit_common:/home/khamrouni/robot_ws/install/iiwa_description:/home/khamrouni/ros2_ws/install/polygon_base:/home/khamrouni/ros2_ws/install/iiwa_bringup:/home/khamrouni/ros2_ws/install/iiwa_description:/home/khamrouni/ros2_ws/install/examples_rclcpp_minimal_action_client:/home/khamrouni/ros2_ws/install/examples_rclcpp_cbg_executor:/home/khamrouni/ros2_ws/install/examples_rclcpp_async_client:/home/khamrouni/ros2_ws/install/cpp_parameters:/home/khamrouni/ws_moveit/install/moveit_configs_utils:/home/khamrouni/ws_moveit/install/launch_param_builder:/opt/ros/humble /usr/bin/cmake --build /home/khamrouni/lbr-stack/src/lbr_fri_ros2_stack/build/med14_moveit_config -- -j8 -l8
[1.797s] DEBUG:colcon.colcon_core.event_handler.log_command:Invoking command in '/home/khamrouni/lbr-stack/src/lbr_fri_ros2_stack/build/med7_moveit_config': AMENT_PREFIX_PATH=/home/khamrouni/lbr-stack/src/lbr_fri_ros2_stack/install/lbr_description:${AMENT_PREFIX_PATH} CMAKE_PREFIX_PATH=/home/khamrouni/lbr-stack/src/lbr_fri_ros2_stack/install/lbr_description:/home/khamrouni/ws_moveit/install/pilz_industrial_motion_planner_testutils:/home/khamrouni/ws_moveit/install/moveit_runtime:/home/khamrouni/ws_moveit/install/moveit2_tutorials:/home/khamrouni/ws_moveit/install/moveit:/home/khamrouni/ws_moveit/install/moveit_planners:/home/khamrouni/ws_moveit/install/pilz_industrial_motion_planner:/home/khamrouni/ws_moveit/install/moveit_visual_tools:/home/khamrouni/ws_moveit/install/moveit_task_constructor_visualization:/home/khamrouni/ws_moveit/install/moveit_task_constructor_demo:/home/khamrouni/ws_moveit/install/moveit_task_constructor_capabilities:/home/khamrouni/ws_moveit/install/moveit_task_constructor_core:/home/khamrouni/ws_moveit/install/moveit_ros_control_interface:/home/khamrouni/ws_moveit/install/moveit_plugins:/home/khamrouni/ws_moveit/install/moveit_simple_controller_manager:/home/khamrouni/ws_moveit/install/moveit_setup_assistant:/home/khamrouni/ws_moveit/install/moveit_setup_srdf_plugins:/home/khamrouni/ws_moveit/install/moveit_setup_core_plugins:/home/khamrouni/ws_moveit/install/moveit_setup_controllers:/home/khamrouni/ws_moveit/install/moveit_setup_app_plugins:/home/khamrouni/ws_moveit/install/moveit_setup_framework:/home/khamrouni/ws_moveit/install/moveit_servo:/home/khamrouni/ws_moveit/install/moveit_ros:/home/khamrouni/ws_moveit/install/moveit_ros_visualization:/home/khamrouni/ws_moveit/install/moveit_hybrid_planning:/home/khamrouni/ws_moveit/install/move_program:/home/khamrouni/ws_moveit/install/hello_moveit:/home/khamrouni/ws_moveit/install/moveit_ros_planning_interface:/home/khamrouni/ws_moveit/install/moveit_ros_benchmarks:/home/khamrouni/ws_moveit/install/moveit_ros_warehouse:/home/khamrouni/ws_moveit/install/moveit_ros_robot_interaction:/home/khamrouni/ws_moveit/install/moveit_ros_perception:/home/khamrouni/ws_moveit/install/moveit_resources_prbt_pg70_support:/home/khamrouni/ws_moveit/install/moveit_resources_prbt_moveit_config:/home/khamrouni/ws_moveit/install/moveit_ros_move_group:/home/khamrouni/ws_moveit/install/moveit_planners_ompl:/home/khamrouni/ws_moveit/install/moveit_ros_planning:/home/khamrouni/ws_moveit/install/moveit_ros_occupancy_map_monitor:/home/khamrouni/ws_moveit/install/moveit_resources_prbt_ikfast_manipulator_plugin:/home/khamrouni/ws_moveit/install/moveit_planners_chomp:/home/khamrouni/ws_moveit/install/moveit_kinematics:/home/khamrouni/ws_moveit/install/moveit_chomp_optimizer_adapter:/home/khamrouni/ws_moveit/install/chomp_motion_planner:/home/khamrouni/ws_moveit/install/moveit_core:/home/khamrouni/ws_moveit/install/srdfdom:/home/khamrouni/ws_moveit/install/rviz_marker_tools:/home/khamrouni/ws_moveit/install/rosparam_shortcuts:/home/khamrouni/ws_moveit/install/moveit_task_constructor_msgs:/home/khamrouni/ws_moveit/install/moveit_resources_prbt_support:/home/khamrouni/ws_moveit/install/moveit_resources:/home/khamrouni/ws_moveit/install/moveit_resources_pr2_description:/home/khamrouni/ws_moveit/install/moveit_resources_panda_moveit_config:/home/khamrouni/ws_moveit/install/moveit_resources_panda_description:/home/khamrouni/ws_moveit/install/moveit_resources_fanuc_moveit_config:/home/khamrouni/ws_moveit/install/moveit_resources_fanuc_description:/home/khamrouni/ws_moveit/install/moveit_common:/home/khamrouni/robot_ws/install/iiwa_description:/home/khamrouni/ros2_ws/install/polygon_base:/home/khamrouni/ros2_ws/install/iiwa_bringup:/home/khamrouni/ros2_ws/install/iiwa_description:/home/khamrouni/ros2_ws/install/examples_rclcpp_minimal_action_client:/home/khamrouni/ros2_ws/install/examples_rclcpp_cbg_executor:/home/khamrouni/ros2_ws/install/examples_rclcpp_async_client:/home/khamrouni/ros2_ws/install/cpp_parameters:/home/khamrouni/ws_moveit/install/moveit_configs_utils:/home/khamrouni/ws_moveit/install/launch_param_builder:/opt/ros/humble /usr/bin/cmake --build /home/khamrouni/lbr-stack/src/lbr_fri_ros2_stack/build/med7_moveit_config -- -j8 -l8
[1.798s] Level 1:colcon.colcon_core.environment:create_environment_scripts_only(lbr_moveit_cpp)
[1.799s] Level 1:colcon.colcon_core.environment:checking '/home/khamrouni/lbr-stack/src/lbr_fri_ros2_stack/install/lbr_moveit_cpp' for CMake module files
[1.800s] DEBUG:colcon.colcon_core.event_handler.log_command:Invoked command in '/home/khamrouni/lbr-stack/src/lbr_fri_ros2_stack/build/lbr_moveit_cpp' returned '0': CMAKE_PREFIX_PATH=${CMAKE_PREFIX_PATH}:/home/khamrouni/ws_moveit/install/moveit_configs_utils:/home/khamrouni/ws_moveit/install/launch_param_builder:/opt/ros/humble /usr/bin/cmake --install /home/khamrouni/lbr-stack/src/lbr_fri_ros2_stack/build/lbr_moveit_cpp
[1.801s] Level 1:colcon.colcon_core.environment:checking '/home/khamrouni/lbr-stack/src/lbr_fri_ros2_stack/install/lbr_moveit_cpp' for CMake config files
[1.802s] Level 1:colcon.colcon_core.shell:create_environment_hook('lbr_moveit_cpp', 'cmake_prefix_path')
[1.802s] INFO:colcon.colcon_core.shell:Creating environment hook '/home/khamrouni/lbr-stack/src/lbr_fri_ros2_stack/install/lbr_moveit_cpp/share/lbr_moveit_cpp/hook/cmake_prefix_path.ps1'
[1.803s] INFO:colcon.colcon_core.shell:Creating environment descriptor '/home/khamrouni/lbr-stack/src/lbr_fri_ros2_stack/install/lbr_moveit_cpp/share/lbr_moveit_cpp/hook/cmake_prefix_path.dsv'
[1.804s] INFO:colcon.colcon_core.shell:Creating environment hook '/home/khamrouni/lbr-stack/src/lbr_fri_ros2_stack/install/lbr_moveit_cpp/share/lbr_moveit_cpp/hook/cmake_prefix_path.sh'
[1.806s] Level 1:colcon.colcon_core.environment:checking '/home/khamrouni/lbr-stack/src/lbr_fri_ros2_stack/install/lbr_moveit_cpp/lib'
[1.806s] Level 1:colcon.colcon_core.environment:checking '/home/khamrouni/lbr-stack/src/lbr_fri_ros2_stack/install/lbr_moveit_cpp/bin'
[1.807s] Level 1:colcon.colcon_core.environment:checking '/home/khamrouni/lbr-stack/src/lbr_fri_ros2_stack/install/lbr_moveit_cpp/lib/pkgconfig/lbr_moveit_cpp.pc'
[1.807s] Level 1:colcon.colcon_core.environment:checking '/home/khamrouni/lbr-stack/src/lbr_fri_ros2_stack/install/lbr_moveit_cpp/lib/python3.10/site-packages'
[1.808s] Level 1:colcon.colcon_core.environment:checking '/home/khamrouni/lbr-stack/src/lbr_fri_ros2_stack/install/lbr_moveit_cpp/bin'
[1.809s] INFO:colcon.colcon_core.shell:Creating package script '/home/khamrouni/lbr-stack/src/lbr_fri_ros2_stack/install/lbr_moveit_cpp/share/lbr_moveit_cpp/package.ps1'
[1.810s] INFO:colcon.colcon_core.shell:Creating package descriptor '/home/khamrouni/lbr-stack/src/lbr_fri_ros2_stack/install/lbr_moveit_cpp/share/lbr_moveit_cpp/package.dsv'
[1.811s] INFO:colcon.colcon_core.shell:Creating package script '/home/khamrouni/lbr-stack/src/lbr_fri_ros2_stack/install/lbr_moveit_cpp/share/lbr_moveit_cpp/package.sh'
[1.812s] INFO:colcon.colcon_core.shell:Creating package script '/home/khamrouni/lbr-stack/src/lbr_fri_ros2_stack/install/lbr_moveit_cpp/share/lbr_moveit_cpp/package.bash'
[1.813s] INFO:colcon.colcon_core.shell:Creating package script '/home/khamrouni/lbr-stack/src/lbr_fri_ros2_stack/install/lbr_moveit_cpp/share/lbr_moveit_cpp/package.zsh'
[1.814s] Level 1:colcon.colcon_core.environment:create_file_with_runtime_dependencies(/home/khamrouni/lbr-stack/src/lbr_fri_ros2_stack/install/lbr_moveit_cpp/share/colcon-core/packages/lbr_moveit_cpp)
[1.816s] Level 1:colcon.colcon_core.environment:create_environment_scripts_only(lbr_moveit_cpp)
[1.816s] Level 1:colcon.colcon_core.environment:checking '/home/khamrouni/lbr-stack/src/lbr_fri_ros2_stack/install/lbr_moveit_cpp' for CMake module files
[1.818s] Level 1:colcon.colcon_core.environment:checking '/home/khamrouni/lbr-stack/src/lbr_fri_ros2_stack/install/lbr_moveit_cpp' for CMake config files
[1.818s] Level 1:colcon.colcon_core.shell:create_environment_hook('lbr_moveit_cpp', 'cmake_prefix_path')
[1.819s] INFO:colcon.colcon_core.shell:Creating environment hook '/home/khamrouni/lbr-stack/src/lbr_fri_ros2_stack/install/lbr_moveit_cpp/share/lbr_moveit_cpp/hook/cmake_prefix_path.ps1'
[1.820s] INFO:colcon.colcon_core.shell:Creating environment descriptor '/home/khamrouni/lbr-stack/src/lbr_fri_ros2_stack/install/lbr_moveit_cpp/share/lbr_moveit_cpp/hook/cmake_prefix_path.dsv'
[1.821s] INFO:colcon.colcon_core.shell:Creating environment hook '/home/khamrouni/lbr-stack/src/lbr_fri_ros2_stack/install/lbr_moveit_cpp/share/lbr_moveit_cpp/hook/cmake_prefix_path.sh'
[1.822s] Level 1:colcon.colcon_core.environment:checking '/home/khamrouni/lbr-stack/src/lbr_fri_ros2_stack/install/lbr_moveit_cpp/lib'
[1.823s] Level 1:colcon.colcon_core.environment:checking '/home/khamrouni/lbr-stack/src/lbr_fri_ros2_stack/install/lbr_moveit_cpp/bin'
[1.823s] Level 1:colcon.colcon_core.environment:checking '/home/khamrouni/lbr-stack/src/lbr_fri_ros2_stack/install/lbr_moveit_cpp/lib/pkgconfig/lbr_moveit_cpp.pc'
[1.823s] Level 1:colcon.colcon_core.environment:checking '/home/khamrouni/lbr-stack/src/lbr_fri_ros2_stack/install/lbr_moveit_cpp/lib/python3.10/site-packages'
[1.824s] Level 1:colcon.colcon_core.environment:checking '/home/khamrouni/lbr-stack/src/lbr_fri_ros2_stack/install/lbr_moveit_cpp/bin'
[1.825s] INFO:colcon.colcon_core.shell:Creating package script '/home/khamrouni/lbr-stack/src/lbr_fri_ros2_stack/install/lbr_moveit_cpp/share/lbr_moveit_cpp/package.ps1'
[1.826s] INFO:colcon.colcon_core.shell:Creating package descriptor '/home/khamrouni/lbr-stack/src/lbr_fri_ros2_stack/install/lbr_moveit_cpp/share/lbr_moveit_cpp/package.dsv'
[1.828s] INFO:colcon.colcon_core.shell:Creating package script '/home/khamrouni/lbr-stack/src/lbr_fri_ros2_stack/install/lbr_moveit_cpp/share/lbr_moveit_cpp/package.sh'
[1.829s] INFO:colcon.colcon_core.shell:Creating package script '/home/khamrouni/lbr-stack/src/lbr_fri_ros2_stack/install/lbr_moveit_cpp/share/lbr_moveit_cpp/package.bash'
[1.830s] INFO:colcon.colcon_core.shell:Creating package script '/home/khamrouni/lbr-stack/src/lbr_fri_ros2_stack/install/lbr_moveit_cpp/share/lbr_moveit_cpp/package.zsh'
[1.831s] Level 1:colcon.colcon_core.environment:create_file_with_runtime_dependencies(/home/khamrouni/lbr-stack/src/lbr_fri_ros2_stack/install/lbr_moveit_cpp/share/colcon-core/packages/lbr_moveit_cpp)
[1.885s] DEBUG:colcon.colcon_core.event_handler.log_command:Invoked command in '/home/khamrouni/lbr-stack/src/lbr_fri_ros2_stack/build/iiwa7_moveit_config' returned '0': AMENT_PREFIX_PATH=/home/khamrouni/lbr-stack/src/lbr_fri_ros2_stack/install/lbr_description:${AMENT_PREFIX_PATH} CMAKE_PREFIX_PATH=/home/khamrouni/lbr-stack/src/lbr_fri_ros2_stack/install/lbr_description:/home/khamrouni/ws_moveit/install/pilz_industrial_motion_planner_testutils:/home/khamrouni/ws_moveit/install/moveit_runtime:/home/khamrouni/ws_moveit/install/moveit2_tutorials:/home/khamrouni/ws_moveit/install/moveit:/home/khamrouni/ws_moveit/install/moveit_planners:/home/khamrouni/ws_moveit/install/pilz_industrial_motion_planner:/home/khamrouni/ws_moveit/install/moveit_visual_tools:/home/khamrouni/ws_moveit/install/moveit_task_constructor_visualization:/home/khamrouni/ws_moveit/install/moveit_task_constructor_demo:/home/khamrouni/ws_moveit/install/moveit_task_constructor_capabilities:/home/khamrouni/ws_moveit/install/moveit_task_constructor_core:/home/khamrouni/ws_moveit/install/moveit_ros_control_interface:/home/khamrouni/ws_moveit/install/moveit_plugins:/home/khamrouni/ws_moveit/install/moveit_simple_controller_manager:/home/khamrouni/ws_moveit/install/moveit_setup_assistant:/home/khamrouni/ws_moveit/install/moveit_setup_srdf_plugins:/home/khamrouni/ws_moveit/install/moveit_setup_core_plugins:/home/khamrouni/ws_moveit/install/moveit_setup_controllers:/home/khamrouni/ws_moveit/install/moveit_setup_app_plugins:/home/khamrouni/ws_moveit/install/moveit_setup_framework:/home/khamrouni/ws_moveit/install/moveit_servo:/home/khamrouni/ws_moveit/install/moveit_ros:/home/khamrouni/ws_moveit/install/moveit_ros_visualization:/home/khamrouni/ws_moveit/install/moveit_hybrid_planning:/home/khamrouni/ws_moveit/install/move_program:/home/khamrouni/ws_moveit/install/hello_moveit:/home/khamrouni/ws_moveit/install/moveit_ros_planning_interface:/home/khamrouni/ws_moveit/install/moveit_ros_benchmarks:/home/khamrouni/ws_moveit/install/moveit_ros_warehouse:/home/khamrouni/ws_moveit/install/moveit_ros_robot_interaction:/home/khamrouni/ws_moveit/install/moveit_ros_perception:/home/khamrouni/ws_moveit/install/moveit_resources_prbt_pg70_support:/home/khamrouni/ws_moveit/install/moveit_resources_prbt_moveit_config:/home/khamrouni/ws_moveit/install/moveit_ros_move_group:/home/khamrouni/ws_moveit/install/moveit_planners_ompl:/home/khamrouni/ws_moveit/install/moveit_ros_planning:/home/khamrouni/ws_moveit/install/moveit_ros_occupancy_map_monitor:/home/khamrouni/ws_moveit/install/moveit_resources_prbt_ikfast_manipulator_plugin:/home/khamrouni/ws_moveit/install/moveit_planners_chomp:/home/khamrouni/ws_moveit/install/moveit_kinematics:/home/khamrouni/ws_moveit/install/moveit_chomp_optimizer_adapter:/home/khamrouni/ws_moveit/install/chomp_motion_planner:/home/khamrouni/ws_moveit/install/moveit_core:/home/khamrouni/ws_moveit/install/srdfdom:/home/khamrouni/ws_moveit/install/rviz_marker_tools:/home/khamrouni/ws_moveit/install/rosparam_shortcuts:/home/khamrouni/ws_moveit/install/moveit_task_constructor_msgs:/home/khamrouni/ws_moveit/install/moveit_resources_prbt_support:/home/khamrouni/ws_moveit/install/moveit_resources:/home/khamrouni/ws_moveit/install/moveit_resources_pr2_description:/home/khamrouni/ws_moveit/install/moveit_resources_panda_moveit_config:/home/khamrouni/ws_moveit/install/moveit_resources_panda_description:/home/khamrouni/ws_moveit/install/moveit_resources_fanuc_moveit_config:/home/khamrouni/ws_moveit/install/moveit_resources_fanuc_description:/home/khamrouni/ws_moveit/install/moveit_common:/home/khamrouni/robot_ws/install/iiwa_description:/home/khamrouni/ros2_ws/install/polygon_base:/home/khamrouni/ros2_ws/install/iiwa_bringup:/home/khamrouni/ros2_ws/install/iiwa_description:/home/khamrouni/ros2_ws/install/examples_rclcpp_minimal_action_client:/home/khamrouni/ros2_ws/install/examples_rclcpp_cbg_executor:/home/khamrouni/ros2_ws/install/examples_rclcpp_async_client:/home/khamrouni/ros2_ws/install/cpp_parameters:/home/khamrouni/ws_moveit/install/moveit_configs_utils:/home/khamrouni/ws_moveit/install/launch_param_builder:/opt/ros/humble /usr/bin/cmake --build /home/khamrouni/lbr-stack/src/lbr_fri_ros2_stack/build/iiwa7_moveit_config -- -j8 -l8
[1.893s] DEBUG:colcon.colcon_core.event_handler.log_command:Invoking command in '/home/khamrouni/lbr-stack/src/lbr_fri_ros2_stack/build/iiwa7_moveit_config': AMENT_PREFIX_PATH=/home/khamrouni/lbr-stack/src/lbr_fri_ros2_stack/install/lbr_description:${AMENT_PREFIX_PATH} CMAKE_PREFIX_PATH=/home/khamrouni/lbr-stack/src/lbr_fri_ros2_stack/install/lbr_description:/home/khamrouni/ws_moveit/install/pilz_industrial_motion_planner_testutils:/home/khamrouni/ws_moveit/install/moveit_runtime:/home/khamrouni/ws_moveit/install/moveit2_tutorials:/home/khamrouni/ws_moveit/install/moveit:/home/khamrouni/ws_moveit/install/moveit_planners:/home/khamrouni/ws_moveit/install/pilz_industrial_motion_planner:/home/khamrouni/ws_moveit/install/moveit_visual_tools:/home/khamrouni/ws_moveit/install/moveit_task_constructor_visualization:/home/khamrouni/ws_moveit/install/moveit_task_constructor_demo:/home/khamrouni/ws_moveit/install/moveit_task_constructor_capabilities:/home/khamrouni/ws_moveit/install/moveit_task_constructor_core:/home/khamrouni/ws_moveit/install/moveit_ros_control_interface:/home/khamrouni/ws_moveit/install/moveit_plugins:/home/khamrouni/ws_moveit/install/moveit_simple_controller_manager:/home/khamrouni/ws_moveit/install/moveit_setup_assistant:/home/khamrouni/ws_moveit/install/moveit_setup_srdf_plugins:/home/khamrouni/ws_moveit/install/moveit_setup_core_plugins:/home/khamrouni/ws_moveit/install/moveit_setup_controllers:/home/khamrouni/ws_moveit/install/moveit_setup_app_plugins:/home/khamrouni/ws_moveit/install/moveit_setup_framework:/home/khamrouni/ws_moveit/install/moveit_servo:/home/khamrouni/ws_moveit/install/moveit_ros:/home/khamrouni/ws_moveit/install/moveit_ros_visualization:/home/khamrouni/ws_moveit/install/moveit_hybrid_planning:/home/khamrouni/ws_moveit/install/move_program:/home/khamrouni/ws_moveit/install/hello_moveit:/home/khamrouni/ws_moveit/install/moveit_ros_planning_interface:/home/khamrouni/ws_moveit/install/moveit_ros_benchmarks:/home/khamrouni/ws_moveit/install/moveit_ros_warehouse:/home/khamrouni/ws_moveit/install/moveit_ros_robot_interaction:/home/khamrouni/ws_moveit/install/moveit_ros_perception:/home/khamrouni/ws_moveit/install/moveit_resources_prbt_pg70_support:/home/khamrouni/ws_moveit/install/moveit_resources_prbt_moveit_config:/home/khamrouni/ws_moveit/install/moveit_ros_move_group:/home/khamrouni/ws_moveit/install/moveit_planners_ompl:/home/khamrouni/ws_moveit/install/moveit_ros_planning:/home/khamrouni/ws_moveit/install/moveit_ros_occupancy_map_monitor:/home/khamrouni/ws_moveit/install/moveit_resources_prbt_ikfast_manipulator_plugin:/home/khamrouni/ws_moveit/install/moveit_planners_chomp:/home/khamrouni/ws_moveit/install/moveit_kinematics:/home/khamrouni/ws_moveit/install/moveit_chomp_optimizer_adapter:/home/khamrouni/ws_moveit/install/chomp_motion_planner:/home/khamrouni/ws_moveit/install/moveit_core:/home/khamrouni/ws_moveit/install/srdfdom:/home/khamrouni/ws_moveit/install/rviz_marker_tools:/home/khamrouni/ws_moveit/install/rosparam_shortcuts:/home/khamrouni/ws_moveit/install/moveit_task_constructor_msgs:/home/khamrouni/ws_moveit/install/moveit_resources_prbt_support:/home/khamrouni/ws_moveit/install/moveit_resources:/home/khamrouni/ws_moveit/install/moveit_resources_pr2_description:/home/khamrouni/ws_moveit/install/moveit_resources_panda_moveit_config:/home/khamrouni/ws_moveit/install/moveit_resources_panda_description:/home/khamrouni/ws_moveit/install/moveit_resources_fanuc_moveit_config:/home/khamrouni/ws_moveit/install/moveit_resources_fanuc_description:/home/khamrouni/ws_moveit/install/moveit_common:/home/khamrouni/robot_ws/install/iiwa_description:/home/khamrouni/ros2_ws/install/polygon_base:/home/khamrouni/ros2_ws/install/iiwa_bringup:/home/khamrouni/ros2_ws/install/iiwa_description:/home/khamrouni/ros2_ws/install/examples_rclcpp_minimal_action_client:/home/khamrouni/ros2_ws/install/examples_rclcpp_cbg_executor:/home/khamrouni/ros2_ws/install/examples_rclcpp_async_client:/home/khamrouni/ros2_ws/install/cpp_parameters:/home/khamrouni/ws_moveit/install/moveit_configs_utils:/home/khamrouni/ws_moveit/install/launch_param_builder:/opt/ros/humble /usr/bin/cmake --install /home/khamrouni/lbr-stack/src/lbr_fri_ros2_stack/build/iiwa7_moveit_config
[1.902s] DEBUG:colcon.colcon_core.event_handler.log_command:Invoked command in '/home/khamrouni/lbr-stack/src/lbr_fri_ros2_stack/build/iiwa14_moveit_config' returned '0': AMENT_PREFIX_PATH=/home/khamrouni/lbr-stack/src/lbr_fri_ros2_stack/install/lbr_description:${AMENT_PREFIX_PATH} CMAKE_PREFIX_PATH=/home/khamrouni/lbr-stack/src/lbr_fri_ros2_stack/install/lbr_description:/home/khamrouni/ws_moveit/install/pilz_industrial_motion_planner_testutils:/home/khamrouni/ws_moveit/install/moveit_runtime:/home/khamrouni/ws_moveit/install/moveit2_tutorials:/home/khamrouni/ws_moveit/install/moveit:/home/khamrouni/ws_moveit/install/moveit_planners:/home/khamrouni/ws_moveit/install/pilz_industrial_motion_planner:/home/khamrouni/ws_moveit/install/moveit_visual_tools:/home/khamrouni/ws_moveit/install/moveit_task_constructor_visualization:/home/khamrouni/ws_moveit/install/moveit_task_constructor_demo:/home/khamrouni/ws_moveit/install/moveit_task_constructor_capabilities:/home/khamrouni/ws_moveit/install/moveit_task_constructor_core:/home/khamrouni/ws_moveit/install/moveit_ros_control_interface:/home/khamrouni/ws_moveit/install/moveit_plugins:/home/khamrouni/ws_moveit/install/moveit_simple_controller_manager:/home/khamrouni/ws_moveit/install/moveit_setup_assistant:/home/khamrouni/ws_moveit/install/moveit_setup_srdf_plugins:/home/khamrouni/ws_moveit/install/moveit_setup_core_plugins:/home/khamrouni/ws_moveit/install/moveit_setup_controllers:/home/khamrouni/ws_moveit/install/moveit_setup_app_plugins:/home/khamrouni/ws_moveit/install/moveit_setup_framework:/home/khamrouni/ws_moveit/install/moveit_servo:/home/khamrouni/ws_moveit/install/moveit_ros:/home/khamrouni/ws_moveit/install/moveit_ros_visualization:/home/khamrouni/ws_moveit/install/moveit_hybrid_planning:/home/khamrouni/ws_moveit/install/move_program:/home/khamrouni/ws_moveit/install/hello_moveit:/home/khamrouni/ws_moveit/install/moveit_ros_planning_interface:/home/khamrouni/ws_moveit/install/moveit_ros_benchmarks:/home/khamrouni/ws_moveit/install/moveit_ros_warehouse:/home/khamrouni/ws_moveit/install/moveit_ros_robot_interaction:/home/khamrouni/ws_moveit/install/moveit_ros_perception:/home/khamrouni/ws_moveit/install/moveit_resources_prbt_pg70_support:/home/khamrouni/ws_moveit/install/moveit_resources_prbt_moveit_config:/home/khamrouni/ws_moveit/install/moveit_ros_move_group:/home/khamrouni/ws_moveit/install/moveit_planners_ompl:/home/khamrouni/ws_moveit/install/moveit_ros_planning:/home/khamrouni/ws_moveit/install/moveit_ros_occupancy_map_monitor:/home/khamrouni/ws_moveit/install/moveit_resources_prbt_ikfast_manipulator_plugin:/home/khamrouni/ws_moveit/install/moveit_planners_chomp:/home/khamrouni/ws_moveit/install/moveit_kinematics:/home/khamrouni/ws_moveit/install/moveit_chomp_optimizer_adapter:/home/khamrouni/ws_moveit/install/chomp_motion_planner:/home/khamrouni/ws_moveit/install/moveit_core:/home/khamrouni/ws_moveit/install/srdfdom:/home/khamrouni/ws_moveit/install/rviz_marker_tools:/home/khamrouni/ws_moveit/install/rosparam_shortcuts:/home/khamrouni/ws_moveit/install/moveit_task_constructor_msgs:/home/khamrouni/ws_moveit/install/moveit_resources_prbt_support:/home/khamrouni/ws_moveit/install/moveit_resources:/home/khamrouni/ws_moveit/install/moveit_resources_pr2_description:/home/khamrouni/ws_moveit/install/moveit_resources_panda_moveit_config:/home/khamrouni/ws_moveit/install/moveit_resources_panda_description:/home/khamrouni/ws_moveit/install/moveit_resources_fanuc_moveit_config:/home/khamrouni/ws_moveit/install/moveit_resources_fanuc_description:/home/khamrouni/ws_moveit/install/moveit_common:/home/khamrouni/robot_ws/install/iiwa_description:/home/khamrouni/ros2_ws/install/polygon_base:/home/khamrouni/ros2_ws/install/iiwa_bringup:/home/khamrouni/ros2_ws/install/iiwa_description:/home/khamrouni/ros2_ws/install/examples_rclcpp_minimal_action_client:/home/khamrouni/ros2_ws/install/examples_rclcpp_cbg_executor:/home/khamrouni/ros2_ws/install/examples_rclcpp_async_client:/home/khamrouni/ros2_ws/install/cpp_parameters:/home/khamrouni/ws_moveit/install/moveit_configs_utils:/home/khamrouni/ws_moveit/install/launch_param_builder:/opt/ros/humble /usr/bin/cmake --build /home/khamrouni/lbr-stack/src/lbr_fri_ros2_stack/build/iiwa14_moveit_config -- -j8 -l8
[1.903s] DEBUG:colcon.colcon_core.event_handler.log_command:Invoking command in '/home/khamrouni/lbr-stack/src/lbr_fri_ros2_stack/build/iiwa14_moveit_config': AMENT_PREFIX_PATH=/home/khamrouni/lbr-stack/src/lbr_fri_ros2_stack/install/lbr_description:${AMENT_PREFIX_PATH} CMAKE_PREFIX_PATH=/home/khamrouni/lbr-stack/src/lbr_fri_ros2_stack/install/lbr_description:/home/khamrouni/ws_moveit/install/pilz_industrial_motion_planner_testutils:/home/khamrouni/ws_moveit/install/moveit_runtime:/home/khamrouni/ws_moveit/install/moveit2_tutorials:/home/khamrouni/ws_moveit/install/moveit:/home/khamrouni/ws_moveit/install/moveit_planners:/home/khamrouni/ws_moveit/install/pilz_industrial_motion_planner:/home/khamrouni/ws_moveit/install/moveit_visual_tools:/home/khamrouni/ws_moveit/install/moveit_task_constructor_visualization:/home/khamrouni/ws_moveit/install/moveit_task_constructor_demo:/home/khamrouni/ws_moveit/install/moveit_task_constructor_capabilities:/home/khamrouni/ws_moveit/install/moveit_task_constructor_core:/home/khamrouni/ws_moveit/install/moveit_ros_control_interface:/home/khamrouni/ws_moveit/install/moveit_plugins:/home/khamrouni/ws_moveit/install/moveit_simple_controller_manager:/home/khamrouni/ws_moveit/install/moveit_setup_assistant:/home/khamrouni/ws_moveit/install/moveit_setup_srdf_plugins:/home/khamrouni/ws_moveit/install/moveit_setup_core_plugins:/home/khamrouni/ws_moveit/install/moveit_setup_controllers:/home/khamrouni/ws_moveit/install/moveit_setup_app_plugins:/home/khamrouni/ws_moveit/install/moveit_setup_framework:/home/khamrouni/ws_moveit/install/moveit_servo:/home/khamrouni/ws_moveit/install/moveit_ros:/home/khamrouni/ws_moveit/install/moveit_ros_visualization:/home/khamrouni/ws_moveit/install/moveit_hybrid_planning:/home/khamrouni/ws_moveit/install/move_program:/home/khamrouni/ws_moveit/install/hello_moveit:/home/khamrouni/ws_moveit/install/moveit_ros_planning_interface:/home/khamrouni/ws_moveit/install/moveit_ros_benchmarks:/home/khamrouni/ws_moveit/install/moveit_ros_warehouse:/home/khamrouni/ws_moveit/install/moveit_ros_robot_interaction:/home/khamrouni/ws_moveit/install/moveit_ros_perception:/home/khamrouni/ws_moveit/install/moveit_resources_prbt_pg70_support:/home/khamrouni/ws_moveit/install/moveit_resources_prbt_moveit_config:/home/khamrouni/ws_moveit/install/moveit_ros_move_group:/home/khamrouni/ws_moveit/install/moveit_planners_ompl:/home/khamrouni/ws_moveit/install/moveit_ros_planning:/home/khamrouni/ws_moveit/install/moveit_ros_occupancy_map_monitor:/home/khamrouni/ws_moveit/install/moveit_resources_prbt_ikfast_manipulator_plugin:/home/khamrouni/ws_moveit/install/moveit_planners_chomp:/home/khamrouni/ws_moveit/install/moveit_kinematics:/home/khamrouni/ws_moveit/install/moveit_chomp_optimizer_adapter:/home/khamrouni/ws_moveit/install/chomp_motion_planner:/home/khamrouni/ws_moveit/install/moveit_core:/home/khamrouni/ws_moveit/install/srdfdom:/home/khamrouni/ws_moveit/install/rviz_marker_tools:/home/khamrouni/ws_moveit/install/rosparam_shortcuts:/home/khamrouni/ws_moveit/install/moveit_task_constructor_msgs:/home/khamrouni/ws_moveit/install/moveit_resources_prbt_support:/home/khamrouni/ws_moveit/install/moveit_resources:/home/khamrouni/ws_moveit/install/moveit_resources_pr2_description:/home/khamrouni/ws_moveit/install/moveit_resources_panda_moveit_config:/home/khamrouni/ws_moveit/install/moveit_resources_panda_description:/home/khamrouni/ws_moveit/install/moveit_resources_fanuc_moveit_config:/home/khamrouni/ws_moveit/install/moveit_resources_fanuc_description:/home/khamrouni/ws_moveit/install/moveit_common:/home/khamrouni/robot_ws/install/iiwa_description:/home/khamrouni/ros2_ws/install/polygon_base:/home/khamrouni/ros2_ws/install/iiwa_bringup:/home/khamrouni/ros2_ws/install/iiwa_description:/home/khamrouni/ros2_ws/install/examples_rclcpp_minimal_action_client:/home/khamrouni/ros2_ws/install/examples_rclcpp_cbg_executor:/home/khamrouni/ros2_ws/install/examples_rclcpp_async_client:/home/khamrouni/ros2_ws/install/cpp_parameters:/home/khamrouni/ws_moveit/install/moveit_configs_utils:/home/khamrouni/ws_moveit/install/launch_param_builder:/opt/ros/humble /usr/bin/cmake --install /home/khamrouni/lbr-stack/src/lbr_fri_ros2_stack/build/iiwa14_moveit_config
[1.926s] DEBUG:colcon.colcon_core.event_handler.log_command:Invoked command in '/home/khamrouni/lbr-stack/src/lbr_fri_ros2_stack/build/med14_moveit_config' returned '0': AMENT_PREFIX_PATH=/home/khamrouni/lbr-stack/src/lbr_fri_ros2_stack/install/lbr_description:${AMENT_PREFIX_PATH} CMAKE_PREFIX_PATH=/home/khamrouni/lbr-stack/src/lbr_fri_ros2_stack/install/lbr_description:/home/khamrouni/ws_moveit/install/pilz_industrial_motion_planner_testutils:/home/khamrouni/ws_moveit/install/moveit_runtime:/home/khamrouni/ws_moveit/install/moveit2_tutorials:/home/khamrouni/ws_moveit/install/moveit:/home/khamrouni/ws_moveit/install/moveit_planners:/home/khamrouni/ws_moveit/install/pilz_industrial_motion_planner:/home/khamrouni/ws_moveit/install/moveit_visual_tools:/home/khamrouni/ws_moveit/install/moveit_task_constructor_visualization:/home/khamrouni/ws_moveit/install/moveit_task_constructor_demo:/home/khamrouni/ws_moveit/install/moveit_task_constructor_capabilities:/home/khamrouni/ws_moveit/install/moveit_task_constructor_core:/home/khamrouni/ws_moveit/install/moveit_ros_control_interface:/home/khamrouni/ws_moveit/install/moveit_plugins:/home/khamrouni/ws_moveit/install/moveit_simple_controller_manager:/home/khamrouni/ws_moveit/install/moveit_setup_assistant:/home/khamrouni/ws_moveit/install/moveit_setup_srdf_plugins:/home/khamrouni/ws_moveit/install/moveit_setup_core_plugins:/home/khamrouni/ws_moveit/install/moveit_setup_controllers:/home/khamrouni/ws_moveit/install/moveit_setup_app_plugins:/home/khamrouni/ws_moveit/install/moveit_setup_framework:/home/khamrouni/ws_moveit/install/moveit_servo:/home/khamrouni/ws_moveit/install/moveit_ros:/home/khamrouni/ws_moveit/install/moveit_ros_visualization:/home/khamrouni/ws_moveit/install/moveit_hybrid_planning:/home/khamrouni/ws_moveit/install/move_program:/home/khamrouni/ws_moveit/install/hello_moveit:/home/khamrouni/ws_moveit/install/moveit_ros_planning_interface:/home/khamrouni/ws_moveit/install/moveit_ros_benchmarks:/home/khamrouni/ws_moveit/install/moveit_ros_warehouse:/home/khamrouni/ws_moveit/install/moveit_ros_robot_interaction:/home/khamrouni/ws_moveit/install/moveit_ros_perception:/home/khamrouni/ws_moveit/install/moveit_resources_prbt_pg70_support:/home/khamrouni/ws_moveit/install/moveit_resources_prbt_moveit_config:/home/khamrouni/ws_moveit/install/moveit_ros_move_group:/home/khamrouni/ws_moveit/install/moveit_planners_ompl:/home/khamrouni/ws_moveit/install/moveit_ros_planning:/home/khamrouni/ws_moveit/install/moveit_ros_occupancy_map_monitor:/home/khamrouni/ws_moveit/install/moveit_resources_prbt_ikfast_manipulator_plugin:/home/khamrouni/ws_moveit/install/moveit_planners_chomp:/home/khamrouni/ws_moveit/install/moveit_kinematics:/home/khamrouni/ws_moveit/install/moveit_chomp_optimizer_adapter:/home/khamrouni/ws_moveit/install/chomp_motion_planner:/home/khamrouni/ws_moveit/install/moveit_core:/home/khamrouni/ws_moveit/install/srdfdom:/home/khamrouni/ws_moveit/install/rviz_marker_tools:/home/khamrouni/ws_moveit/install/rosparam_shortcuts:/home/khamrouni/ws_moveit/install/moveit_task_constructor_msgs:/home/khamrouni/ws_moveit/install/moveit_resources_prbt_support:/home/khamrouni/ws_moveit/install/moveit_resources:/home/khamrouni/ws_moveit/install/moveit_resources_pr2_description:/home/khamrouni/ws_moveit/install/moveit_resources_panda_moveit_config:/home/khamrouni/ws_moveit/install/moveit_resources_panda_description:/home/khamrouni/ws_moveit/install/moveit_resources_fanuc_moveit_config:/home/khamrouni/ws_moveit/install/moveit_resources_fanuc_description:/home/khamrouni/ws_moveit/install/moveit_common:/home/khamrouni/robot_ws/install/iiwa_description:/home/khamrouni/ros2_ws/install/polygon_base:/home/khamrouni/ros2_ws/install/iiwa_bringup:/home/khamrouni/ros2_ws/install/iiwa_description:/home/khamrouni/ros2_ws/install/examples_rclcpp_minimal_action_client:/home/khamrouni/ros2_ws/install/examples_rclcpp_cbg_executor:/home/khamrouni/ros2_ws/install/examples_rclcpp_async_client:/home/khamrouni/ros2_ws/install/cpp_parameters:/home/khamrouni/ws_moveit/install/moveit_configs_utils:/home/khamrouni/ws_moveit/install/launch_param_builder:/opt/ros/humble /usr/bin/cmake --build /home/khamrouni/lbr-stack/src/lbr_fri_ros2_stack/build/med14_moveit_config -- -j8 -l8
[1.943s] Level 1:colcon.colcon_core.environment:create_environment_scripts_only(iiwa7_moveit_config)
[1.944s] Level 1:colcon.colcon_core.environment:checking '/home/khamrouni/lbr-stack/src/lbr_fri_ros2_stack/install/iiwa7_moveit_config' for CMake module files
[1.945s] DEBUG:colcon.colcon_core.event_handler.log_command:Invoking command in '/home/khamrouni/lbr-stack/src/lbr_fri_ros2_stack/build/med14_moveit_config': AMENT_PREFIX_PATH=/home/khamrouni/lbr-stack/src/lbr_fri_ros2_stack/install/lbr_description:${AMENT_PREFIX_PATH} CMAKE_PREFIX_PATH=/home/khamrouni/lbr-stack/src/lbr_fri_ros2_stack/install/lbr_description:/home/khamrouni/ws_moveit/install/pilz_industrial_motion_planner_testutils:/home/khamrouni/ws_moveit/install/moveit_runtime:/home/khamrouni/ws_moveit/install/moveit2_tutorials:/home/khamrouni/ws_moveit/install/moveit:/home/khamrouni/ws_moveit/install/moveit_planners:/home/khamrouni/ws_moveit/install/pilz_industrial_motion_planner:/home/khamrouni/ws_moveit/install/moveit_visual_tools:/home/khamrouni/ws_moveit/install/moveit_task_constructor_visualization:/home/khamrouni/ws_moveit/install/moveit_task_constructor_demo:/home/khamrouni/ws_moveit/install/moveit_task_constructor_capabilities:/home/khamrouni/ws_moveit/install/moveit_task_constructor_core:/home/khamrouni/ws_moveit/install/moveit_ros_control_interface:/home/khamrouni/ws_moveit/install/moveit_plugins:/home/khamrouni/ws_moveit/install/moveit_simple_controller_manager:/home/khamrouni/ws_moveit/install/moveit_setup_assistant:/home/khamrouni/ws_moveit/install/moveit_setup_srdf_plugins:/home/khamrouni/ws_moveit/install/moveit_setup_core_plugins:/home/khamrouni/ws_moveit/install/moveit_setup_controllers:/home/khamrouni/ws_moveit/install/moveit_setup_app_plugins:/home/khamrouni/ws_moveit/install/moveit_setup_framework:/home/khamrouni/ws_moveit/install/moveit_servo:/home/khamrouni/ws_moveit/install/moveit_ros:/home/khamrouni/ws_moveit/install/moveit_ros_visualization:/home/khamrouni/ws_moveit/install/moveit_hybrid_planning:/home/khamrouni/ws_moveit/install/move_program:/home/khamrouni/ws_moveit/install/hello_moveit:/home/khamrouni/ws_moveit/install/moveit_ros_planning_interface:/home/khamrouni/ws_moveit/install/moveit_ros_benchmarks:/home/khamrouni/ws_moveit/install/moveit_ros_warehouse:/home/khamrouni/ws_moveit/install/moveit_ros_robot_interaction:/home/khamrouni/ws_moveit/install/moveit_ros_perception:/home/khamrouni/ws_moveit/install/moveit_resources_prbt_pg70_support:/home/khamrouni/ws_moveit/install/moveit_resources_prbt_moveit_config:/home/khamrouni/ws_moveit/install/moveit_ros_move_group:/home/khamrouni/ws_moveit/install/moveit_planners_ompl:/home/khamrouni/ws_moveit/install/moveit_ros_planning:/home/khamrouni/ws_moveit/install/moveit_ros_occupancy_map_monitor:/home/khamrouni/ws_moveit/install/moveit_resources_prbt_ikfast_manipulator_plugin:/home/khamrouni/ws_moveit/install/moveit_planners_chomp:/home/khamrouni/ws_moveit/install/moveit_kinematics:/home/khamrouni/ws_moveit/install/moveit_chomp_optimizer_adapter:/home/khamrouni/ws_moveit/install/chomp_motion_planner:/home/khamrouni/ws_moveit/install/moveit_core:/home/khamrouni/ws_moveit/install/srdfdom:/home/khamrouni/ws_moveit/install/rviz_marker_tools:/home/khamrouni/ws_moveit/install/rosparam_shortcuts:/home/khamrouni/ws_moveit/install/moveit_task_constructor_msgs:/home/khamrouni/ws_moveit/install/moveit_resources_prbt_support:/home/khamrouni/ws_moveit/install/moveit_resources:/home/khamrouni/ws_moveit/install/moveit_resources_pr2_description:/home/khamrouni/ws_moveit/install/moveit_resources_panda_moveit_config:/home/khamrouni/ws_moveit/install/moveit_resources_panda_description:/home/khamrouni/ws_moveit/install/moveit_resources_fanuc_moveit_config:/home/khamrouni/ws_moveit/install/moveit_resources_fanuc_description:/home/khamrouni/ws_moveit/install/moveit_common:/home/khamrouni/robot_ws/install/iiwa_description:/home/khamrouni/ros2_ws/install/polygon_base:/home/khamrouni/ros2_ws/install/iiwa_bringup:/home/khamrouni/ros2_ws/install/iiwa_description:/home/khamrouni/ros2_ws/install/examples_rclcpp_minimal_action_client:/home/khamrouni/ros2_ws/install/examples_rclcpp_cbg_executor:/home/khamrouni/ros2_ws/install/examples_rclcpp_async_client:/home/khamrouni/ros2_ws/install/cpp_parameters:/home/khamrouni/ws_moveit/install/moveit_configs_utils:/home/khamrouni/ws_moveit/install/launch_param_builder:/opt/ros/humble /usr/bin/cmake --install /home/khamrouni/lbr-stack/src/lbr_fri_ros2_stack/build/med14_moveit_config
[1.946s] DEBUG:colcon.colcon_core.event_handler.log_command:Invoked command in '/home/khamrouni/lbr-stack/src/lbr_fri_ros2_stack/build/med7_moveit_config' returned '0': AMENT_PREFIX_PATH=/home/khamrouni/lbr-stack/src/lbr_fri_ros2_stack/install/lbr_description:${AMENT_PREFIX_PATH} CMAKE_PREFIX_PATH=/home/khamrouni/lbr-stack/src/lbr_fri_ros2_stack/install/lbr_description:/home/khamrouni/ws_moveit/install/pilz_industrial_motion_planner_testutils:/home/khamrouni/ws_moveit/install/moveit_runtime:/home/khamrouni/ws_moveit/install/moveit2_tutorials:/home/khamrouni/ws_moveit/install/moveit:/home/khamrouni/ws_moveit/install/moveit_planners:/home/khamrouni/ws_moveit/install/pilz_industrial_motion_planner:/home/khamrouni/ws_moveit/install/moveit_visual_tools:/home/khamrouni/ws_moveit/install/moveit_task_constructor_visualization:/home/khamrouni/ws_moveit/install/moveit_task_constructor_demo:/home/khamrouni/ws_moveit/install/moveit_task_constructor_capabilities:/home/khamrouni/ws_moveit/install/moveit_task_constructor_core:/home/khamrouni/ws_moveit/install/moveit_ros_control_interface:/home/khamrouni/ws_moveit/install/moveit_plugins:/home/khamrouni/ws_moveit/install/moveit_simple_controller_manager:/home/khamrouni/ws_moveit/install/moveit_setup_assistant:/home/khamrouni/ws_moveit/install/moveit_setup_srdf_plugins:/home/khamrouni/ws_moveit/install/moveit_setup_core_plugins:/home/khamrouni/ws_moveit/install/moveit_setup_controllers:/home/khamrouni/ws_moveit/install/moveit_setup_app_plugins:/home/khamrouni/ws_moveit/install/moveit_setup_framework:/home/khamrouni/ws_moveit/install/moveit_servo:/home/khamrouni/ws_moveit/install/moveit_ros:/home/khamrouni/ws_moveit/install/moveit_ros_visualization:/home/khamrouni/ws_moveit/install/moveit_hybrid_planning:/home/khamrouni/ws_moveit/install/move_program:/home/khamrouni/ws_moveit/install/hello_moveit:/home/khamrouni/ws_moveit/install/moveit_ros_planning_interface:/home/khamrouni/ws_moveit/install/moveit_ros_benchmarks:/home/khamrouni/ws_moveit/install/moveit_ros_warehouse:/home/khamrouni/ws_moveit/install/moveit_ros_robot_interaction:/home/khamrouni/ws_moveit/install/moveit_ros_perception:/home/khamrouni/ws_moveit/install/moveit_resources_prbt_pg70_support:/home/khamrouni/ws_moveit/install/moveit_resources_prbt_moveit_config:/home/khamrouni/ws_moveit/install/moveit_ros_move_group:/home/khamrouni/ws_moveit/install/moveit_planners_ompl:/home/khamrouni/ws_moveit/install/moveit_ros_planning:/home/khamrouni/ws_moveit/install/moveit_ros_occupancy_map_monitor:/home/khamrouni/ws_moveit/install/moveit_resources_prbt_ikfast_manipulator_plugin:/home/khamrouni/ws_moveit/install/moveit_planners_chomp:/home/khamrouni/ws_moveit/install/moveit_kinematics:/home/khamrouni/ws_moveit/install/moveit_chomp_optimizer_adapter:/home/khamrouni/ws_moveit/install/chomp_motion_planner:/home/khamrouni/ws_moveit/install/moveit_core:/home/khamrouni/ws_moveit/install/srdfdom:/home/khamrouni/ws_moveit/install/rviz_marker_tools:/home/khamrouni/ws_moveit/install/rosparam_shortcuts:/home/khamrouni/ws_moveit/install/moveit_task_constructor_msgs:/home/khamrouni/ws_moveit/install/moveit_resources_prbt_support:/home/khamrouni/ws_moveit/install/moveit_resources:/home/khamrouni/ws_moveit/install/moveit_resources_pr2_description:/home/khamrouni/ws_moveit/install/moveit_resources_panda_moveit_config:/home/khamrouni/ws_moveit/install/moveit_resources_panda_description:/home/khamrouni/ws_moveit/install/moveit_resources_fanuc_moveit_config:/home/khamrouni/ws_moveit/install/moveit_resources_fanuc_description:/home/khamrouni/ws_moveit/install/moveit_common:/home/khamrouni/robot_ws/install/iiwa_description:/home/khamrouni/ros2_ws/install/polygon_base:/home/khamrouni/ros2_ws/install/iiwa_bringup:/home/khamrouni/ros2_ws/install/iiwa_description:/home/khamrouni/ros2_ws/install/examples_rclcpp_minimal_action_client:/home/khamrouni/ros2_ws/install/examples_rclcpp_cbg_executor:/home/khamrouni/ros2_ws/install/examples_rclcpp_async_client:/home/khamrouni/ros2_ws/install/cpp_parameters:/home/khamrouni/ws_moveit/install/moveit_configs_utils:/home/khamrouni/ws_moveit/install/launch_param_builder:/opt/ros/humble /usr/bin/cmake --build /home/khamrouni/lbr-stack/src/lbr_fri_ros2_stack/build/med7_moveit_config -- -j8 -l8
[1.947s] DEBUG:colcon.colcon_core.event_handler.log_command:Invoking command in '/home/khamrouni/lbr-stack/src/lbr_fri_ros2_stack/build/med7_moveit_config': AMENT_PREFIX_PATH=/home/khamrouni/lbr-stack/src/lbr_fri_ros2_stack/install/lbr_description:${AMENT_PREFIX_PATH} CMAKE_PREFIX_PATH=/home/khamrouni/lbr-stack/src/lbr_fri_ros2_stack/install/lbr_description:/home/khamrouni/ws_moveit/install/pilz_industrial_motion_planner_testutils:/home/khamrouni/ws_moveit/install/moveit_runtime:/home/khamrouni/ws_moveit/install/moveit2_tutorials:/home/khamrouni/ws_moveit/install/moveit:/home/khamrouni/ws_moveit/install/moveit_planners:/home/khamrouni/ws_moveit/install/pilz_industrial_motion_planner:/home/khamrouni/ws_moveit/install/moveit_visual_tools:/home/khamrouni/ws_moveit/install/moveit_task_constructor_visualization:/home/khamrouni/ws_moveit/install/moveit_task_constructor_demo:/home/khamrouni/ws_moveit/install/moveit_task_constructor_capabilities:/home/khamrouni/ws_moveit/install/moveit_task_constructor_core:/home/khamrouni/ws_moveit/install/moveit_ros_control_interface:/home/khamrouni/ws_moveit/install/moveit_plugins:/home/khamrouni/ws_moveit/install/moveit_simple_controller_manager:/home/khamrouni/ws_moveit/install/moveit_setup_assistant:/home/khamrouni/ws_moveit/install/moveit_setup_srdf_plugins:/home/khamrouni/ws_moveit/install/moveit_setup_core_plugins:/home/khamrouni/ws_moveit/install/moveit_setup_controllers:/home/khamrouni/ws_moveit/install/moveit_setup_app_plugins:/home/khamrouni/ws_moveit/install/moveit_setup_framework:/home/khamrouni/ws_moveit/install/moveit_servo:/home/khamrouni/ws_moveit/install/moveit_ros:/home/khamrouni/ws_moveit/install/moveit_ros_visualization:/home/khamrouni/ws_moveit/install/moveit_hybrid_planning:/home/khamrouni/ws_moveit/install/move_program:/home/khamrouni/ws_moveit/install/hello_moveit:/home/khamrouni/ws_moveit/install/moveit_ros_planning_interface:/home/khamrouni/ws_moveit/install/moveit_ros_benchmarks:/home/khamrouni/ws_moveit/install/moveit_ros_warehouse:/home/khamrouni/ws_moveit/install/moveit_ros_robot_interaction:/home/khamrouni/ws_moveit/install/moveit_ros_perception:/home/khamrouni/ws_moveit/install/moveit_resources_prbt_pg70_support:/home/khamrouni/ws_moveit/install/moveit_resources_prbt_moveit_config:/home/khamrouni/ws_moveit/install/moveit_ros_move_group:/home/khamrouni/ws_moveit/install/moveit_planners_ompl:/home/khamrouni/ws_moveit/install/moveit_ros_planning:/home/khamrouni/ws_moveit/install/moveit_ros_occupancy_map_monitor:/home/khamrouni/ws_moveit/install/moveit_resources_prbt_ikfast_manipulator_plugin:/home/khamrouni/ws_moveit/install/moveit_planners_chomp:/home/khamrouni/ws_moveit/install/moveit_kinematics:/home/khamrouni/ws_moveit/install/moveit_chomp_optimizer_adapter:/home/khamrouni/ws_moveit/install/chomp_motion_planner:/home/khamrouni/ws_moveit/install/moveit_core:/home/khamrouni/ws_moveit/install/srdfdom:/home/khamrouni/ws_moveit/install/rviz_marker_tools:/home/khamrouni/ws_moveit/install/rosparam_shortcuts:/home/khamrouni/ws_moveit/install/moveit_task_constructor_msgs:/home/khamrouni/ws_moveit/install/moveit_resources_prbt_support:/home/khamrouni/ws_moveit/install/moveit_resources:/home/khamrouni/ws_moveit/install/moveit_resources_pr2_description:/home/khamrouni/ws_moveit/install/moveit_resources_panda_moveit_config:/home/khamrouni/ws_moveit/install/moveit_resources_panda_description:/home/khamrouni/ws_moveit/install/moveit_resources_fanuc_moveit_config:/home/khamrouni/ws_moveit/install/moveit_resources_fanuc_description:/home/khamrouni/ws_moveit/install/moveit_common:/home/khamrouni/robot_ws/install/iiwa_description:/home/khamrouni/ros2_ws/install/polygon_base:/home/khamrouni/ros2_ws/install/iiwa_bringup:/home/khamrouni/ros2_ws/install/iiwa_description:/home/khamrouni/ros2_ws/install/examples_rclcpp_minimal_action_client:/home/khamrouni/ros2_ws/install/examples_rclcpp_cbg_executor:/home/khamrouni/ros2_ws/install/examples_rclcpp_async_client:/home/khamrouni/ros2_ws/install/cpp_parameters:/home/khamrouni/ws_moveit/install/moveit_configs_utils:/home/khamrouni/ws_moveit/install/launch_param_builder:/opt/ros/humble /usr/bin/cmake --install /home/khamrouni/lbr-stack/src/lbr_fri_ros2_stack/build/med7_moveit_config
[1.948s] DEBUG:colcon.colcon_core.event_handler.log_command:Invoked command in '/home/khamrouni/lbr-stack/src/lbr_fri_ros2_stack/build/iiwa7_moveit_config' returned '0': AMENT_PREFIX_PATH=/home/khamrouni/lbr-stack/src/lbr_fri_ros2_stack/install/lbr_description:${AMENT_PREFIX_PATH} CMAKE_PREFIX_PATH=/home/khamrouni/lbr-stack/src/lbr_fri_ros2_stack/install/lbr_description:/home/khamrouni/ws_moveit/install/pilz_industrial_motion_planner_testutils:/home/khamrouni/ws_moveit/install/moveit_runtime:/home/khamrouni/ws_moveit/install/moveit2_tutorials:/home/khamrouni/ws_moveit/install/moveit:/home/khamrouni/ws_moveit/install/moveit_planners:/home/khamrouni/ws_moveit/install/pilz_industrial_motion_planner:/home/khamrouni/ws_moveit/install/moveit_visual_tools:/home/khamrouni/ws_moveit/install/moveit_task_constructor_visualization:/home/khamrouni/ws_moveit/install/moveit_task_constructor_demo:/home/khamrouni/ws_moveit/install/moveit_task_constructor_capabilities:/home/khamrouni/ws_moveit/install/moveit_task_constructor_core:/home/khamrouni/ws_moveit/install/moveit_ros_control_interface:/home/khamrouni/ws_moveit/install/moveit_plugins:/home/khamrouni/ws_moveit/install/moveit_simple_controller_manager:/home/khamrouni/ws_moveit/install/moveit_setup_assistant:/home/khamrouni/ws_moveit/install/moveit_setup_srdf_plugins:/home/khamrouni/ws_moveit/install/moveit_setup_core_plugins:/home/khamrouni/ws_moveit/install/moveit_setup_controllers:/home/khamrouni/ws_moveit/install/moveit_setup_app_plugins:/home/khamrouni/ws_moveit/install/moveit_setup_framework:/home/khamrouni/ws_moveit/install/moveit_servo:/home/khamrouni/ws_moveit/install/moveit_ros:/home/khamrouni/ws_moveit/install/moveit_ros_visualization:/home/khamrouni/ws_moveit/install/moveit_hybrid_planning:/home/khamrouni/ws_moveit/install/move_program:/home/khamrouni/ws_moveit/install/hello_moveit:/home/khamrouni/ws_moveit/install/moveit_ros_planning_interface:/home/khamrouni/ws_moveit/install/moveit_ros_benchmarks:/home/khamrouni/ws_moveit/install/moveit_ros_warehouse:/home/khamrouni/ws_moveit/install/moveit_ros_robot_interaction:/home/khamrouni/ws_moveit/install/moveit_ros_perception:/home/khamrouni/ws_moveit/install/moveit_resources_prbt_pg70_support:/home/khamrouni/ws_moveit/install/moveit_resources_prbt_moveit_config:/home/khamrouni/ws_moveit/install/moveit_ros_move_group:/home/khamrouni/ws_moveit/install/moveit_planners_ompl:/home/khamrouni/ws_moveit/install/moveit_ros_planning:/home/khamrouni/ws_moveit/install/moveit_ros_occupancy_map_monitor:/home/khamrouni/ws_moveit/install/moveit_resources_prbt_ikfast_manipulator_plugin:/home/khamrouni/ws_moveit/install/moveit_planners_chomp:/home/khamrouni/ws_moveit/install/moveit_kinematics:/home/khamrouni/ws_moveit/install/moveit_chomp_optimizer_adapter:/home/khamrouni/ws_moveit/install/chomp_motion_planner:/home/khamrouni/ws_moveit/install/moveit_core:/home/khamrouni/ws_moveit/install/srdfdom:/home/khamrouni/ws_moveit/install/rviz_marker_tools:/home/khamrouni/ws_moveit/install/rosparam_shortcuts:/home/khamrouni/ws_moveit/install/moveit_task_constructor_msgs:/home/khamrouni/ws_moveit/install/moveit_resources_prbt_support:/home/khamrouni/ws_moveit/install/moveit_resources:/home/khamrouni/ws_moveit/install/moveit_resources_pr2_description:/home/khamrouni/ws_moveit/install/moveit_resources_panda_moveit_config:/home/khamrouni/ws_moveit/install/moveit_resources_panda_description:/home/khamrouni/ws_moveit/install/moveit_resources_fanuc_moveit_config:/home/khamrouni/ws_moveit/install/moveit_resources_fanuc_description:/home/khamrouni/ws_moveit/install/moveit_common:/home/khamrouni/robot_ws/install/iiwa_description:/home/khamrouni/ros2_ws/install/polygon_base:/home/khamrouni/ros2_ws/install/iiwa_bringup:/home/khamrouni/ros2_ws/install/iiwa_description:/home/khamrouni/ros2_ws/install/examples_rclcpp_minimal_action_client:/home/khamrouni/ros2_ws/install/examples_rclcpp_cbg_executor:/home/khamrouni/ros2_ws/install/examples_rclcpp_async_client:/home/khamrouni/ros2_ws/install/cpp_parameters:/home/khamrouni/ws_moveit/install/moveit_configs_utils:/home/khamrouni/ws_moveit/install/launch_param_builder:/opt/ros/humble /usr/bin/cmake --install /home/khamrouni/lbr-stack/src/lbr_fri_ros2_stack/build/iiwa7_moveit_config
[1.949s] Level 1:colcon.colcon_core.environment:checking '/home/khamrouni/lbr-stack/src/lbr_fri_ros2_stack/install/iiwa7_moveit_config' for CMake config files
[1.950s] Level 1:colcon.colcon_core.shell:create_environment_hook('iiwa7_moveit_config', 'cmake_prefix_path')
[1.951s] INFO:colcon.colcon_core.shell:Creating environment hook '/home/khamrouni/lbr-stack/src/lbr_fri_ros2_stack/install/iiwa7_moveit_config/share/iiwa7_moveit_config/hook/cmake_prefix_path.ps1'
[1.952s] INFO:colcon.colcon_core.shell:Creating environment descriptor '/home/khamrouni/lbr-stack/src/lbr_fri_ros2_stack/install/iiwa7_moveit_config/share/iiwa7_moveit_config/hook/cmake_prefix_path.dsv'
[1.953s] INFO:colcon.colcon_core.shell:Creating environment hook '/home/khamrouni/lbr-stack/src/lbr_fri_ros2_stack/install/iiwa7_moveit_config/share/iiwa7_moveit_config/hook/cmake_prefix_path.sh'
[1.960s] Level 1:colcon.colcon_core.environment:checking '/home/khamrouni/lbr-stack/src/lbr_fri_ros2_stack/install/iiwa7_moveit_config/bin'
[1.961s] Level 1:colcon.colcon_core.environment:checking '/home/khamrouni/lbr-stack/src/lbr_fri_ros2_stack/install/iiwa7_moveit_config/lib/pkgconfig/iiwa7_moveit_config.pc'
[1.961s] Level 1:colcon.colcon_core.environment:checking '/home/khamrouni/lbr-stack/src/lbr_fri_ros2_stack/install/iiwa7_moveit_config/lib/python3.10/site-packages'
[1.962s] Level 1:colcon.colcon_core.environment:checking '/home/khamrouni/lbr-stack/src/lbr_fri_ros2_stack/install/iiwa7_moveit_config/bin'
[1.962s] INFO:colcon.colcon_core.shell:Creating package script '/home/khamrouni/lbr-stack/src/lbr_fri_ros2_stack/install/iiwa7_moveit_config/share/iiwa7_moveit_config/package.ps1'
[1.965s] INFO:colcon.colcon_core.shell:Creating package descriptor '/home/khamrouni/lbr-stack/src/lbr_fri_ros2_stack/install/iiwa7_moveit_config/share/iiwa7_moveit_config/package.dsv'
[1.966s] INFO:colcon.colcon_core.shell:Creating package script '/home/khamrouni/lbr-stack/src/lbr_fri_ros2_stack/install/iiwa7_moveit_config/share/iiwa7_moveit_config/package.sh'
[1.966s] INFO:colcon.colcon_core.shell:Creating package script '/home/khamrouni/lbr-stack/src/lbr_fri_ros2_stack/install/iiwa7_moveit_config/share/iiwa7_moveit_config/package.bash'
[1.967s] INFO:colcon.colcon_core.shell:Creating package script '/home/khamrouni/lbr-stack/src/lbr_fri_ros2_stack/install/iiwa7_moveit_config/share/iiwa7_moveit_config/package.zsh'
[1.968s] Level 1:colcon.colcon_core.environment:create_file_with_runtime_dependencies(/home/khamrouni/lbr-stack/src/lbr_fri_ros2_stack/install/iiwa7_moveit_config/share/colcon-core/packages/iiwa7_moveit_config)
[1.969s] Level 1:colcon.colcon_core.environment:create_environment_scripts_only(iiwa7_moveit_config)
[1.970s] Level 1:colcon.colcon_core.environment:checking '/home/khamrouni/lbr-stack/src/lbr_fri_ros2_stack/install/iiwa7_moveit_config' for CMake module files
[1.970s] Level 1:colcon.colcon_core.environment:checking '/home/khamrouni/lbr-stack/src/lbr_fri_ros2_stack/install/iiwa7_moveit_config' for CMake config files
[1.971s] Level 1:colcon.colcon_core.shell:create_environment_hook('iiwa7_moveit_config', 'cmake_prefix_path')
[1.971s] INFO:colcon.colcon_core.shell:Creating environment hook '/home/khamrouni/lbr-stack/src/lbr_fri_ros2_stack/install/iiwa7_moveit_config/share/iiwa7_moveit_config/hook/cmake_prefix_path.ps1'
[1.972s] INFO:colcon.colcon_core.shell:Creating environment descriptor '/home/khamrouni/lbr-stack/src/lbr_fri_ros2_stack/install/iiwa7_moveit_config/share/iiwa7_moveit_config/hook/cmake_prefix_path.dsv'
[1.973s] INFO:colcon.colcon_core.shell:Creating environment hook '/home/khamrouni/lbr-stack/src/lbr_fri_ros2_stack/install/iiwa7_moveit_config/share/iiwa7_moveit_config/hook/cmake_prefix_path.sh'
[1.974s] Level 1:colcon.colcon_core.environment:checking '/home/khamrouni/lbr-stack/src/lbr_fri_ros2_stack/install/iiwa7_moveit_config/bin'
[1.974s] Level 1:colcon.colcon_core.environment:checking '/home/khamrouni/lbr-stack/src/lbr_fri_ros2_stack/install/iiwa7_moveit_config/lib/pkgconfig/iiwa7_moveit_config.pc'
[1.974s] Level 1:colcon.colcon_core.environment:checking '/home/khamrouni/lbr-stack/src/lbr_fri_ros2_stack/install/iiwa7_moveit_config/lib/python3.10/site-packages'
[1.975s] Level 1:colcon.colcon_core.environment:checking '/home/khamrouni/lbr-stack/src/lbr_fri_ros2_stack/install/iiwa7_moveit_config/bin'
[1.975s] INFO:colcon.colcon_core.shell:Creating package script '/home/khamrouni/lbr-stack/src/lbr_fri_ros2_stack/install/iiwa7_moveit_config/share/iiwa7_moveit_config/package.ps1'
[1.976s] INFO:colcon.colcon_core.shell:Creating package descriptor '/home/khamrouni/lbr-stack/src/lbr_fri_ros2_stack/install/iiwa7_moveit_config/share/iiwa7_moveit_config/package.dsv'
[1.977s] INFO:colcon.colcon_core.shell:Creating package script '/home/khamrouni/lbr-stack/src/lbr_fri_ros2_stack/install/iiwa7_moveit_config/share/iiwa7_moveit_config/package.sh'
[1.978s] INFO:colcon.colcon_core.shell:Creating package script '/home/khamrouni/lbr-stack/src/lbr_fri_ros2_stack/install/iiwa7_moveit_config/share/iiwa7_moveit_config/package.bash'
[1.979s] INFO:colcon.colcon_core.shell:Creating package script '/home/khamrouni/lbr-stack/src/lbr_fri_ros2_stack/install/iiwa7_moveit_config/share/iiwa7_moveit_config/package.zsh'
[1.980s] Level 1:colcon.colcon_core.environment:create_file_with_runtime_dependencies(/home/khamrouni/lbr-stack/src/lbr_fri_ros2_stack/install/iiwa7_moveit_config/share/colcon-core/packages/iiwa7_moveit_config)
[1.981s] Level 1:colcon.colcon_core.environment:create_environment_scripts_only(iiwa14_moveit_config)
[1.981s] Level 1:colcon.colcon_core.environment:checking '/home/khamrouni/lbr-stack/src/lbr_fri_ros2_stack/install/iiwa14_moveit_config' for CMake module files
[1.983s] Level 1:colcon.colcon_core.environment:checking '/home/khamrouni/lbr-stack/src/lbr_fri_ros2_stack/install/iiwa14_moveit_config' for CMake config files
[1.984s] DEBUG:colcon.colcon_core.event_handler.log_command:Invoked command in '/home/khamrouni/lbr-stack/src/lbr_fri_ros2_stack/build/iiwa14_moveit_config' returned '0': AMENT_PREFIX_PATH=/home/khamrouni/lbr-stack/src/lbr_fri_ros2_stack/install/lbr_description:${AMENT_PREFIX_PATH} CMAKE_PREFIX_PATH=/home/khamrouni/lbr-stack/src/lbr_fri_ros2_stack/install/lbr_description:/home/khamrouni/ws_moveit/install/pilz_industrial_motion_planner_testutils:/home/khamrouni/ws_moveit/install/moveit_runtime:/home/khamrouni/ws_moveit/install/moveit2_tutorials:/home/khamrouni/ws_moveit/install/moveit:/home/khamrouni/ws_moveit/install/moveit_planners:/home/khamrouni/ws_moveit/install/pilz_industrial_motion_planner:/home/khamrouni/ws_moveit/install/moveit_visual_tools:/home/khamrouni/ws_moveit/install/moveit_task_constructor_visualization:/home/khamrouni/ws_moveit/install/moveit_task_constructor_demo:/home/khamrouni/ws_moveit/install/moveit_task_constructor_capabilities:/home/khamrouni/ws_moveit/install/moveit_task_constructor_core:/home/khamrouni/ws_moveit/install/moveit_ros_control_interface:/home/khamrouni/ws_moveit/install/moveit_plugins:/home/khamrouni/ws_moveit/install/moveit_simple_controller_manager:/home/khamrouni/ws_moveit/install/moveit_setup_assistant:/home/khamrouni/ws_moveit/install/moveit_setup_srdf_plugins:/home/khamrouni/ws_moveit/install/moveit_setup_core_plugins:/home/khamrouni/ws_moveit/install/moveit_setup_controllers:/home/khamrouni/ws_moveit/install/moveit_setup_app_plugins:/home/khamrouni/ws_moveit/install/moveit_setup_framework:/home/khamrouni/ws_moveit/install/moveit_servo:/home/khamrouni/ws_moveit/install/moveit_ros:/home/khamrouni/ws_moveit/install/moveit_ros_visualization:/home/khamrouni/ws_moveit/install/moveit_hybrid_planning:/home/khamrouni/ws_moveit/install/move_program:/home/khamrouni/ws_moveit/install/hello_moveit:/home/khamrouni/ws_moveit/install/moveit_ros_planning_interface:/home/khamrouni/ws_moveit/install/moveit_ros_benchmarks:/home/khamrouni/ws_moveit/install/moveit_ros_warehouse:/home/khamrouni/ws_moveit/install/moveit_ros_robot_interaction:/home/khamrouni/ws_moveit/install/moveit_ros_perception:/home/khamrouni/ws_moveit/install/moveit_resources_prbt_pg70_support:/home/khamrouni/ws_moveit/install/moveit_resources_prbt_moveit_config:/home/khamrouni/ws_moveit/install/moveit_ros_move_group:/home/khamrouni/ws_moveit/install/moveit_planners_ompl:/home/khamrouni/ws_moveit/install/moveit_ros_planning:/home/khamrouni/ws_moveit/install/moveit_ros_occupancy_map_monitor:/home/khamrouni/ws_moveit/install/moveit_resources_prbt_ikfast_manipulator_plugin:/home/khamrouni/ws_moveit/install/moveit_planners_chomp:/home/khamrouni/ws_moveit/install/moveit_kinematics:/home/khamrouni/ws_moveit/install/moveit_chomp_optimizer_adapter:/home/khamrouni/ws_moveit/install/chomp_motion_planner:/home/khamrouni/ws_moveit/install/moveit_core:/home/khamrouni/ws_moveit/install/srdfdom:/home/khamrouni/ws_moveit/install/rviz_marker_tools:/home/khamrouni/ws_moveit/install/rosparam_shortcuts:/home/khamrouni/ws_moveit/install/moveit_task_constructor_msgs:/home/khamrouni/ws_moveit/install/moveit_resources_prbt_support:/home/khamrouni/ws_moveit/install/moveit_resources:/home/khamrouni/ws_moveit/install/moveit_resources_pr2_description:/home/khamrouni/ws_moveit/install/moveit_resources_panda_moveit_config:/home/khamrouni/ws_moveit/install/moveit_resources_panda_description:/home/khamrouni/ws_moveit/install/moveit_resources_fanuc_moveit_config:/home/khamrouni/ws_moveit/install/moveit_resources_fanuc_description:/home/khamrouni/ws_moveit/install/moveit_common:/home/khamrouni/robot_ws/install/iiwa_description:/home/khamrouni/ros2_ws/install/polygon_base:/home/khamrouni/ros2_ws/install/iiwa_bringup:/home/khamrouni/ros2_ws/install/iiwa_description:/home/khamrouni/ros2_ws/install/examples_rclcpp_minimal_action_client:/home/khamrouni/ros2_ws/install/examples_rclcpp_cbg_executor:/home/khamrouni/ros2_ws/install/examples_rclcpp_async_client:/home/khamrouni/ros2_ws/install/cpp_parameters:/home/khamrouni/ws_moveit/install/moveit_configs_utils:/home/khamrouni/ws_moveit/install/launch_param_builder:/opt/ros/humble /usr/bin/cmake --install /home/khamrouni/lbr-stack/src/lbr_fri_ros2_stack/build/iiwa14_moveit_config
[1.984s] Level 1:colcon.colcon_core.shell:create_environment_hook('iiwa14_moveit_config', 'cmake_prefix_path')
[1.985s] INFO:colcon.colcon_core.shell:Creating environment hook '/home/khamrouni/lbr-stack/src/lbr_fri_ros2_stack/install/iiwa14_moveit_config/share/iiwa14_moveit_config/hook/cmake_prefix_path.ps1'
[1.985s] INFO:colcon.colcon_core.shell:Creating environment descriptor '/home/khamrouni/lbr-stack/src/lbr_fri_ros2_stack/install/iiwa14_moveit_config/share/iiwa14_moveit_config/hook/cmake_prefix_path.dsv'
[1.986s] INFO:colcon.colcon_core.shell:Creating environment hook '/home/khamrouni/lbr-stack/src/lbr_fri_ros2_stack/install/iiwa14_moveit_config/share/iiwa14_moveit_config/hook/cmake_prefix_path.sh'
[1.987s] Level 1:colcon.colcon_core.environment:checking '/home/khamrouni/lbr-stack/src/lbr_fri_ros2_stack/install/iiwa14_moveit_config/bin'
[1.987s] Level 1:colcon.colcon_core.environment:checking '/home/khamrouni/lbr-stack/src/lbr_fri_ros2_stack/install/iiwa14_moveit_config/lib/pkgconfig/iiwa14_moveit_config.pc'
[1.988s] Level 1:colcon.colcon_core.environment:checking '/home/khamrouni/lbr-stack/src/lbr_fri_ros2_stack/install/iiwa14_moveit_config/lib/python3.10/site-packages'
[1.988s] Level 1:colcon.colcon_core.environment:checking '/home/khamrouni/lbr-stack/src/lbr_fri_ros2_stack/install/iiwa14_moveit_config/bin'
[1.989s] INFO:colcon.colcon_core.shell:Creating package script '/home/khamrouni/lbr-stack/src/lbr_fri_ros2_stack/install/iiwa14_moveit_config/share/iiwa14_moveit_config/package.ps1'
[1.989s] INFO:colcon.colcon_core.shell:Creating package descriptor '/home/khamrouni/lbr-stack/src/lbr_fri_ros2_stack/install/iiwa14_moveit_config/share/iiwa14_moveit_config/package.dsv'
[1.990s] INFO:colcon.colcon_core.shell:Creating package script '/home/khamrouni/lbr-stack/src/lbr_fri_ros2_stack/install/iiwa14_moveit_config/share/iiwa14_moveit_config/package.sh'
[1.991s] INFO:colcon.colcon_core.shell:Creating package script '/home/khamrouni/lbr-stack/src/lbr_fri_ros2_stack/install/iiwa14_moveit_config/share/iiwa14_moveit_config/package.bash'
[1.991s] INFO:colcon.colcon_core.shell:Creating package script '/home/khamrouni/lbr-stack/src/lbr_fri_ros2_stack/install/iiwa14_moveit_config/share/iiwa14_moveit_config/package.zsh'
[1.992s] Level 1:colcon.colcon_core.environment:create_file_with_runtime_dependencies(/home/khamrouni/lbr-stack/src/lbr_fri_ros2_stack/install/iiwa14_moveit_config/share/colcon-core/packages/iiwa14_moveit_config)
[1.993s] Level 1:colcon.colcon_core.environment:create_environment_scripts_only(iiwa14_moveit_config)
[1.993s] Level 1:colcon.colcon_core.environment:checking '/home/khamrouni/lbr-stack/src/lbr_fri_ros2_stack/install/iiwa14_moveit_config' for CMake module files
[1.994s] Level 1:colcon.colcon_core.environment:checking '/home/khamrouni/lbr-stack/src/lbr_fri_ros2_stack/install/iiwa14_moveit_config' for CMake config files
[1.995s] Level 1:colcon.colcon_core.shell:create_environment_hook('iiwa14_moveit_config', 'cmake_prefix_path')
[1.996s] INFO:colcon.colcon_core.shell:Creating environment hook '/home/khamrouni/lbr-stack/src/lbr_fri_ros2_stack/install/iiwa14_moveit_config/share/iiwa14_moveit_config/hook/cmake_prefix_path.ps1'
[1.997s] INFO:colcon.colcon_core.shell:Creating environment descriptor '/home/khamrouni/lbr-stack/src/lbr_fri_ros2_stack/install/iiwa14_moveit_config/share/iiwa14_moveit_config/hook/cmake_prefix_path.dsv'
[1.998s] INFO:colcon.colcon_core.shell:Creating environment hook '/home/khamrouni/lbr-stack/src/lbr_fri_ros2_stack/install/iiwa14_moveit_config/share/iiwa14_moveit_config/hook/cmake_prefix_path.sh'
[1.999s] Level 1:colcon.colcon_core.environment:checking '/home/khamrouni/lbr-stack/src/lbr_fri_ros2_stack/install/iiwa14_moveit_config/bin'
[1.999s] Level 1:colcon.colcon_core.environment:checking '/home/khamrouni/lbr-stack/src/lbr_fri_ros2_stack/install/iiwa14_moveit_config/lib/pkgconfig/iiwa14_moveit_config.pc'
[2.000s] Level 1:colcon.colcon_core.environment:checking '/home/khamrouni/lbr-stack/src/lbr_fri_ros2_stack/install/iiwa14_moveit_config/lib/python3.10/site-packages'
[2.000s] Level 1:colcon.colcon_core.environment:checking '/home/khamrouni/lbr-stack/src/lbr_fri_ros2_stack/install/iiwa14_moveit_config/bin'
[2.001s] INFO:colcon.colcon_core.shell:Creating package script '/home/khamrouni/lbr-stack/src/lbr_fri_ros2_stack/install/iiwa14_moveit_config/share/iiwa14_moveit_config/package.ps1'
[2.002s] INFO:colcon.colcon_core.shell:Creating package descriptor '/home/khamrouni/lbr-stack/src/lbr_fri_ros2_stack/install/iiwa14_moveit_config/share/iiwa14_moveit_config/package.dsv'
[2.004s] INFO:colcon.colcon_core.shell:Creating package script '/home/khamrouni/lbr-stack/src/lbr_fri_ros2_stack/install/iiwa14_moveit_config/share/iiwa14_moveit_config/package.sh'
[2.004s] INFO:colcon.colcon_core.shell:Creating package script '/home/khamrouni/lbr-stack/src/lbr_fri_ros2_stack/install/iiwa14_moveit_config/share/iiwa14_moveit_config/package.bash'
[2.005s] INFO:colcon.colcon_core.shell:Creating package script '/home/khamrouni/lbr-stack/src/lbr_fri_ros2_stack/install/iiwa14_moveit_config/share/iiwa14_moveit_config/package.zsh'
[2.006s] Level 1:colcon.colcon_core.environment:create_file_with_runtime_dependencies(/home/khamrouni/lbr-stack/src/lbr_fri_ros2_stack/install/iiwa14_moveit_config/share/colcon-core/packages/iiwa14_moveit_config)
[2.008s] Level 1:colcon.colcon_core.environment:create_environment_scripts_only(med14_moveit_config)
[2.009s] Level 1:colcon.colcon_core.environment:checking '/home/khamrouni/lbr-stack/src/lbr_fri_ros2_stack/install/med14_moveit_config' for CMake module files
[2.010s] Level 1:colcon.colcon_core.environment:checking '/home/khamrouni/lbr-stack/src/lbr_fri_ros2_stack/install/med14_moveit_config' for CMake config files
[2.015s] DEBUG:colcon.colcon_core.event_handler.log_command:Invoked command in '/home/khamrouni/lbr-stack/src/lbr_fri_ros2_stack/build/med14_moveit_config' returned '0': AMENT_PREFIX_PATH=/home/khamrouni/lbr-stack/src/lbr_fri_ros2_stack/install/lbr_description:${AMENT_PREFIX_PATH} CMAKE_PREFIX_PATH=/home/khamrouni/lbr-stack/src/lbr_fri_ros2_stack/install/lbr_description:/home/khamrouni/ws_moveit/install/pilz_industrial_motion_planner_testutils:/home/khamrouni/ws_moveit/install/moveit_runtime:/home/khamrouni/ws_moveit/install/moveit2_tutorials:/home/khamrouni/ws_moveit/install/moveit:/home/khamrouni/ws_moveit/install/moveit_planners:/home/khamrouni/ws_moveit/install/pilz_industrial_motion_planner:/home/khamrouni/ws_moveit/install/moveit_visual_tools:/home/khamrouni/ws_moveit/install/moveit_task_constructor_visualization:/home/khamrouni/ws_moveit/install/moveit_task_constructor_demo:/home/khamrouni/ws_moveit/install/moveit_task_constructor_capabilities:/home/khamrouni/ws_moveit/install/moveit_task_constructor_core:/home/khamrouni/ws_moveit/install/moveit_ros_control_interface:/home/khamrouni/ws_moveit/install/moveit_plugins:/home/khamrouni/ws_moveit/install/moveit_simple_controller_manager:/home/khamrouni/ws_moveit/install/moveit_setup_assistant:/home/khamrouni/ws_moveit/install/moveit_setup_srdf_plugins:/home/khamrouni/ws_moveit/install/moveit_setup_core_plugins:/home/khamrouni/ws_moveit/install/moveit_setup_controllers:/home/khamrouni/ws_moveit/install/moveit_setup_app_plugins:/home/khamrouni/ws_moveit/install/moveit_setup_framework:/home/khamrouni/ws_moveit/install/moveit_servo:/home/khamrouni/ws_moveit/install/moveit_ros:/home/khamrouni/ws_moveit/install/moveit_ros_visualization:/home/khamrouni/ws_moveit/install/moveit_hybrid_planning:/home/khamrouni/ws_moveit/install/move_program:/home/khamrouni/ws_moveit/install/hello_moveit:/home/khamrouni/ws_moveit/install/moveit_ros_planning_interface:/home/khamrouni/ws_moveit/install/moveit_ros_benchmarks:/home/khamrouni/ws_moveit/install/moveit_ros_warehouse:/home/khamrouni/ws_moveit/install/moveit_ros_robot_interaction:/home/khamrouni/ws_moveit/install/moveit_ros_perception:/home/khamrouni/ws_moveit/install/moveit_resources_prbt_pg70_support:/home/khamrouni/ws_moveit/install/moveit_resources_prbt_moveit_config:/home/khamrouni/ws_moveit/install/moveit_ros_move_group:/home/khamrouni/ws_moveit/install/moveit_planners_ompl:/home/khamrouni/ws_moveit/install/moveit_ros_planning:/home/khamrouni/ws_moveit/install/moveit_ros_occupancy_map_monitor:/home/khamrouni/ws_moveit/install/moveit_resources_prbt_ikfast_manipulator_plugin:/home/khamrouni/ws_moveit/install/moveit_planners_chomp:/home/khamrouni/ws_moveit/install/moveit_kinematics:/home/khamrouni/ws_moveit/install/moveit_chomp_optimizer_adapter:/home/khamrouni/ws_moveit/install/chomp_motion_planner:/home/khamrouni/ws_moveit/install/moveit_core:/home/khamrouni/ws_moveit/install/srdfdom:/home/khamrouni/ws_moveit/install/rviz_marker_tools:/home/khamrouni/ws_moveit/install/rosparam_shortcuts:/home/khamrouni/ws_moveit/install/moveit_task_constructor_msgs:/home/khamrouni/ws_moveit/install/moveit_resources_prbt_support:/home/khamrouni/ws_moveit/install/moveit_resources:/home/khamrouni/ws_moveit/install/moveit_resources_pr2_description:/home/khamrouni/ws_moveit/install/moveit_resources_panda_moveit_config:/home/khamrouni/ws_moveit/install/moveit_resources_panda_description:/home/khamrouni/ws_moveit/install/moveit_resources_fanuc_moveit_config:/home/khamrouni/ws_moveit/install/moveit_resources_fanuc_description:/home/khamrouni/ws_moveit/install/moveit_common:/home/khamrouni/robot_ws/install/iiwa_description:/home/khamrouni/ros2_ws/install/polygon_base:/home/khamrouni/ros2_ws/install/iiwa_bringup:/home/khamrouni/ros2_ws/install/iiwa_description:/home/khamrouni/ros2_ws/install/examples_rclcpp_minimal_action_client:/home/khamrouni/ros2_ws/install/examples_rclcpp_cbg_executor:/home/khamrouni/ros2_ws/install/examples_rclcpp_async_client:/home/khamrouni/ros2_ws/install/cpp_parameters:/home/khamrouni/ws_moveit/install/moveit_configs_utils:/home/khamrouni/ws_moveit/install/launch_param_builder:/opt/ros/humble /usr/bin/cmake --install /home/khamrouni/lbr-stack/src/lbr_fri_ros2_stack/build/med14_moveit_config
[2.016s] Level 1:colcon.colcon_core.shell:create_environment_hook('med14_moveit_config', 'cmake_prefix_path')
[2.016s] INFO:colcon.colcon_core.shell:Creating environment hook '/home/khamrouni/lbr-stack/src/lbr_fri_ros2_stack/install/med14_moveit_config/share/med14_moveit_config/hook/cmake_prefix_path.ps1'
[2.017s] INFO:colcon.colcon_core.shell:Creating environment descriptor '/home/khamrouni/lbr-stack/src/lbr_fri_ros2_stack/install/med14_moveit_config/share/med14_moveit_config/hook/cmake_prefix_path.dsv'
[2.018s] INFO:colcon.colcon_core.shell:Creating environment hook '/home/khamrouni/lbr-stack/src/lbr_fri_ros2_stack/install/med14_moveit_config/share/med14_moveit_config/hook/cmake_prefix_path.sh'
[2.019s] Level 1:colcon.colcon_core.environment:checking '/home/khamrouni/lbr-stack/src/lbr_fri_ros2_stack/install/med14_moveit_config/bin'
[2.019s] Level 1:colcon.colcon_core.environment:checking '/home/khamrouni/lbr-stack/src/lbr_fri_ros2_stack/install/med14_moveit_config/lib/pkgconfig/med14_moveit_config.pc'
[2.019s] Level 1:colcon.colcon_core.environment:checking '/home/khamrouni/lbr-stack/src/lbr_fri_ros2_stack/install/med14_moveit_config/lib/python3.10/site-packages'
[2.020s] Level 1:colcon.colcon_core.environment:checking '/home/khamrouni/lbr-stack/src/lbr_fri_ros2_stack/install/med14_moveit_config/bin'
[2.020s] INFO:colcon.colcon_core.shell:Creating package script '/home/khamrouni/lbr-stack/src/lbr_fri_ros2_stack/install/med14_moveit_config/share/med14_moveit_config/package.ps1'
[2.021s] INFO:colcon.colcon_core.shell:Creating package descriptor '/home/khamrouni/lbr-stack/src/lbr_fri_ros2_stack/install/med14_moveit_config/share/med14_moveit_config/package.dsv'
[2.022s] INFO:colcon.colcon_core.shell:Creating package script '/home/khamrouni/lbr-stack/src/lbr_fri_ros2_stack/install/med14_moveit_config/share/med14_moveit_config/package.sh'
[2.022s] INFO:colcon.colcon_core.shell:Creating package script '/home/khamrouni/lbr-stack/src/lbr_fri_ros2_stack/install/med14_moveit_config/share/med14_moveit_config/package.bash'
[2.023s] INFO:colcon.colcon_core.shell:Creating package script '/home/khamrouni/lbr-stack/src/lbr_fri_ros2_stack/install/med14_moveit_config/share/med14_moveit_config/package.zsh'
[2.024s] Level 1:colcon.colcon_core.environment:create_file_with_runtime_dependencies(/home/khamrouni/lbr-stack/src/lbr_fri_ros2_stack/install/med14_moveit_config/share/colcon-core/packages/med14_moveit_config)
[2.025s] Level 1:colcon.colcon_core.environment:create_environment_scripts_only(med14_moveit_config)
[2.025s] Level 1:colcon.colcon_core.environment:checking '/home/khamrouni/lbr-stack/src/lbr_fri_ros2_stack/install/med14_moveit_config' for CMake module files
[2.026s] Level 1:colcon.colcon_core.environment:checking '/home/khamrouni/lbr-stack/src/lbr_fri_ros2_stack/install/med14_moveit_config' for CMake config files
[2.026s] Level 1:colcon.colcon_core.shell:create_environment_hook('med14_moveit_config', 'cmake_prefix_path')
[2.027s] INFO:colcon.colcon_core.shell:Creating environment hook '/home/khamrouni/lbr-stack/src/lbr_fri_ros2_stack/install/med14_moveit_config/share/med14_moveit_config/hook/cmake_prefix_path.ps1'
[2.027s] INFO:colcon.colcon_core.shell:Creating environment descriptor '/home/khamrouni/lbr-stack/src/lbr_fri_ros2_stack/install/med14_moveit_config/share/med14_moveit_config/hook/cmake_prefix_path.dsv'
[2.028s] INFO:colcon.colcon_core.shell:Creating environment hook '/home/khamrouni/lbr-stack/src/lbr_fri_ros2_stack/install/med14_moveit_config/share/med14_moveit_config/hook/cmake_prefix_path.sh'
[2.029s] Level 1:colcon.colcon_core.environment:checking '/home/khamrouni/lbr-stack/src/lbr_fri_ros2_stack/install/med14_moveit_config/bin'
[2.030s] Level 1:colcon.colcon_core.environment:checking '/home/khamrouni/lbr-stack/src/lbr_fri_ros2_stack/install/med14_moveit_config/lib/pkgconfig/med14_moveit_config.pc'
[2.030s] Level 1:colcon.colcon_core.environment:checking '/home/khamrouni/lbr-stack/src/lbr_fri_ros2_stack/install/med14_moveit_config/lib/python3.10/site-packages'
[2.031s] Level 1:colcon.colcon_core.environment:checking '/home/khamrouni/lbr-stack/src/lbr_fri_ros2_stack/install/med14_moveit_config/bin'
[2.032s] INFO:colcon.colcon_core.shell:Creating package script '/home/khamrouni/lbr-stack/src/lbr_fri_ros2_stack/install/med14_moveit_config/share/med14_moveit_config/package.ps1'
[2.033s] INFO:colcon.colcon_core.shell:Creating package descriptor '/home/khamrouni/lbr-stack/src/lbr_fri_ros2_stack/install/med14_moveit_config/share/med14_moveit_config/package.dsv'
[2.034s] INFO:colcon.colcon_core.shell:Creating package script '/home/khamrouni/lbr-stack/src/lbr_fri_ros2_stack/install/med14_moveit_config/share/med14_moveit_config/package.sh'
[2.035s] INFO:colcon.colcon_core.shell:Creating package script '/home/khamrouni/lbr-stack/src/lbr_fri_ros2_stack/install/med14_moveit_config/share/med14_moveit_config/package.bash'
[2.036s] INFO:colcon.colcon_core.shell:Creating package script '/home/khamrouni/lbr-stack/src/lbr_fri_ros2_stack/install/med14_moveit_config/share/med14_moveit_config/package.zsh'
[2.037s] Level 1:colcon.colcon_core.environment:create_file_with_runtime_dependencies(/home/khamrouni/lbr-stack/src/lbr_fri_ros2_stack/install/med14_moveit_config/share/colcon-core/packages/med14_moveit_config)
[2.038s] Level 1:colcon.colcon_core.environment:create_environment_scripts_only(med7_moveit_config)
[2.039s] Level 1:colcon.colcon_core.environment:checking '/home/khamrouni/lbr-stack/src/lbr_fri_ros2_stack/install/med7_moveit_config' for CMake module files
[2.040s] Level 1:colcon.colcon_core.environment:checking '/home/khamrouni/lbr-stack/src/lbr_fri_ros2_stack/install/med7_moveit_config' for CMake config files
[2.041s] DEBUG:colcon.colcon_core.event_handler.log_command:Invoked command in '/home/khamrouni/lbr-stack/src/lbr_fri_ros2_stack/build/med7_moveit_config' returned '0': AMENT_PREFIX_PATH=/home/khamrouni/lbr-stack/src/lbr_fri_ros2_stack/install/lbr_description:${AMENT_PREFIX_PATH} CMAKE_PREFIX_PATH=/home/khamrouni/lbr-stack/src/lbr_fri_ros2_stack/install/lbr_description:/home/khamrouni/ws_moveit/install/pilz_industrial_motion_planner_testutils:/home/khamrouni/ws_moveit/install/moveit_runtime:/home/khamrouni/ws_moveit/install/moveit2_tutorials:/home/khamrouni/ws_moveit/install/moveit:/home/khamrouni/ws_moveit/install/moveit_planners:/home/khamrouni/ws_moveit/install/pilz_industrial_motion_planner:/home/khamrouni/ws_moveit/install/moveit_visual_tools:/home/khamrouni/ws_moveit/install/moveit_task_constructor_visualization:/home/khamrouni/ws_moveit/install/moveit_task_constructor_demo:/home/khamrouni/ws_moveit/install/moveit_task_constructor_capabilities:/home/khamrouni/ws_moveit/install/moveit_task_constructor_core:/home/khamrouni/ws_moveit/install/moveit_ros_control_interface:/home/khamrouni/ws_moveit/install/moveit_plugins:/home/khamrouni/ws_moveit/install/moveit_simple_controller_manager:/home/khamrouni/ws_moveit/install/moveit_setup_assistant:/home/khamrouni/ws_moveit/install/moveit_setup_srdf_plugins:/home/khamrouni/ws_moveit/install/moveit_setup_core_plugins:/home/khamrouni/ws_moveit/install/moveit_setup_controllers:/home/khamrouni/ws_moveit/install/moveit_setup_app_plugins:/home/khamrouni/ws_moveit/install/moveit_setup_framework:/home/khamrouni/ws_moveit/install/moveit_servo:/home/khamrouni/ws_moveit/install/moveit_ros:/home/khamrouni/ws_moveit/install/moveit_ros_visualization:/home/khamrouni/ws_moveit/install/moveit_hybrid_planning:/home/khamrouni/ws_moveit/install/move_program:/home/khamrouni/ws_moveit/install/hello_moveit:/home/khamrouni/ws_moveit/install/moveit_ros_planning_interface:/home/khamrouni/ws_moveit/install/moveit_ros_benchmarks:/home/khamrouni/ws_moveit/install/moveit_ros_warehouse:/home/khamrouni/ws_moveit/install/moveit_ros_robot_interaction:/home/khamrouni/ws_moveit/install/moveit_ros_perception:/home/khamrouni/ws_moveit/install/moveit_resources_prbt_pg70_support:/home/khamrouni/ws_moveit/install/moveit_resources_prbt_moveit_config:/home/khamrouni/ws_moveit/install/moveit_ros_move_group:/home/khamrouni/ws_moveit/install/moveit_planners_ompl:/home/khamrouni/ws_moveit/install/moveit_ros_planning:/home/khamrouni/ws_moveit/install/moveit_ros_occupancy_map_monitor:/home/khamrouni/ws_moveit/install/moveit_resources_prbt_ikfast_manipulator_plugin:/home/khamrouni/ws_moveit/install/moveit_planners_chomp:/home/khamrouni/ws_moveit/install/moveit_kinematics:/home/khamrouni/ws_moveit/install/moveit_chomp_optimizer_adapter:/home/khamrouni/ws_moveit/install/chomp_motion_planner:/home/khamrouni/ws_moveit/install/moveit_core:/home/khamrouni/ws_moveit/install/srdfdom:/home/khamrouni/ws_moveit/install/rviz_marker_tools:/home/khamrouni/ws_moveit/install/rosparam_shortcuts:/home/khamrouni/ws_moveit/install/moveit_task_constructor_msgs:/home/khamrouni/ws_moveit/install/moveit_resources_prbt_support:/home/khamrouni/ws_moveit/install/moveit_resources:/home/khamrouni/ws_moveit/install/moveit_resources_pr2_description:/home/khamrouni/ws_moveit/install/moveit_resources_panda_moveit_config:/home/khamrouni/ws_moveit/install/moveit_resources_panda_description:/home/khamrouni/ws_moveit/install/moveit_resources_fanuc_moveit_config:/home/khamrouni/ws_moveit/install/moveit_resources_fanuc_description:/home/khamrouni/ws_moveit/install/moveit_common:/home/khamrouni/robot_ws/install/iiwa_description:/home/khamrouni/ros2_ws/install/polygon_base:/home/khamrouni/ros2_ws/install/iiwa_bringup:/home/khamrouni/ros2_ws/install/iiwa_description:/home/khamrouni/ros2_ws/install/examples_rclcpp_minimal_action_client:/home/khamrouni/ros2_ws/install/examples_rclcpp_cbg_executor:/home/khamrouni/ros2_ws/install/examples_rclcpp_async_client:/home/khamrouni/ros2_ws/install/cpp_parameters:/home/khamrouni/ws_moveit/install/moveit_configs_utils:/home/khamrouni/ws_moveit/install/launch_param_builder:/opt/ros/humble /usr/bin/cmake --install /home/khamrouni/lbr-stack/src/lbr_fri_ros2_stack/build/med7_moveit_config
[2.042s] Level 1:colcon.colcon_core.shell:create_environment_hook('med7_moveit_config', 'cmake_prefix_path')
[2.042s] INFO:colcon.colcon_core.shell:Creating environment hook '/home/khamrouni/lbr-stack/src/lbr_fri_ros2_stack/install/med7_moveit_config/share/med7_moveit_config/hook/cmake_prefix_path.ps1'
[2.043s] INFO:colcon.colcon_core.shell:Creating environment descriptor '/home/khamrouni/lbr-stack/src/lbr_fri_ros2_stack/install/med7_moveit_config/share/med7_moveit_config/hook/cmake_prefix_path.dsv'
[2.043s] INFO:colcon.colcon_core.shell:Creating environment hook '/home/khamrouni/lbr-stack/src/lbr_fri_ros2_stack/install/med7_moveit_config/share/med7_moveit_config/hook/cmake_prefix_path.sh'
[2.044s] Level 1:colcon.colcon_core.environment:checking '/home/khamrouni/lbr-stack/src/lbr_fri_ros2_stack/install/med7_moveit_config/bin'
[2.044s] Level 1:colcon.colcon_core.environment:checking '/home/khamrouni/lbr-stack/src/lbr_fri_ros2_stack/install/med7_moveit_config/lib/pkgconfig/med7_moveit_config.pc'
[2.045s] Level 1:colcon.colcon_core.environment:checking '/home/khamrouni/lbr-stack/src/lbr_fri_ros2_stack/install/med7_moveit_config/lib/python3.10/site-packages'
[2.045s] Level 1:colcon.colcon_core.environment:checking '/home/khamrouni/lbr-stack/src/lbr_fri_ros2_stack/install/med7_moveit_config/bin'
[2.046s] INFO:colcon.colcon_core.shell:Creating package script '/home/khamrouni/lbr-stack/src/lbr_fri_ros2_stack/install/med7_moveit_config/share/med7_moveit_config/package.ps1'
[2.047s] INFO:colcon.colcon_core.shell:Creating package descriptor '/home/khamrouni/lbr-stack/src/lbr_fri_ros2_stack/install/med7_moveit_config/share/med7_moveit_config/package.dsv'
[2.048s] INFO:colcon.colcon_core.shell:Creating package script '/home/khamrouni/lbr-stack/src/lbr_fri_ros2_stack/install/med7_moveit_config/share/med7_moveit_config/package.sh'
[2.049s] INFO:colcon.colcon_core.shell:Creating package script '/home/khamrouni/lbr-stack/src/lbr_fri_ros2_stack/install/med7_moveit_config/share/med7_moveit_config/package.bash'
[2.050s] INFO:colcon.colcon_core.shell:Creating package script '/home/khamrouni/lbr-stack/src/lbr_fri_ros2_stack/install/med7_moveit_config/share/med7_moveit_config/package.zsh'
[2.051s] Level 1:colcon.colcon_core.environment:create_file_with_runtime_dependencies(/home/khamrouni/lbr-stack/src/lbr_fri_ros2_stack/install/med7_moveit_config/share/colcon-core/packages/med7_moveit_config)
[2.052s] Level 1:colcon.colcon_core.environment:create_environment_scripts_only(med7_moveit_config)
[2.053s] Level 1:colcon.colcon_core.environment:checking '/home/khamrouni/lbr-stack/src/lbr_fri_ros2_stack/install/med7_moveit_config' for CMake module files
[2.053s] Level 1:colcon.colcon_core.environment:checking '/home/khamrouni/lbr-stack/src/lbr_fri_ros2_stack/install/med7_moveit_config' for CMake config files
[2.054s] Level 1:colcon.colcon_core.shell:create_environment_hook('med7_moveit_config', 'cmake_prefix_path')
[2.054s] INFO:colcon.colcon_core.shell:Creating environment hook '/home/khamrouni/lbr-stack/src/lbr_fri_ros2_stack/install/med7_moveit_config/share/med7_moveit_config/hook/cmake_prefix_path.ps1'
[2.055s] INFO:colcon.colcon_core.shell:Creating environment descriptor '/home/khamrouni/lbr-stack/src/lbr_fri_ros2_stack/install/med7_moveit_config/share/med7_moveit_config/hook/cmake_prefix_path.dsv'
[2.056s] INFO:colcon.colcon_core.shell:Creating environment hook '/home/khamrouni/lbr-stack/src/lbr_fri_ros2_stack/install/med7_moveit_config/share/med7_moveit_config/hook/cmake_prefix_path.sh'
[2.057s] Level 1:colcon.colcon_core.environment:checking '/home/khamrouni/lbr-stack/src/lbr_fri_ros2_stack/install/med7_moveit_config/bin'
[2.057s] Level 1:colcon.colcon_core.environment:checking '/home/khamrouni/lbr-stack/src/lbr_fri_ros2_stack/install/med7_moveit_config/lib/pkgconfig/med7_moveit_config.pc'
[2.058s] Level 1:colcon.colcon_core.environment:checking '/home/khamrouni/lbr-stack/src/lbr_fri_ros2_stack/install/med7_moveit_config/lib/python3.10/site-packages'
[2.059s] Level 1:colcon.colcon_core.environment:checking '/home/khamrouni/lbr-stack/src/lbr_fri_ros2_stack/install/med7_moveit_config/bin'
[2.060s] INFO:colcon.colcon_core.shell:Creating package script '/home/khamrouni/lbr-stack/src/lbr_fri_ros2_stack/install/med7_moveit_config/share/med7_moveit_config/package.ps1'
[2.061s] INFO:colcon.colcon_core.shell:Creating package descriptor '/home/khamrouni/lbr-stack/src/lbr_fri_ros2_stack/install/med7_moveit_config/share/med7_moveit_config/package.dsv'
[2.062s] INFO:colcon.colcon_core.shell:Creating package script '/home/khamrouni/lbr-stack/src/lbr_fri_ros2_stack/install/med7_moveit_config/share/med7_moveit_config/package.sh'
[2.063s] INFO:colcon.colcon_core.shell:Creating package script '/home/khamrouni/lbr-stack/src/lbr_fri_ros2_stack/install/med7_moveit_config/share/med7_moveit_config/package.bash'
[2.065s] INFO:colcon.colcon_core.shell:Creating package script '/home/khamrouni/lbr-stack/src/lbr_fri_ros2_stack/install/med7_moveit_config/share/med7_moveit_config/package.zsh'
[2.066s] Level 1:colcon.colcon_core.environment:create_file_with_runtime_dependencies(/home/khamrouni/lbr-stack/src/lbr_fri_ros2_stack/install/med7_moveit_config/share/colcon-core/packages/med7_moveit_config)
[2.069s] DEBUG:colcon.colcon_core.event_handler.log_command:Invoked command in '/home/khamrouni/lbr-stack/src/lbr_fri_ros2_stack/build/lbr_fri_ros2' returned '0': AMENT_PREFIX_PATH=/home/khamrouni/lbr-stack/src/lbr_fri_ros2_stack/install/lbr_description:${AMENT_PREFIX_PATH} CMAKE_PREFIX_PATH=/home/khamrouni/lbr-stack/src/lbr_fri_ros2_stack/install/lbr_description:/home/khamrouni/ws_moveit/install/pilz_industrial_motion_planner_testutils:/home/khamrouni/ws_moveit/install/moveit_runtime:/home/khamrouni/ws_moveit/install/moveit2_tutorials:/home/khamrouni/ws_moveit/install/moveit:/home/khamrouni/ws_moveit/install/moveit_planners:/home/khamrouni/ws_moveit/install/pilz_industrial_motion_planner:/home/khamrouni/ws_moveit/install/moveit_visual_tools:/home/khamrouni/ws_moveit/install/moveit_task_constructor_visualization:/home/khamrouni/ws_moveit/install/moveit_task_constructor_demo:/home/khamrouni/ws_moveit/install/moveit_task_constructor_capabilities:/home/khamrouni/ws_moveit/install/moveit_task_constructor_core:/home/khamrouni/ws_moveit/install/moveit_ros_control_interface:/home/khamrouni/ws_moveit/install/moveit_plugins:/home/khamrouni/ws_moveit/install/moveit_simple_controller_manager:/home/khamrouni/ws_moveit/install/moveit_setup_assistant:/home/khamrouni/ws_moveit/install/moveit_setup_srdf_plugins:/home/khamrouni/ws_moveit/install/moveit_setup_core_plugins:/home/khamrouni/ws_moveit/install/moveit_setup_controllers:/home/khamrouni/ws_moveit/install/moveit_setup_app_plugins:/home/khamrouni/ws_moveit/install/moveit_setup_framework:/home/khamrouni/ws_moveit/install/moveit_servo:/home/khamrouni/ws_moveit/install/moveit_ros:/home/khamrouni/ws_moveit/install/moveit_ros_visualization:/home/khamrouni/ws_moveit/install/moveit_hybrid_planning:/home/khamrouni/ws_moveit/install/move_program:/home/khamrouni/ws_moveit/install/hello_moveit:/home/khamrouni/ws_moveit/install/moveit_ros_planning_interface:/home/khamrouni/ws_moveit/install/moveit_ros_benchmarks:/home/khamrouni/ws_moveit/install/moveit_ros_warehouse:/home/khamrouni/ws_moveit/install/moveit_ros_robot_interaction:/home/khamrouni/ws_moveit/install/moveit_ros_perception:/home/khamrouni/ws_moveit/install/moveit_resources_prbt_pg70_support:/home/khamrouni/ws_moveit/install/moveit_resources_prbt_moveit_config:/home/khamrouni/ws_moveit/install/moveit_ros_move_group:/home/khamrouni/ws_moveit/install/moveit_planners_ompl:/home/khamrouni/ws_moveit/install/moveit_ros_planning:/home/khamrouni/ws_moveit/install/moveit_ros_occupancy_map_monitor:/home/khamrouni/ws_moveit/install/moveit_resources_prbt_ikfast_manipulator_plugin:/home/khamrouni/ws_moveit/install/moveit_planners_chomp:/home/khamrouni/ws_moveit/install/moveit_kinematics:/home/khamrouni/ws_moveit/install/moveit_chomp_optimizer_adapter:/home/khamrouni/ws_moveit/install/chomp_motion_planner:/home/khamrouni/ws_moveit/install/moveit_core:/home/khamrouni/ws_moveit/install/srdfdom:/home/khamrouni/ws_moveit/install/rviz_marker_tools:/home/khamrouni/ws_moveit/install/rosparam_shortcuts:/home/khamrouni/ws_moveit/install/moveit_task_constructor_msgs:/home/khamrouni/ws_moveit/install/moveit_resources_prbt_support:/home/khamrouni/ws_moveit/install/moveit_resources:/home/khamrouni/ws_moveit/install/moveit_resources_pr2_description:/home/khamrouni/ws_moveit/install/moveit_resources_panda_moveit_config:/home/khamrouni/ws_moveit/install/moveit_resources_panda_description:/home/khamrouni/ws_moveit/install/moveit_resources_fanuc_moveit_config:/home/khamrouni/ws_moveit/install/moveit_resources_fanuc_description:/home/khamrouni/ws_moveit/install/moveit_common:/home/khamrouni/robot_ws/install/iiwa_description:/home/khamrouni/ros2_ws/install/polygon_base:/home/khamrouni/ros2_ws/install/iiwa_bringup:/home/khamrouni/ros2_ws/install/iiwa_description:/home/khamrouni/ros2_ws/install/examples_rclcpp_minimal_action_client:/home/khamrouni/ros2_ws/install/examples_rclcpp_cbg_executor:/home/khamrouni/ros2_ws/install/examples_rclcpp_async_client:/home/khamrouni/ros2_ws/install/cpp_parameters:/home/khamrouni/ws_moveit/install/moveit_configs_utils:/home/khamrouni/ws_moveit/install/launch_param_builder:/opt/ros/humble /usr/bin/cmake --build /home/khamrouni/lbr-stack/src/lbr_fri_ros2_stack/build/lbr_fri_ros2 -- -j8 -l8
[2.073s] DEBUG:colcon.colcon_core.event_handler.log_command:Invoking command in '/home/khamrouni/lbr-stack/src/lbr_fri_ros2_stack/build/lbr_fri_ros2': AMENT_PREFIX_PATH=/home/khamrouni/lbr-stack/src/lbr_fri_ros2_stack/install/lbr_description:${AMENT_PREFIX_PATH} CMAKE_PREFIX_PATH=/home/khamrouni/lbr-stack/src/lbr_fri_ros2_stack/install/lbr_description:/home/khamrouni/ws_moveit/install/pilz_industrial_motion_planner_testutils:/home/khamrouni/ws_moveit/install/moveit_runtime:/home/khamrouni/ws_moveit/install/moveit2_tutorials:/home/khamrouni/ws_moveit/install/moveit:/home/khamrouni/ws_moveit/install/moveit_planners:/home/khamrouni/ws_moveit/install/pilz_industrial_motion_planner:/home/khamrouni/ws_moveit/install/moveit_visual_tools:/home/khamrouni/ws_moveit/install/moveit_task_constructor_visualization:/home/khamrouni/ws_moveit/install/moveit_task_constructor_demo:/home/khamrouni/ws_moveit/install/moveit_task_constructor_capabilities:/home/khamrouni/ws_moveit/install/moveit_task_constructor_core:/home/khamrouni/ws_moveit/install/moveit_ros_control_interface:/home/khamrouni/ws_moveit/install/moveit_plugins:/home/khamrouni/ws_moveit/install/moveit_simple_controller_manager:/home/khamrouni/ws_moveit/install/moveit_setup_assistant:/home/khamrouni/ws_moveit/install/moveit_setup_srdf_plugins:/home/khamrouni/ws_moveit/install/moveit_setup_core_plugins:/home/khamrouni/ws_moveit/install/moveit_setup_controllers:/home/khamrouni/ws_moveit/install/moveit_setup_app_plugins:/home/khamrouni/ws_moveit/install/moveit_setup_framework:/home/khamrouni/ws_moveit/install/moveit_servo:/home/khamrouni/ws_moveit/install/moveit_ros:/home/khamrouni/ws_moveit/install/moveit_ros_visualization:/home/khamrouni/ws_moveit/install/moveit_hybrid_planning:/home/khamrouni/ws_moveit/install/move_program:/home/khamrouni/ws_moveit/install/hello_moveit:/home/khamrouni/ws_moveit/install/moveit_ros_planning_interface:/home/khamrouni/ws_moveit/install/moveit_ros_benchmarks:/home/khamrouni/ws_moveit/install/moveit_ros_warehouse:/home/khamrouni/ws_moveit/install/moveit_ros_robot_interaction:/home/khamrouni/ws_moveit/install/moveit_ros_perception:/home/khamrouni/ws_moveit/install/moveit_resources_prbt_pg70_support:/home/khamrouni/ws_moveit/install/moveit_resources_prbt_moveit_config:/home/khamrouni/ws_moveit/install/moveit_ros_move_group:/home/khamrouni/ws_moveit/install/moveit_planners_ompl:/home/khamrouni/ws_moveit/install/moveit_ros_planning:/home/khamrouni/ws_moveit/install/moveit_ros_occupancy_map_monitor:/home/khamrouni/ws_moveit/install/moveit_resources_prbt_ikfast_manipulator_plugin:/home/khamrouni/ws_moveit/install/moveit_planners_chomp:/home/khamrouni/ws_moveit/install/moveit_kinematics:/home/khamrouni/ws_moveit/install/moveit_chomp_optimizer_adapter:/home/khamrouni/ws_moveit/install/chomp_motion_planner:/home/khamrouni/ws_moveit/install/moveit_core:/home/khamrouni/ws_moveit/install/srdfdom:/home/khamrouni/ws_moveit/install/rviz_marker_tools:/home/khamrouni/ws_moveit/install/rosparam_shortcuts:/home/khamrouni/ws_moveit/install/moveit_task_constructor_msgs:/home/khamrouni/ws_moveit/install/moveit_resources_prbt_support:/home/khamrouni/ws_moveit/install/moveit_resources:/home/khamrouni/ws_moveit/install/moveit_resources_pr2_description:/home/khamrouni/ws_moveit/install/moveit_resources_panda_moveit_config:/home/khamrouni/ws_moveit/install/moveit_resources_panda_description:/home/khamrouni/ws_moveit/install/moveit_resources_fanuc_moveit_config:/home/khamrouni/ws_moveit/install/moveit_resources_fanuc_description:/home/khamrouni/ws_moveit/install/moveit_common:/home/khamrouni/robot_ws/install/iiwa_description:/home/khamrouni/ros2_ws/install/polygon_base:/home/khamrouni/ros2_ws/install/iiwa_bringup:/home/khamrouni/ros2_ws/install/iiwa_description:/home/khamrouni/ros2_ws/install/examples_rclcpp_minimal_action_client:/home/khamrouni/ros2_ws/install/examples_rclcpp_cbg_executor:/home/khamrouni/ros2_ws/install/examples_rclcpp_async_client:/home/khamrouni/ros2_ws/install/cpp_parameters:/home/khamrouni/ws_moveit/install/moveit_configs_utils:/home/khamrouni/ws_moveit/install/launch_param_builder:/opt/ros/humble /usr/bin/cmake --install /home/khamrouni/lbr-stack/src/lbr_fri_ros2_stack/build/lbr_fri_ros2
[2.095s] Level 1:colcon.colcon_core.environment:create_environment_scripts_only(lbr_fri_ros2)
[2.097s] Level 1:colcon.colcon_core.environment:checking '/home/khamrouni/lbr-stack/src/lbr_fri_ros2_stack/install/lbr_fri_ros2' for CMake module files
[2.098s] DEBUG:colcon.colcon_core.event_handler.log_command:Invoked command in '/home/khamrouni/lbr-stack/src/lbr_fri_ros2_stack/build/lbr_fri_ros2' returned '0': AMENT_PREFIX_PATH=/home/khamrouni/lbr-stack/src/lbr_fri_ros2_stack/install/lbr_description:${AMENT_PREFIX_PATH} CMAKE_PREFIX_PATH=/home/khamrouni/lbr-stack/src/lbr_fri_ros2_stack/install/lbr_description:/home/khamrouni/ws_moveit/install/pilz_industrial_motion_planner_testutils:/home/khamrouni/ws_moveit/install/moveit_runtime:/home/khamrouni/ws_moveit/install/moveit2_tutorials:/home/khamrouni/ws_moveit/install/moveit:/home/khamrouni/ws_moveit/install/moveit_planners:/home/khamrouni/ws_moveit/install/pilz_industrial_motion_planner:/home/khamrouni/ws_moveit/install/moveit_visual_tools:/home/khamrouni/ws_moveit/install/moveit_task_constructor_visualization:/home/khamrouni/ws_moveit/install/moveit_task_constructor_demo:/home/khamrouni/ws_moveit/install/moveit_task_constructor_capabilities:/home/khamrouni/ws_moveit/install/moveit_task_constructor_core:/home/khamrouni/ws_moveit/install/moveit_ros_control_interface:/home/khamrouni/ws_moveit/install/moveit_plugins:/home/khamrouni/ws_moveit/install/moveit_simple_controller_manager:/home/khamrouni/ws_moveit/install/moveit_setup_assistant:/home/khamrouni/ws_moveit/install/moveit_setup_srdf_plugins:/home/khamrouni/ws_moveit/install/moveit_setup_core_plugins:/home/khamrouni/ws_moveit/install/moveit_setup_controllers:/home/khamrouni/ws_moveit/install/moveit_setup_app_plugins:/home/khamrouni/ws_moveit/install/moveit_setup_framework:/home/khamrouni/ws_moveit/install/moveit_servo:/home/khamrouni/ws_moveit/install/moveit_ros:/home/khamrouni/ws_moveit/install/moveit_ros_visualization:/home/khamrouni/ws_moveit/install/moveit_hybrid_planning:/home/khamrouni/ws_moveit/install/move_program:/home/khamrouni/ws_moveit/install/hello_moveit:/home/khamrouni/ws_moveit/install/moveit_ros_planning_interface:/home/khamrouni/ws_moveit/install/moveit_ros_benchmarks:/home/khamrouni/ws_moveit/install/moveit_ros_warehouse:/home/khamrouni/ws_moveit/install/moveit_ros_robot_interaction:/home/khamrouni/ws_moveit/install/moveit_ros_perception:/home/khamrouni/ws_moveit/install/moveit_resources_prbt_pg70_support:/home/khamrouni/ws_moveit/install/moveit_resources_prbt_moveit_config:/home/khamrouni/ws_moveit/install/moveit_ros_move_group:/home/khamrouni/ws_moveit/install/moveit_planners_ompl:/home/khamrouni/ws_moveit/install/moveit_ros_planning:/home/khamrouni/ws_moveit/install/moveit_ros_occupancy_map_monitor:/home/khamrouni/ws_moveit/install/moveit_resources_prbt_ikfast_manipulator_plugin:/home/khamrouni/ws_moveit/install/moveit_planners_chomp:/home/khamrouni/ws_moveit/install/moveit_kinematics:/home/khamrouni/ws_moveit/install/moveit_chomp_optimizer_adapter:/home/khamrouni/ws_moveit/install/chomp_motion_planner:/home/khamrouni/ws_moveit/install/moveit_core:/home/khamrouni/ws_moveit/install/srdfdom:/home/khamrouni/ws_moveit/install/rviz_marker_tools:/home/khamrouni/ws_moveit/install/rosparam_shortcuts:/home/khamrouni/ws_moveit/install/moveit_task_constructor_msgs:/home/khamrouni/ws_moveit/install/moveit_resources_prbt_support:/home/khamrouni/ws_moveit/install/moveit_resources:/home/khamrouni/ws_moveit/install/moveit_resources_pr2_description:/home/khamrouni/ws_moveit/install/moveit_resources_panda_moveit_config:/home/khamrouni/ws_moveit/install/moveit_resources_panda_description:/home/khamrouni/ws_moveit/install/moveit_resources_fanuc_moveit_config:/home/khamrouni/ws_moveit/install/moveit_resources_fanuc_description:/home/khamrouni/ws_moveit/install/moveit_common:/home/khamrouni/robot_ws/install/iiwa_description:/home/khamrouni/ros2_ws/install/polygon_base:/home/khamrouni/ros2_ws/install/iiwa_bringup:/home/khamrouni/ros2_ws/install/iiwa_description:/home/khamrouni/ros2_ws/install/examples_rclcpp_minimal_action_client:/home/khamrouni/ros2_ws/install/examples_rclcpp_cbg_executor:/home/khamrouni/ros2_ws/install/examples_rclcpp_async_client:/home/khamrouni/ros2_ws/install/cpp_parameters:/home/khamrouni/ws_moveit/install/moveit_configs_utils:/home/khamrouni/ws_moveit/install/launch_param_builder:/opt/ros/humble /usr/bin/cmake --install /home/khamrouni/lbr-stack/src/lbr_fri_ros2_stack/build/lbr_fri_ros2
[2.099s] Level 1:colcon.colcon_core.environment:checking '/home/khamrouni/lbr-stack/src/lbr_fri_ros2_stack/install/lbr_fri_ros2' for CMake config files
[2.099s] Level 1:colcon.colcon_core.shell:create_environment_hook('lbr_fri_ros2', 'cmake_prefix_path')
[2.100s] INFO:colcon.colcon_core.shell:Creating environment hook '/home/khamrouni/lbr-stack/src/lbr_fri_ros2_stack/install/lbr_fri_ros2/share/lbr_fri_ros2/hook/cmake_prefix_path.ps1'
[2.103s] INFO:colcon.colcon_core.shell:Creating environment descriptor '/home/khamrouni/lbr-stack/src/lbr_fri_ros2_stack/install/lbr_fri_ros2/share/lbr_fri_ros2/hook/cmake_prefix_path.dsv'
[2.106s] INFO:colcon.colcon_core.shell:Creating environment hook '/home/khamrouni/lbr-stack/src/lbr_fri_ros2_stack/install/lbr_fri_ros2/share/lbr_fri_ros2/hook/cmake_prefix_path.sh'
[2.110s] Level 1:colcon.colcon_core.environment:checking '/home/khamrouni/lbr-stack/src/lbr_fri_ros2_stack/install/lbr_fri_ros2/lib'
[2.110s] Level 1:colcon.colcon_core.shell:create_environment_hook('lbr_fri_ros2', 'ld_library_path_lib')
[2.111s] INFO:colcon.colcon_core.shell:Creating environment hook '/home/khamrouni/lbr-stack/src/lbr_fri_ros2_stack/install/lbr_fri_ros2/share/lbr_fri_ros2/hook/ld_library_path_lib.ps1'
[2.115s] INFO:colcon.colcon_core.shell:Creating environment descriptor '/home/khamrouni/lbr-stack/src/lbr_fri_ros2_stack/install/lbr_fri_ros2/share/lbr_fri_ros2/hook/ld_library_path_lib.dsv'
[2.116s] INFO:colcon.colcon_core.shell:Creating environment hook '/home/khamrouni/lbr-stack/src/lbr_fri_ros2_stack/install/lbr_fri_ros2/share/lbr_fri_ros2/hook/ld_library_path_lib.sh'
[2.117s] Level 1:colcon.colcon_core.environment:checking '/home/khamrouni/lbr-stack/src/lbr_fri_ros2_stack/install/lbr_fri_ros2/bin'
[2.117s] Level 1:colcon.colcon_core.environment:checking '/home/khamrouni/lbr-stack/src/lbr_fri_ros2_stack/install/lbr_fri_ros2/lib/pkgconfig/lbr_fri_ros2.pc'
[2.118s] Level 1:colcon.colcon_core.environment:checking '/home/khamrouni/lbr-stack/src/lbr_fri_ros2_stack/install/lbr_fri_ros2/lib/python3.10/site-packages'
[2.118s] Level 1:colcon.colcon_core.environment:checking '/home/khamrouni/lbr-stack/src/lbr_fri_ros2_stack/install/lbr_fri_ros2/bin'
[2.119s] INFO:colcon.colcon_core.shell:Creating package script '/home/khamrouni/lbr-stack/src/lbr_fri_ros2_stack/install/lbr_fri_ros2/share/lbr_fri_ros2/package.ps1'
[2.121s] INFO:colcon.colcon_core.shell:Creating package descriptor '/home/khamrouni/lbr-stack/src/lbr_fri_ros2_stack/install/lbr_fri_ros2/share/lbr_fri_ros2/package.dsv'
[2.122s] INFO:colcon.colcon_core.shell:Creating package script '/home/khamrouni/lbr-stack/src/lbr_fri_ros2_stack/install/lbr_fri_ros2/share/lbr_fri_ros2/package.sh'
[2.123s] INFO:colcon.colcon_core.shell:Creating package script '/home/khamrouni/lbr-stack/src/lbr_fri_ros2_stack/install/lbr_fri_ros2/share/lbr_fri_ros2/package.bash'
[2.124s] INFO:colcon.colcon_core.shell:Creating package script '/home/khamrouni/lbr-stack/src/lbr_fri_ros2_stack/install/lbr_fri_ros2/share/lbr_fri_ros2/package.zsh'
[2.125s] Level 1:colcon.colcon_core.environment:create_file_with_runtime_dependencies(/home/khamrouni/lbr-stack/src/lbr_fri_ros2_stack/install/lbr_fri_ros2/share/colcon-core/packages/lbr_fri_ros2)
[2.126s] Level 1:colcon.colcon_core.environment:create_environment_scripts_only(lbr_fri_ros2)
[2.127s] Level 1:colcon.colcon_core.environment:checking '/home/khamrouni/lbr-stack/src/lbr_fri_ros2_stack/install/lbr_fri_ros2' for CMake module files
[2.128s] Level 1:colcon.colcon_core.environment:checking '/home/khamrouni/lbr-stack/src/lbr_fri_ros2_stack/install/lbr_fri_ros2' for CMake config files
[2.129s] Level 1:colcon.colcon_core.shell:create_environment_hook('lbr_fri_ros2', 'cmake_prefix_path')
[2.130s] INFO:colcon.colcon_core.shell:Creating environment hook '/home/khamrouni/lbr-stack/src/lbr_fri_ros2_stack/install/lbr_fri_ros2/share/lbr_fri_ros2/hook/cmake_prefix_path.ps1'
[2.131s] INFO:colcon.colcon_core.shell:Creating environment descriptor '/home/khamrouni/lbr-stack/src/lbr_fri_ros2_stack/install/lbr_fri_ros2/share/lbr_fri_ros2/hook/cmake_prefix_path.dsv'
[2.132s] INFO:colcon.colcon_core.shell:Creating environment hook '/home/khamrouni/lbr-stack/src/lbr_fri_ros2_stack/install/lbr_fri_ros2/share/lbr_fri_ros2/hook/cmake_prefix_path.sh'
[2.133s] Level 1:colcon.colcon_core.environment:checking '/home/khamrouni/lbr-stack/src/lbr_fri_ros2_stack/install/lbr_fri_ros2/lib'
[2.133s] Level 1:colcon.colcon_core.shell:create_environment_hook('lbr_fri_ros2', 'ld_library_path_lib')
[2.134s] INFO:colcon.colcon_core.shell:Creating environment hook '/home/khamrouni/lbr-stack/src/lbr_fri_ros2_stack/install/lbr_fri_ros2/share/lbr_fri_ros2/hook/ld_library_path_lib.ps1'
[2.135s] INFO:colcon.colcon_core.shell:Creating environment descriptor '/home/khamrouni/lbr-stack/src/lbr_fri_ros2_stack/install/lbr_fri_ros2/share/lbr_fri_ros2/hook/ld_library_path_lib.dsv'
[2.136s] INFO:colcon.colcon_core.shell:Creating environment hook '/home/khamrouni/lbr-stack/src/lbr_fri_ros2_stack/install/lbr_fri_ros2/share/lbr_fri_ros2/hook/ld_library_path_lib.sh'
[2.137s] Level 1:colcon.colcon_core.environment:checking '/home/khamrouni/lbr-stack/src/lbr_fri_ros2_stack/install/lbr_fri_ros2/bin'
[2.137s] Level 1:colcon.colcon_core.environment:checking '/home/khamrouni/lbr-stack/src/lbr_fri_ros2_stack/install/lbr_fri_ros2/lib/pkgconfig/lbr_fri_ros2.pc'
[2.138s] Level 1:colcon.colcon_core.environment:checking '/home/khamrouni/lbr-stack/src/lbr_fri_ros2_stack/install/lbr_fri_ros2/lib/python3.10/site-packages'
[2.138s] Level 1:colcon.colcon_core.environment:checking '/home/khamrouni/lbr-stack/src/lbr_fri_ros2_stack/install/lbr_fri_ros2/bin'
[2.140s] INFO:colcon.colcon_core.shell:Creating package script '/home/khamrouni/lbr-stack/src/lbr_fri_ros2_stack/install/lbr_fri_ros2/share/lbr_fri_ros2/package.ps1'
[2.141s] INFO:colcon.colcon_core.shell:Creating package descriptor '/home/khamrouni/lbr-stack/src/lbr_fri_ros2_stack/install/lbr_fri_ros2/share/lbr_fri_ros2/package.dsv'
[2.142s] INFO:colcon.colcon_core.shell:Creating package script '/home/khamrouni/lbr-stack/src/lbr_fri_ros2_stack/install/lbr_fri_ros2/share/lbr_fri_ros2/package.sh'
[2.143s] INFO:colcon.colcon_core.shell:Creating package script '/home/khamrouni/lbr-stack/src/lbr_fri_ros2_stack/install/lbr_fri_ros2/share/lbr_fri_ros2/package.bash'
[2.145s] INFO:colcon.colcon_core.shell:Creating package script '/home/khamrouni/lbr-stack/src/lbr_fri_ros2_stack/install/lbr_fri_ros2/share/lbr_fri_ros2/package.zsh'
[2.146s] Level 1:colcon.colcon_core.environment:create_file_with_runtime_dependencies(/home/khamrouni/lbr-stack/src/lbr_fri_ros2_stack/install/lbr_fri_ros2/share/colcon-core/packages/lbr_fri_ros2)
[2.146s] INFO:colcon.colcon_ros.task.ament_cmake.build:Building ROS package in '/home/khamrouni/lbr-stack/src/lbr_fri_ros2_stack/lbr_ros2_control' with build type 'ament_cmake'
[2.147s] INFO:colcon.colcon_cmake.task.cmake.build:Building CMake package in '/home/khamrouni/lbr-stack/src/lbr_fri_ros2_stack/lbr_ros2_control'
[2.147s] INFO:colcon.colcon_core.shell:Skip shell extension 'powershell' for command environment: Not usable outside of PowerShell
[2.148s] DEBUG:colcon.colcon_core.shell:Skip shell extension 'dsv' for command environment
[2.168s] INFO:colcon.colcon_ros.task.ament_cmake.build:Building ROS package in '/home/khamrouni/lbr-stack/src/lbr_fri_ros2_stack/lbr_demos/lbr_demos_advanced_cpp' with build type 'ament_cmake'
[2.168s] INFO:colcon.colcon_cmake.task.cmake.build:Building CMake package in '/home/khamrouni/lbr-stack/src/lbr_fri_ros2_stack/lbr_demos/lbr_demos_advanced_cpp'
[2.169s] INFO:colcon.colcon_core.shell:Skip shell extension 'powershell' for command environment: Not usable outside of PowerShell
[2.169s] DEBUG:colcon.colcon_core.shell:Skip shell extension 'dsv' for command environment
[2.184s] INFO:colcon.colcon_ros.task.ament_python.build:Building ROS package in '/home/khamrouni/lbr-stack/src/lbr_fri_ros2_stack/lbr_demos/lbr_demos_advanced_py' with build type 'ament_python'
[2.184s] Level 1:colcon.colcon_core.shell:create_environment_hook('lbr_demos_advanced_py', 'ament_prefix_path')
[2.185s] INFO:colcon.colcon_core.shell:Creating environment hook '/home/khamrouni/lbr-stack/src/lbr_fri_ros2_stack/install/lbr_demos_advanced_py/share/lbr_demos_advanced_py/hook/ament_prefix_path.ps1'
[2.186s] INFO:colcon.colcon_core.shell:Creating environment descriptor '/home/khamrouni/lbr-stack/src/lbr_fri_ros2_stack/install/lbr_demos_advanced_py/share/lbr_demos_advanced_py/hook/ament_prefix_path.dsv'
[2.187s] INFO:colcon.colcon_core.shell:Creating environment hook '/home/khamrouni/lbr-stack/src/lbr_fri_ros2_stack/install/lbr_demos_advanced_py/share/lbr_demos_advanced_py/hook/ament_prefix_path.sh'
[2.188s] INFO:colcon.colcon_core.shell:Skip shell extension 'powershell' for command environment: Not usable outside of PowerShell
[2.189s] DEBUG:colcon.colcon_core.shell:Skip shell extension 'dsv' for command environment
[2.213s] DEBUG:colcon.colcon_core.event_handler.log_command:Invoking command in '/home/khamrouni/lbr-stack/src/lbr_fri_ros2_stack/build/lbr_ros2_control': AMENT_PREFIX_PATH=/home/khamrouni/lbr-stack/src/lbr_fri_ros2_stack/install/lbr_fri_ros2:/home/khamrouni/lbr-stack/src/lbr_fri_ros2_stack/install/lbr_description:${AMENT_PREFIX_PATH} CMAKE_PREFIX_PATH=/home/khamrouni/lbr-stack/src/lbr_fri_ros2_stack/install/lbr_fri_ros2:/home/khamrouni/lbr-stack/src/lbr_fri_ros2_stack/install/lbr_description:/home/khamrouni/ws_moveit/install/pilz_industrial_motion_planner_testutils:/home/khamrouni/ws_moveit/install/moveit_runtime:/home/khamrouni/ws_moveit/install/moveit2_tutorials:/home/khamrouni/ws_moveit/install/moveit:/home/khamrouni/ws_moveit/install/moveit_planners:/home/khamrouni/ws_moveit/install/pilz_industrial_motion_planner:/home/khamrouni/ws_moveit/install/moveit_visual_tools:/home/khamrouni/ws_moveit/install/moveit_task_constructor_visualization:/home/khamrouni/ws_moveit/install/moveit_task_constructor_demo:/home/khamrouni/ws_moveit/install/moveit_task_constructor_capabilities:/home/khamrouni/ws_moveit/install/moveit_task_constructor_core:/home/khamrouni/ws_moveit/install/moveit_ros_control_interface:/home/khamrouni/ws_moveit/install/moveit_plugins:/home/khamrouni/ws_moveit/install/moveit_simple_controller_manager:/home/khamrouni/ws_moveit/install/moveit_setup_assistant:/home/khamrouni/ws_moveit/install/moveit_setup_srdf_plugins:/home/khamrouni/ws_moveit/install/moveit_setup_core_plugins:/home/khamrouni/ws_moveit/install/moveit_setup_controllers:/home/khamrouni/ws_moveit/install/moveit_setup_app_plugins:/home/khamrouni/ws_moveit/install/moveit_setup_framework:/home/khamrouni/ws_moveit/install/moveit_servo:/home/khamrouni/ws_moveit/install/moveit_ros:/home/khamrouni/ws_moveit/install/moveit_ros_visualization:/home/khamrouni/ws_moveit/install/moveit_hybrid_planning:/home/khamrouni/ws_moveit/install/move_program:/home/khamrouni/ws_moveit/install/hello_moveit:/home/khamrouni/ws_moveit/install/moveit_ros_planning_interface:/home/khamrouni/ws_moveit/install/moveit_ros_benchmarks:/home/khamrouni/ws_moveit/install/moveit_ros_warehouse:/home/khamrouni/ws_moveit/install/moveit_ros_robot_interaction:/home/khamrouni/ws_moveit/install/moveit_ros_perception:/home/khamrouni/ws_moveit/install/moveit_resources_prbt_pg70_support:/home/khamrouni/ws_moveit/install/moveit_resources_prbt_moveit_config:/home/khamrouni/ws_moveit/install/moveit_ros_move_group:/home/khamrouni/ws_moveit/install/moveit_planners_ompl:/home/khamrouni/ws_moveit/install/moveit_ros_planning:/home/khamrouni/ws_moveit/install/moveit_ros_occupancy_map_monitor:/home/khamrouni/ws_moveit/install/moveit_resources_prbt_ikfast_manipulator_plugin:/home/khamrouni/ws_moveit/install/moveit_planners_chomp:/home/khamrouni/ws_moveit/install/moveit_kinematics:/home/khamrouni/ws_moveit/install/moveit_chomp_optimizer_adapter:/home/khamrouni/ws_moveit/install/chomp_motion_planner:/home/khamrouni/ws_moveit/install/moveit_core:/home/khamrouni/ws_moveit/install/srdfdom:/home/khamrouni/ws_moveit/install/rviz_marker_tools:/home/khamrouni/ws_moveit/install/rosparam_shortcuts:/home/khamrouni/ws_moveit/install/moveit_task_constructor_msgs:/home/khamrouni/ws_moveit/install/moveit_resources_prbt_support:/home/khamrouni/ws_moveit/install/moveit_resources:/home/khamrouni/ws_moveit/install/moveit_resources_pr2_description:/home/khamrouni/ws_moveit/install/moveit_resources_panda_moveit_config:/home/khamrouni/ws_moveit/install/moveit_resources_panda_description:/home/khamrouni/ws_moveit/install/moveit_resources_fanuc_moveit_config:/home/khamrouni/ws_moveit/install/moveit_resources_fanuc_description:/home/khamrouni/ws_moveit/install/moveit_common:/home/khamrouni/robot_ws/install/iiwa_description:/home/khamrouni/ros2_ws/install/polygon_base:/home/khamrouni/ros2_ws/install/iiwa_bringup:/home/khamrouni/ros2_ws/install/iiwa_description:/home/khamrouni/ros2_ws/install/examples_rclcpp_minimal_action_client:/home/khamrouni/ros2_ws/install/examples_rclcpp_cbg_executor:/home/khamrouni/ros2_ws/install/examples_rclcpp_async_client:/home/khamrouni/ros2_ws/install/cpp_parameters:/home/khamrouni/ws_moveit/install/moveit_configs_utils:/home/khamrouni/ws_moveit/install/launch_param_builder:/opt/ros/humble LD_LIBRARY_PATH=/home/khamrouni/lbr-stack/src/lbr_fri_ros2_stack/install/lbr_fri_ros2/lib:${LD_LIBRARY_PATH} /usr/bin/cmake --build /home/khamrouni/lbr-stack/src/lbr_fri_ros2_stack/build/lbr_ros2_control -- -j8 -l8
[2.218s] DEBUG:colcon.colcon_core.event_handler.log_command:Invoking command in '/home/khamrouni/lbr-stack/src/lbr_fri_ros2_stack/build/lbr_demos_advanced_cpp': AMENT_PREFIX_PATH=/home/khamrouni/lbr-stack/src/lbr_fri_ros2_stack/install/lbr_fri_ros2:/home/khamrouni/lbr-stack/src/lbr_fri_ros2_stack/install/lbr_description:${AMENT_PREFIX_PATH} CMAKE_PREFIX_PATH=/home/khamrouni/lbr-stack/src/lbr_fri_ros2_stack/install/lbr_fri_ros2:/home/khamrouni/lbr-stack/src/lbr_fri_ros2_stack/install/lbr_description:/home/khamrouni/ws_moveit/install/pilz_industrial_motion_planner_testutils:/home/khamrouni/ws_moveit/install/moveit_runtime:/home/khamrouni/ws_moveit/install/moveit2_tutorials:/home/khamrouni/ws_moveit/install/moveit:/home/khamrouni/ws_moveit/install/moveit_planners:/home/khamrouni/ws_moveit/install/pilz_industrial_motion_planner:/home/khamrouni/ws_moveit/install/moveit_visual_tools:/home/khamrouni/ws_moveit/install/moveit_task_constructor_visualization:/home/khamrouni/ws_moveit/install/moveit_task_constructor_demo:/home/khamrouni/ws_moveit/install/moveit_task_constructor_capabilities:/home/khamrouni/ws_moveit/install/moveit_task_constructor_core:/home/khamrouni/ws_moveit/install/moveit_ros_control_interface:/home/khamrouni/ws_moveit/install/moveit_plugins:/home/khamrouni/ws_moveit/install/moveit_simple_controller_manager:/home/khamrouni/ws_moveit/install/moveit_setup_assistant:/home/khamrouni/ws_moveit/install/moveit_setup_srdf_plugins:/home/khamrouni/ws_moveit/install/moveit_setup_core_plugins:/home/khamrouni/ws_moveit/install/moveit_setup_controllers:/home/khamrouni/ws_moveit/install/moveit_setup_app_plugins:/home/khamrouni/ws_moveit/install/moveit_setup_framework:/home/khamrouni/ws_moveit/install/moveit_servo:/home/khamrouni/ws_moveit/install/moveit_ros:/home/khamrouni/ws_moveit/install/moveit_ros_visualization:/home/khamrouni/ws_moveit/install/moveit_hybrid_planning:/home/khamrouni/ws_moveit/install/move_program:/home/khamrouni/ws_moveit/install/hello_moveit:/home/khamrouni/ws_moveit/install/moveit_ros_planning_interface:/home/khamrouni/ws_moveit/install/moveit_ros_benchmarks:/home/khamrouni/ws_moveit/install/moveit_ros_warehouse:/home/khamrouni/ws_moveit/install/moveit_ros_robot_interaction:/home/khamrouni/ws_moveit/install/moveit_ros_perception:/home/khamrouni/ws_moveit/install/moveit_resources_prbt_pg70_support:/home/khamrouni/ws_moveit/install/moveit_resources_prbt_moveit_config:/home/khamrouni/ws_moveit/install/moveit_ros_move_group:/home/khamrouni/ws_moveit/install/moveit_planners_ompl:/home/khamrouni/ws_moveit/install/moveit_ros_planning:/home/khamrouni/ws_moveit/install/moveit_ros_occupancy_map_monitor:/home/khamrouni/ws_moveit/install/moveit_resources_prbt_ikfast_manipulator_plugin:/home/khamrouni/ws_moveit/install/moveit_planners_chomp:/home/khamrouni/ws_moveit/install/moveit_kinematics:/home/khamrouni/ws_moveit/install/moveit_chomp_optimizer_adapter:/home/khamrouni/ws_moveit/install/chomp_motion_planner:/home/khamrouni/ws_moveit/install/moveit_core:/home/khamrouni/ws_moveit/install/srdfdom:/home/khamrouni/ws_moveit/install/rviz_marker_tools:/home/khamrouni/ws_moveit/install/rosparam_shortcuts:/home/khamrouni/ws_moveit/install/moveit_task_constructor_msgs:/home/khamrouni/ws_moveit/install/moveit_resources_prbt_support:/home/khamrouni/ws_moveit/install/moveit_resources:/home/khamrouni/ws_moveit/install/moveit_resources_pr2_description:/home/khamrouni/ws_moveit/install/moveit_resources_panda_moveit_config:/home/khamrouni/ws_moveit/install/moveit_resources_panda_description:/home/khamrouni/ws_moveit/install/moveit_resources_fanuc_moveit_config:/home/khamrouni/ws_moveit/install/moveit_resources_fanuc_description:/home/khamrouni/ws_moveit/install/moveit_common:/home/khamrouni/robot_ws/install/iiwa_description:/home/khamrouni/ros2_ws/install/polygon_base:/home/khamrouni/ros2_ws/install/iiwa_bringup:/home/khamrouni/ros2_ws/install/iiwa_description:/home/khamrouni/ros2_ws/install/examples_rclcpp_minimal_action_client:/home/khamrouni/ros2_ws/install/examples_rclcpp_cbg_executor:/home/khamrouni/ros2_ws/install/examples_rclcpp_async_client:/home/khamrouni/ros2_ws/install/cpp_parameters:/home/khamrouni/ws_moveit/install/moveit_configs_utils:/home/khamrouni/ws_moveit/install/launch_param_builder:/opt/ros/humble LD_LIBRARY_PATH=/home/khamrouni/lbr-stack/src/lbr_fri_ros2_stack/install/lbr_fri_ros2/lib:${LD_LIBRARY_PATH} /usr/bin/cmake --build /home/khamrouni/lbr-stack/src/lbr_fri_ros2_stack/build/lbr_demos_advanced_cpp -- -j8 -l8
[2.799s] INFO:colcon.colcon_core.task.python.build:Building Python package in '/home/khamrouni/lbr-stack/src/lbr_fri_ros2_stack/lbr_demos/lbr_demos_advanced_py'
[2.800s] INFO:colcon.colcon_core.shell:Skip shell extension 'powershell' for command environment: Not usable outside of PowerShell
[2.800s] DEBUG:colcon.colcon_core.shell:Skip shell extension 'dsv' for command environment
[2.821s] DEBUG:colcon.colcon_core.event_handler.log_command:Invoking command in '/home/khamrouni/lbr-stack/src/lbr_fri_ros2_stack/lbr_demos/lbr_moveit': PYTHONPATH=/home/khamrouni/lbr-stack/src/lbr_fri_ros2_stack/build/lbr_moveit/prefix_override:/usr/lib/python3/dist-packages/colcon_core/task/python/colcon_distutils_commands:/home/khamrouni/lbr-stack/src/lbr_fri_ros2_stack/install/lbr_moveit/lib/python3.10/site-packages:${PYTHONPATH} /usr/bin/python3 -W ignore:setup.py install is deprecated -W ignore:easy_install command is deprecated setup.py egg_info --egg-base ../../build/lbr_moveit build --build-base /home/khamrouni/lbr-stack/src/lbr_fri_ros2_stack/build/lbr_moveit/build install --record /home/khamrouni/lbr-stack/src/lbr_fri_ros2_stack/build/lbr_moveit/install.log --single-version-externally-managed install_data
[2.822s] DEBUG:colcon.colcon_core.event_handler.log_command:Invoked command in '/home/khamrouni/lbr-stack/src/lbr_fri_ros2_stack/build/lbr_ros2_control' returned '0': AMENT_PREFIX_PATH=/home/khamrouni/lbr-stack/src/lbr_fri_ros2_stack/install/lbr_fri_ros2:/home/khamrouni/lbr-stack/src/lbr_fri_ros2_stack/install/lbr_description:${AMENT_PREFIX_PATH} CMAKE_PREFIX_PATH=/home/khamrouni/lbr-stack/src/lbr_fri_ros2_stack/install/lbr_fri_ros2:/home/khamrouni/lbr-stack/src/lbr_fri_ros2_stack/install/lbr_description:/home/khamrouni/ws_moveit/install/pilz_industrial_motion_planner_testutils:/home/khamrouni/ws_moveit/install/moveit_runtime:/home/khamrouni/ws_moveit/install/moveit2_tutorials:/home/khamrouni/ws_moveit/install/moveit:/home/khamrouni/ws_moveit/install/moveit_planners:/home/khamrouni/ws_moveit/install/pilz_industrial_motion_planner:/home/khamrouni/ws_moveit/install/moveit_visual_tools:/home/khamrouni/ws_moveit/install/moveit_task_constructor_visualization:/home/khamrouni/ws_moveit/install/moveit_task_constructor_demo:/home/khamrouni/ws_moveit/install/moveit_task_constructor_capabilities:/home/khamrouni/ws_moveit/install/moveit_task_constructor_core:/home/khamrouni/ws_moveit/install/moveit_ros_control_interface:/home/khamrouni/ws_moveit/install/moveit_plugins:/home/khamrouni/ws_moveit/install/moveit_simple_controller_manager:/home/khamrouni/ws_moveit/install/moveit_setup_assistant:/home/khamrouni/ws_moveit/install/moveit_setup_srdf_plugins:/home/khamrouni/ws_moveit/install/moveit_setup_core_plugins:/home/khamrouni/ws_moveit/install/moveit_setup_controllers:/home/khamrouni/ws_moveit/install/moveit_setup_app_plugins:/home/khamrouni/ws_moveit/install/moveit_setup_framework:/home/khamrouni/ws_moveit/install/moveit_servo:/home/khamrouni/ws_moveit/install/moveit_ros:/home/khamrouni/ws_moveit/install/moveit_ros_visualization:/home/khamrouni/ws_moveit/install/moveit_hybrid_planning:/home/khamrouni/ws_moveit/install/move_program:/home/khamrouni/ws_moveit/install/hello_moveit:/home/khamrouni/ws_moveit/install/moveit_ros_planning_interface:/home/khamrouni/ws_moveit/install/moveit_ros_benchmarks:/home/khamrouni/ws_moveit/install/moveit_ros_warehouse:/home/khamrouni/ws_moveit/install/moveit_ros_robot_interaction:/home/khamrouni/ws_moveit/install/moveit_ros_perception:/home/khamrouni/ws_moveit/install/moveit_resources_prbt_pg70_support:/home/khamrouni/ws_moveit/install/moveit_resources_prbt_moveit_config:/home/khamrouni/ws_moveit/install/moveit_ros_move_group:/home/khamrouni/ws_moveit/install/moveit_planners_ompl:/home/khamrouni/ws_moveit/install/moveit_ros_planning:/home/khamrouni/ws_moveit/install/moveit_ros_occupancy_map_monitor:/home/khamrouni/ws_moveit/install/moveit_resources_prbt_ikfast_manipulator_plugin:/home/khamrouni/ws_moveit/install/moveit_planners_chomp:/home/khamrouni/ws_moveit/install/moveit_kinematics:/home/khamrouni/ws_moveit/install/moveit_chomp_optimizer_adapter:/home/khamrouni/ws_moveit/install/chomp_motion_planner:/home/khamrouni/ws_moveit/install/moveit_core:/home/khamrouni/ws_moveit/install/srdfdom:/home/khamrouni/ws_moveit/install/rviz_marker_tools:/home/khamrouni/ws_moveit/install/rosparam_shortcuts:/home/khamrouni/ws_moveit/install/moveit_task_constructor_msgs:/home/khamrouni/ws_moveit/install/moveit_resources_prbt_support:/home/khamrouni/ws_moveit/install/moveit_resources:/home/khamrouni/ws_moveit/install/moveit_resources_pr2_description:/home/khamrouni/ws_moveit/install/moveit_resources_panda_moveit_config:/home/khamrouni/ws_moveit/install/moveit_resources_panda_description:/home/khamrouni/ws_moveit/install/moveit_resources_fanuc_moveit_config:/home/khamrouni/ws_moveit/install/moveit_resources_fanuc_description:/home/khamrouni/ws_moveit/install/moveit_common:/home/khamrouni/robot_ws/install/iiwa_description:/home/khamrouni/ros2_ws/install/polygon_base:/home/khamrouni/ros2_ws/install/iiwa_bringup:/home/khamrouni/ros2_ws/install/iiwa_description:/home/khamrouni/ros2_ws/install/examples_rclcpp_minimal_action_client:/home/khamrouni/ros2_ws/install/examples_rclcpp_cbg_executor:/home/khamrouni/ros2_ws/install/examples_rclcpp_async_client:/home/khamrouni/ros2_ws/install/cpp_parameters:/home/khamrouni/ws_moveit/install/moveit_configs_utils:/home/khamrouni/ws_moveit/install/launch_param_builder:/opt/ros/humble LD_LIBRARY_PATH=/home/khamrouni/lbr-stack/src/lbr_fri_ros2_stack/install/lbr_fri_ros2/lib:${LD_LIBRARY_PATH} /usr/bin/cmake --build /home/khamrouni/lbr-stack/src/lbr_fri_ros2_stack/build/lbr_ros2_control -- -j8 -l8
[2.823s] DEBUG:colcon.colcon_core.event_handler.log_command:Invoking command in '/home/khamrouni/lbr-stack/src/lbr_fri_ros2_stack/build/lbr_ros2_control': AMENT_PREFIX_PATH=/home/khamrouni/lbr-stack/src/lbr_fri_ros2_stack/install/lbr_fri_ros2:/home/khamrouni/lbr-stack/src/lbr_fri_ros2_stack/install/lbr_description:${AMENT_PREFIX_PATH} CMAKE_PREFIX_PATH=/home/khamrouni/lbr-stack/src/lbr_fri_ros2_stack/install/lbr_fri_ros2:/home/khamrouni/lbr-stack/src/lbr_fri_ros2_stack/install/lbr_description:/home/khamrouni/ws_moveit/install/pilz_industrial_motion_planner_testutils:/home/khamrouni/ws_moveit/install/moveit_runtime:/home/khamrouni/ws_moveit/install/moveit2_tutorials:/home/khamrouni/ws_moveit/install/moveit:/home/khamrouni/ws_moveit/install/moveit_planners:/home/khamrouni/ws_moveit/install/pilz_industrial_motion_planner:/home/khamrouni/ws_moveit/install/moveit_visual_tools:/home/khamrouni/ws_moveit/install/moveit_task_constructor_visualization:/home/khamrouni/ws_moveit/install/moveit_task_constructor_demo:/home/khamrouni/ws_moveit/install/moveit_task_constructor_capabilities:/home/khamrouni/ws_moveit/install/moveit_task_constructor_core:/home/khamrouni/ws_moveit/install/moveit_ros_control_interface:/home/khamrouni/ws_moveit/install/moveit_plugins:/home/khamrouni/ws_moveit/install/moveit_simple_controller_manager:/home/khamrouni/ws_moveit/install/moveit_setup_assistant:/home/khamrouni/ws_moveit/install/moveit_setup_srdf_plugins:/home/khamrouni/ws_moveit/install/moveit_setup_core_plugins:/home/khamrouni/ws_moveit/install/moveit_setup_controllers:/home/khamrouni/ws_moveit/install/moveit_setup_app_plugins:/home/khamrouni/ws_moveit/install/moveit_setup_framework:/home/khamrouni/ws_moveit/install/moveit_servo:/home/khamrouni/ws_moveit/install/moveit_ros:/home/khamrouni/ws_moveit/install/moveit_ros_visualization:/home/khamrouni/ws_moveit/install/moveit_hybrid_planning:/home/khamrouni/ws_moveit/install/move_program:/home/khamrouni/ws_moveit/install/hello_moveit:/home/khamrouni/ws_moveit/install/moveit_ros_planning_interface:/home/khamrouni/ws_moveit/install/moveit_ros_benchmarks:/home/khamrouni/ws_moveit/install/moveit_ros_warehouse:/home/khamrouni/ws_moveit/install/moveit_ros_robot_interaction:/home/khamrouni/ws_moveit/install/moveit_ros_perception:/home/khamrouni/ws_moveit/install/moveit_resources_prbt_pg70_support:/home/khamrouni/ws_moveit/install/moveit_resources_prbt_moveit_config:/home/khamrouni/ws_moveit/install/moveit_ros_move_group:/home/khamrouni/ws_moveit/install/moveit_planners_ompl:/home/khamrouni/ws_moveit/install/moveit_ros_planning:/home/khamrouni/ws_moveit/install/moveit_ros_occupancy_map_monitor:/home/khamrouni/ws_moveit/install/moveit_resources_prbt_ikfast_manipulator_plugin:/home/khamrouni/ws_moveit/install/moveit_planners_chomp:/home/khamrouni/ws_moveit/install/moveit_kinematics:/home/khamrouni/ws_moveit/install/moveit_chomp_optimizer_adapter:/home/khamrouni/ws_moveit/install/chomp_motion_planner:/home/khamrouni/ws_moveit/install/moveit_core:/home/khamrouni/ws_moveit/install/srdfdom:/home/khamrouni/ws_moveit/install/rviz_marker_tools:/home/khamrouni/ws_moveit/install/rosparam_shortcuts:/home/khamrouni/ws_moveit/install/moveit_task_constructor_msgs:/home/khamrouni/ws_moveit/install/moveit_resources_prbt_support:/home/khamrouni/ws_moveit/install/moveit_resources:/home/khamrouni/ws_moveit/install/moveit_resources_pr2_description:/home/khamrouni/ws_moveit/install/moveit_resources_panda_moveit_config:/home/khamrouni/ws_moveit/install/moveit_resources_panda_description:/home/khamrouni/ws_moveit/install/moveit_resources_fanuc_moveit_config:/home/khamrouni/ws_moveit/install/moveit_resources_fanuc_description:/home/khamrouni/ws_moveit/install/moveit_common:/home/khamrouni/robot_ws/install/iiwa_description:/home/khamrouni/ros2_ws/install/polygon_base:/home/khamrouni/ros2_ws/install/iiwa_bringup:/home/khamrouni/ros2_ws/install/iiwa_description:/home/khamrouni/ros2_ws/install/examples_rclcpp_minimal_action_client:/home/khamrouni/ros2_ws/install/examples_rclcpp_cbg_executor:/home/khamrouni/ros2_ws/install/examples_rclcpp_async_client:/home/khamrouni/ros2_ws/install/cpp_parameters:/home/khamrouni/ws_moveit/install/moveit_configs_utils:/home/khamrouni/ws_moveit/install/launch_param_builder:/opt/ros/humble LD_LIBRARY_PATH=/home/khamrouni/lbr-stack/src/lbr_fri_ros2_stack/install/lbr_fri_ros2/lib:${LD_LIBRARY_PATH} /usr/bin/cmake --install /home/khamrouni/lbr-stack/src/lbr_fri_ros2_stack/build/lbr_ros2_control
[2.824s] DEBUG:colcon.colcon_core.event_handler.log_command:Invoked command in '/home/khamrouni/lbr-stack/src/lbr_fri_ros2_stack/build/lbr_demos_advanced_cpp' returned '0': AMENT_PREFIX_PATH=/home/khamrouni/lbr-stack/src/lbr_fri_ros2_stack/install/lbr_fri_ros2:/home/khamrouni/lbr-stack/src/lbr_fri_ros2_stack/install/lbr_description:${AMENT_PREFIX_PATH} CMAKE_PREFIX_PATH=/home/khamrouni/lbr-stack/src/lbr_fri_ros2_stack/install/lbr_fri_ros2:/home/khamrouni/lbr-stack/src/lbr_fri_ros2_stack/install/lbr_description:/home/khamrouni/ws_moveit/install/pilz_industrial_motion_planner_testutils:/home/khamrouni/ws_moveit/install/moveit_runtime:/home/khamrouni/ws_moveit/install/moveit2_tutorials:/home/khamrouni/ws_moveit/install/moveit:/home/khamrouni/ws_moveit/install/moveit_planners:/home/khamrouni/ws_moveit/install/pilz_industrial_motion_planner:/home/khamrouni/ws_moveit/install/moveit_visual_tools:/home/khamrouni/ws_moveit/install/moveit_task_constructor_visualization:/home/khamrouni/ws_moveit/install/moveit_task_constructor_demo:/home/khamrouni/ws_moveit/install/moveit_task_constructor_capabilities:/home/khamrouni/ws_moveit/install/moveit_task_constructor_core:/home/khamrouni/ws_moveit/install/moveit_ros_control_interface:/home/khamrouni/ws_moveit/install/moveit_plugins:/home/khamrouni/ws_moveit/install/moveit_simple_controller_manager:/home/khamrouni/ws_moveit/install/moveit_setup_assistant:/home/khamrouni/ws_moveit/install/moveit_setup_srdf_plugins:/home/khamrouni/ws_moveit/install/moveit_setup_core_plugins:/home/khamrouni/ws_moveit/install/moveit_setup_controllers:/home/khamrouni/ws_moveit/install/moveit_setup_app_plugins:/home/khamrouni/ws_moveit/install/moveit_setup_framework:/home/khamrouni/ws_moveit/install/moveit_servo:/home/khamrouni/ws_moveit/install/moveit_ros:/home/khamrouni/ws_moveit/install/moveit_ros_visualization:/home/khamrouni/ws_moveit/install/moveit_hybrid_planning:/home/khamrouni/ws_moveit/install/move_program:/home/khamrouni/ws_moveit/install/hello_moveit:/home/khamrouni/ws_moveit/install/moveit_ros_planning_interface:/home/khamrouni/ws_moveit/install/moveit_ros_benchmarks:/home/khamrouni/ws_moveit/install/moveit_ros_warehouse:/home/khamrouni/ws_moveit/install/moveit_ros_robot_interaction:/home/khamrouni/ws_moveit/install/moveit_ros_perception:/home/khamrouni/ws_moveit/install/moveit_resources_prbt_pg70_support:/home/khamrouni/ws_moveit/install/moveit_resources_prbt_moveit_config:/home/khamrouni/ws_moveit/install/moveit_ros_move_group:/home/khamrouni/ws_moveit/install/moveit_planners_ompl:/home/khamrouni/ws_moveit/install/moveit_ros_planning:/home/khamrouni/ws_moveit/install/moveit_ros_occupancy_map_monitor:/home/khamrouni/ws_moveit/install/moveit_resources_prbt_ikfast_manipulator_plugin:/home/khamrouni/ws_moveit/install/moveit_planners_chomp:/home/khamrouni/ws_moveit/install/moveit_kinematics:/home/khamrouni/ws_moveit/install/moveit_chomp_optimizer_adapter:/home/khamrouni/ws_moveit/install/chomp_motion_planner:/home/khamrouni/ws_moveit/install/moveit_core:/home/khamrouni/ws_moveit/install/srdfdom:/home/khamrouni/ws_moveit/install/rviz_marker_tools:/home/khamrouni/ws_moveit/install/rosparam_shortcuts:/home/khamrouni/ws_moveit/install/moveit_task_constructor_msgs:/home/khamrouni/ws_moveit/install/moveit_resources_prbt_support:/home/khamrouni/ws_moveit/install/moveit_resources:/home/khamrouni/ws_moveit/install/moveit_resources_pr2_description:/home/khamrouni/ws_moveit/install/moveit_resources_panda_moveit_config:/home/khamrouni/ws_moveit/install/moveit_resources_panda_description:/home/khamrouni/ws_moveit/install/moveit_resources_fanuc_moveit_config:/home/khamrouni/ws_moveit/install/moveit_resources_fanuc_description:/home/khamrouni/ws_moveit/install/moveit_common:/home/khamrouni/robot_ws/install/iiwa_description:/home/khamrouni/ros2_ws/install/polygon_base:/home/khamrouni/ros2_ws/install/iiwa_bringup:/home/khamrouni/ros2_ws/install/iiwa_description:/home/khamrouni/ros2_ws/install/examples_rclcpp_minimal_action_client:/home/khamrouni/ros2_ws/install/examples_rclcpp_cbg_executor:/home/khamrouni/ros2_ws/install/examples_rclcpp_async_client:/home/khamrouni/ros2_ws/install/cpp_parameters:/home/khamrouni/ws_moveit/install/moveit_configs_utils:/home/khamrouni/ws_moveit/install/launch_param_builder:/opt/ros/humble LD_LIBRARY_PATH=/home/khamrouni/lbr-stack/src/lbr_fri_ros2_stack/install/lbr_fri_ros2/lib:${LD_LIBRARY_PATH} /usr/bin/cmake --build /home/khamrouni/lbr-stack/src/lbr_fri_ros2_stack/build/lbr_demos_advanced_cpp -- -j8 -l8
[2.827s] DEBUG:colcon.colcon_core.event_handler.log_command:Invoking command in '/home/khamrouni/lbr-stack/src/lbr_fri_ros2_stack/build/lbr_demos_advanced_cpp': AMENT_PREFIX_PATH=/home/khamrouni/lbr-stack/src/lbr_fri_ros2_stack/install/lbr_fri_ros2:/home/khamrouni/lbr-stack/src/lbr_fri_ros2_stack/install/lbr_description:${AMENT_PREFIX_PATH} CMAKE_PREFIX_PATH=/home/khamrouni/lbr-stack/src/lbr_fri_ros2_stack/install/lbr_fri_ros2:/home/khamrouni/lbr-stack/src/lbr_fri_ros2_stack/install/lbr_description:/home/khamrouni/ws_moveit/install/pilz_industrial_motion_planner_testutils:/home/khamrouni/ws_moveit/install/moveit_runtime:/home/khamrouni/ws_moveit/install/moveit2_tutorials:/home/khamrouni/ws_moveit/install/moveit:/home/khamrouni/ws_moveit/install/moveit_planners:/home/khamrouni/ws_moveit/install/pilz_industrial_motion_planner:/home/khamrouni/ws_moveit/install/moveit_visual_tools:/home/khamrouni/ws_moveit/install/moveit_task_constructor_visualization:/home/khamrouni/ws_moveit/install/moveit_task_constructor_demo:/home/khamrouni/ws_moveit/install/moveit_task_constructor_capabilities:/home/khamrouni/ws_moveit/install/moveit_task_constructor_core:/home/khamrouni/ws_moveit/install/moveit_ros_control_interface:/home/khamrouni/ws_moveit/install/moveit_plugins:/home/khamrouni/ws_moveit/install/moveit_simple_controller_manager:/home/khamrouni/ws_moveit/install/moveit_setup_assistant:/home/khamrouni/ws_moveit/install/moveit_setup_srdf_plugins:/home/khamrouni/ws_moveit/install/moveit_setup_core_plugins:/home/khamrouni/ws_moveit/install/moveit_setup_controllers:/home/khamrouni/ws_moveit/install/moveit_setup_app_plugins:/home/khamrouni/ws_moveit/install/moveit_setup_framework:/home/khamrouni/ws_moveit/install/moveit_servo:/home/khamrouni/ws_moveit/install/moveit_ros:/home/khamrouni/ws_moveit/install/moveit_ros_visualization:/home/khamrouni/ws_moveit/install/moveit_hybrid_planning:/home/khamrouni/ws_moveit/install/move_program:/home/khamrouni/ws_moveit/install/hello_moveit:/home/khamrouni/ws_moveit/install/moveit_ros_planning_interface:/home/khamrouni/ws_moveit/install/moveit_ros_benchmarks:/home/khamrouni/ws_moveit/install/moveit_ros_warehouse:/home/khamrouni/ws_moveit/install/moveit_ros_robot_interaction:/home/khamrouni/ws_moveit/install/moveit_ros_perception:/home/khamrouni/ws_moveit/install/moveit_resources_prbt_pg70_support:/home/khamrouni/ws_moveit/install/moveit_resources_prbt_moveit_config:/home/khamrouni/ws_moveit/install/moveit_ros_move_group:/home/khamrouni/ws_moveit/install/moveit_planners_ompl:/home/khamrouni/ws_moveit/install/moveit_ros_planning:/home/khamrouni/ws_moveit/install/moveit_ros_occupancy_map_monitor:/home/khamrouni/ws_moveit/install/moveit_resources_prbt_ikfast_manipulator_plugin:/home/khamrouni/ws_moveit/install/moveit_planners_chomp:/home/khamrouni/ws_moveit/install/moveit_kinematics:/home/khamrouni/ws_moveit/install/moveit_chomp_optimizer_adapter:/home/khamrouni/ws_moveit/install/chomp_motion_planner:/home/khamrouni/ws_moveit/install/moveit_core:/home/khamrouni/ws_moveit/install/srdfdom:/home/khamrouni/ws_moveit/install/rviz_marker_tools:/home/khamrouni/ws_moveit/install/rosparam_shortcuts:/home/khamrouni/ws_moveit/install/moveit_task_constructor_msgs:/home/khamrouni/ws_moveit/install/moveit_resources_prbt_support:/home/khamrouni/ws_moveit/install/moveit_resources:/home/khamrouni/ws_moveit/install/moveit_resources_pr2_description:/home/khamrouni/ws_moveit/install/moveit_resources_panda_moveit_config:/home/khamrouni/ws_moveit/install/moveit_resources_panda_description:/home/khamrouni/ws_moveit/install/moveit_resources_fanuc_moveit_config:/home/khamrouni/ws_moveit/install/moveit_resources_fanuc_description:/home/khamrouni/ws_moveit/install/moveit_common:/home/khamrouni/robot_ws/install/iiwa_description:/home/khamrouni/ros2_ws/install/polygon_base:/home/khamrouni/ros2_ws/install/iiwa_bringup:/home/khamrouni/ros2_ws/install/iiwa_description:/home/khamrouni/ros2_ws/install/examples_rclcpp_minimal_action_client:/home/khamrouni/ros2_ws/install/examples_rclcpp_cbg_executor:/home/khamrouni/ros2_ws/install/examples_rclcpp_async_client:/home/khamrouni/ros2_ws/install/cpp_parameters:/home/khamrouni/ws_moveit/install/moveit_configs_utils:/home/khamrouni/ws_moveit/install/launch_param_builder:/opt/ros/humble LD_LIBRARY_PATH=/home/khamrouni/lbr-stack/src/lbr_fri_ros2_stack/install/lbr_fri_ros2/lib:${LD_LIBRARY_PATH} /usr/bin/cmake --install /home/khamrouni/lbr-stack/src/lbr_fri_ros2_stack/build/lbr_demos_advanced_cpp
[2.847s] Level 1:colcon.colcon_core.environment:create_environment_scripts_only(lbr_ros2_control)
[2.848s] Level 1:colcon.colcon_core.environment:checking '/home/khamrouni/lbr-stack/src/lbr_fri_ros2_stack/install/lbr_ros2_control' for CMake module files
[2.851s] DEBUG:colcon.colcon_core.event_handler.log_command:Invoked command in '/home/khamrouni/lbr-stack/src/lbr_fri_ros2_stack/build/lbr_ros2_control' returned '0': AMENT_PREFIX_PATH=/home/khamrouni/lbr-stack/src/lbr_fri_ros2_stack/install/lbr_fri_ros2:/home/khamrouni/lbr-stack/src/lbr_fri_ros2_stack/install/lbr_description:${AMENT_PREFIX_PATH} CMAKE_PREFIX_PATH=/home/khamrouni/lbr-stack/src/lbr_fri_ros2_stack/install/lbr_fri_ros2:/home/khamrouni/lbr-stack/src/lbr_fri_ros2_stack/install/lbr_description:/home/khamrouni/ws_moveit/install/pilz_industrial_motion_planner_testutils:/home/khamrouni/ws_moveit/install/moveit_runtime:/home/khamrouni/ws_moveit/install/moveit2_tutorials:/home/khamrouni/ws_moveit/install/moveit:/home/khamrouni/ws_moveit/install/moveit_planners:/home/khamrouni/ws_moveit/install/pilz_industrial_motion_planner:/home/khamrouni/ws_moveit/install/moveit_visual_tools:/home/khamrouni/ws_moveit/install/moveit_task_constructor_visualization:/home/khamrouni/ws_moveit/install/moveit_task_constructor_demo:/home/khamrouni/ws_moveit/install/moveit_task_constructor_capabilities:/home/khamrouni/ws_moveit/install/moveit_task_constructor_core:/home/khamrouni/ws_moveit/install/moveit_ros_control_interface:/home/khamrouni/ws_moveit/install/moveit_plugins:/home/khamrouni/ws_moveit/install/moveit_simple_controller_manager:/home/khamrouni/ws_moveit/install/moveit_setup_assistant:/home/khamrouni/ws_moveit/install/moveit_setup_srdf_plugins:/home/khamrouni/ws_moveit/install/moveit_setup_core_plugins:/home/khamrouni/ws_moveit/install/moveit_setup_controllers:/home/khamrouni/ws_moveit/install/moveit_setup_app_plugins:/home/khamrouni/ws_moveit/install/moveit_setup_framework:/home/khamrouni/ws_moveit/install/moveit_servo:/home/khamrouni/ws_moveit/install/moveit_ros:/home/khamrouni/ws_moveit/install/moveit_ros_visualization:/home/khamrouni/ws_moveit/install/moveit_hybrid_planning:/home/khamrouni/ws_moveit/install/move_program:/home/khamrouni/ws_moveit/install/hello_moveit:/home/khamrouni/ws_moveit/install/moveit_ros_planning_interface:/home/khamrouni/ws_moveit/install/moveit_ros_benchmarks:/home/khamrouni/ws_moveit/install/moveit_ros_warehouse:/home/khamrouni/ws_moveit/install/moveit_ros_robot_interaction:/home/khamrouni/ws_moveit/install/moveit_ros_perception:/home/khamrouni/ws_moveit/install/moveit_resources_prbt_pg70_support:/home/khamrouni/ws_moveit/install/moveit_resources_prbt_moveit_config:/home/khamrouni/ws_moveit/install/moveit_ros_move_group:/home/khamrouni/ws_moveit/install/moveit_planners_ompl:/home/khamrouni/ws_moveit/install/moveit_ros_planning:/home/khamrouni/ws_moveit/install/moveit_ros_occupancy_map_monitor:/home/khamrouni/ws_moveit/install/moveit_resources_prbt_ikfast_manipulator_plugin:/home/khamrouni/ws_moveit/install/moveit_planners_chomp:/home/khamrouni/ws_moveit/install/moveit_kinematics:/home/khamrouni/ws_moveit/install/moveit_chomp_optimizer_adapter:/home/khamrouni/ws_moveit/install/chomp_motion_planner:/home/khamrouni/ws_moveit/install/moveit_core:/home/khamrouni/ws_moveit/install/srdfdom:/home/khamrouni/ws_moveit/install/rviz_marker_tools:/home/khamrouni/ws_moveit/install/rosparam_shortcuts:/home/khamrouni/ws_moveit/install/moveit_task_constructor_msgs:/home/khamrouni/ws_moveit/install/moveit_resources_prbt_support:/home/khamrouni/ws_moveit/install/moveit_resources:/home/khamrouni/ws_moveit/install/moveit_resources_pr2_description:/home/khamrouni/ws_moveit/install/moveit_resources_panda_moveit_config:/home/khamrouni/ws_moveit/install/moveit_resources_panda_description:/home/khamrouni/ws_moveit/install/moveit_resources_fanuc_moveit_config:/home/khamrouni/ws_moveit/install/moveit_resources_fanuc_description:/home/khamrouni/ws_moveit/install/moveit_common:/home/khamrouni/robot_ws/install/iiwa_description:/home/khamrouni/ros2_ws/install/polygon_base:/home/khamrouni/ros2_ws/install/iiwa_bringup:/home/khamrouni/ros2_ws/install/iiwa_description:/home/khamrouni/ros2_ws/install/examples_rclcpp_minimal_action_client:/home/khamrouni/ros2_ws/install/examples_rclcpp_cbg_executor:/home/khamrouni/ros2_ws/install/examples_rclcpp_async_client:/home/khamrouni/ros2_ws/install/cpp_parameters:/home/khamrouni/ws_moveit/install/moveit_configs_utils:/home/khamrouni/ws_moveit/install/launch_param_builder:/opt/ros/humble LD_LIBRARY_PATH=/home/khamrouni/lbr-stack/src/lbr_fri_ros2_stack/install/lbr_fri_ros2/lib:${LD_LIBRARY_PATH} /usr/bin/cmake --install /home/khamrouni/lbr-stack/src/lbr_fri_ros2_stack/build/lbr_ros2_control
[2.854s] Level 1:colcon.colcon_core.environment:checking '/home/khamrouni/lbr-stack/src/lbr_fri_ros2_stack/install/lbr_ros2_control' for CMake config files
[2.857s] Level 1:colcon.colcon_core.shell:create_environment_hook('lbr_ros2_control', 'cmake_prefix_path')
[2.858s] INFO:colcon.colcon_core.shell:Creating environment hook '/home/khamrouni/lbr-stack/src/lbr_fri_ros2_stack/install/lbr_ros2_control/share/lbr_ros2_control/hook/cmake_prefix_path.ps1'
[2.859s] INFO:colcon.colcon_core.shell:Creating environment descriptor '/home/khamrouni/lbr-stack/src/lbr_fri_ros2_stack/install/lbr_ros2_control/share/lbr_ros2_control/hook/cmake_prefix_path.dsv'
[2.859s] INFO:colcon.colcon_core.shell:Creating environment hook '/home/khamrouni/lbr-stack/src/lbr_fri_ros2_stack/install/lbr_ros2_control/share/lbr_ros2_control/hook/cmake_prefix_path.sh'
[2.860s] Level 1:colcon.colcon_core.environment:checking '/home/khamrouni/lbr-stack/src/lbr_fri_ros2_stack/install/lbr_ros2_control/lib'
[2.861s] Level 1:colcon.colcon_core.environment:checking '/home/khamrouni/lbr-stack/src/lbr_fri_ros2_stack/install/lbr_ros2_control/bin'
[2.861s] Level 1:colcon.colcon_core.environment:checking '/home/khamrouni/lbr-stack/src/lbr_fri_ros2_stack/install/lbr_ros2_control/lib/pkgconfig/lbr_ros2_control.pc'
[2.861s] Level 1:colcon.colcon_core.environment:checking '/home/khamrouni/lbr-stack/src/lbr_fri_ros2_stack/install/lbr_ros2_control/lib/python3.10/site-packages'
[2.861s] Level 1:colcon.colcon_core.environment:checking '/home/khamrouni/lbr-stack/src/lbr_fri_ros2_stack/install/lbr_ros2_control/bin'
[2.862s] INFO:colcon.colcon_core.shell:Creating package script '/home/khamrouni/lbr-stack/src/lbr_fri_ros2_stack/install/lbr_ros2_control/share/lbr_ros2_control/package.ps1'
[2.863s] INFO:colcon.colcon_core.shell:Creating package descriptor '/home/khamrouni/lbr-stack/src/lbr_fri_ros2_stack/install/lbr_ros2_control/share/lbr_ros2_control/package.dsv'
[2.864s] INFO:colcon.colcon_core.shell:Creating package script '/home/khamrouni/lbr-stack/src/lbr_fri_ros2_stack/install/lbr_ros2_control/share/lbr_ros2_control/package.sh'
[2.864s] INFO:colcon.colcon_core.shell:Creating package script '/home/khamrouni/lbr-stack/src/lbr_fri_ros2_stack/install/lbr_ros2_control/share/lbr_ros2_control/package.bash'
[2.865s] INFO:colcon.colcon_core.shell:Creating package script '/home/khamrouni/lbr-stack/src/lbr_fri_ros2_stack/install/lbr_ros2_control/share/lbr_ros2_control/package.zsh'
[2.866s] Level 1:colcon.colcon_core.environment:create_file_with_runtime_dependencies(/home/khamrouni/lbr-stack/src/lbr_fri_ros2_stack/install/lbr_ros2_control/share/colcon-core/packages/lbr_ros2_control)
[2.867s] Level 1:colcon.colcon_core.environment:create_environment_scripts_only(lbr_ros2_control)
[2.868s] Level 1:colcon.colcon_core.environment:checking '/home/khamrouni/lbr-stack/src/lbr_fri_ros2_stack/install/lbr_ros2_control' for CMake module files
[2.869s] Level 1:colcon.colcon_core.environment:checking '/home/khamrouni/lbr-stack/src/lbr_fri_ros2_stack/install/lbr_ros2_control' for CMake config files
[2.870s] Level 1:colcon.colcon_core.shell:create_environment_hook('lbr_ros2_control', 'cmake_prefix_path')
[2.870s] INFO:colcon.colcon_core.shell:Creating environment hook '/home/khamrouni/lbr-stack/src/lbr_fri_ros2_stack/install/lbr_ros2_control/share/lbr_ros2_control/hook/cmake_prefix_path.ps1'
[2.871s] INFO:colcon.colcon_core.shell:Creating environment descriptor '/home/khamrouni/lbr-stack/src/lbr_fri_ros2_stack/install/lbr_ros2_control/share/lbr_ros2_control/hook/cmake_prefix_path.dsv'
[2.872s] INFO:colcon.colcon_core.shell:Creating environment hook '/home/khamrouni/lbr-stack/src/lbr_fri_ros2_stack/install/lbr_ros2_control/share/lbr_ros2_control/hook/cmake_prefix_path.sh'
[2.873s] Level 1:colcon.colcon_core.environment:checking '/home/khamrouni/lbr-stack/src/lbr_fri_ros2_stack/install/lbr_ros2_control/lib'
[2.873s] Level 1:colcon.colcon_core.environment:checking '/home/khamrouni/lbr-stack/src/lbr_fri_ros2_stack/install/lbr_ros2_control/bin'
[2.873s] Level 1:colcon.colcon_core.environment:checking '/home/khamrouni/lbr-stack/src/lbr_fri_ros2_stack/install/lbr_ros2_control/lib/pkgconfig/lbr_ros2_control.pc'
[2.874s] Level 1:colcon.colcon_core.environment:checking '/home/khamrouni/lbr-stack/src/lbr_fri_ros2_stack/install/lbr_ros2_control/lib/python3.10/site-packages'
[2.875s] Level 1:colcon.colcon_core.environment:checking '/home/khamrouni/lbr-stack/src/lbr_fri_ros2_stack/install/lbr_ros2_control/bin'
[2.875s] INFO:colcon.colcon_core.shell:Creating package script '/home/khamrouni/lbr-stack/src/lbr_fri_ros2_stack/install/lbr_ros2_control/share/lbr_ros2_control/package.ps1'
[2.876s] INFO:colcon.colcon_core.shell:Creating package descriptor '/home/khamrouni/lbr-stack/src/lbr_fri_ros2_stack/install/lbr_ros2_control/share/lbr_ros2_control/package.dsv'
[2.877s] INFO:colcon.colcon_core.shell:Creating package script '/home/khamrouni/lbr-stack/src/lbr_fri_ros2_stack/install/lbr_ros2_control/share/lbr_ros2_control/package.sh'
[2.878s] INFO:colcon.colcon_core.shell:Creating package script '/home/khamrouni/lbr-stack/src/lbr_fri_ros2_stack/install/lbr_ros2_control/share/lbr_ros2_control/package.bash'
[2.879s] INFO:colcon.colcon_core.shell:Creating package script '/home/khamrouni/lbr-stack/src/lbr_fri_ros2_stack/install/lbr_ros2_control/share/lbr_ros2_control/package.zsh'
[2.879s] Level 1:colcon.colcon_core.environment:create_file_with_runtime_dependencies(/home/khamrouni/lbr-stack/src/lbr_fri_ros2_stack/install/lbr_ros2_control/share/colcon-core/packages/lbr_ros2_control)
[2.880s] INFO:colcon.colcon_ros.task.ament_cmake.build:Building ROS package in '/home/khamrouni/lbr-stack/src/lbr_fri_ros2_stack/lbr_bringup' with build type 'ament_cmake'
[2.880s] INFO:colcon.colcon_cmake.task.cmake.build:Building CMake package in '/home/khamrouni/lbr-stack/src/lbr_fri_ros2_stack/lbr_bringup'
[2.881s] INFO:colcon.colcon_core.shell:Skip shell extension 'powershell' for command environment: Not usable outside of PowerShell
[2.881s] DEBUG:colcon.colcon_core.shell:Skip shell extension 'dsv' for command environment
[2.897s] Level 1:colcon.colcon_core.environment:create_environment_scripts_only(lbr_demos_advanced_cpp)
[2.898s] Level 1:colcon.colcon_core.environment:checking '/home/khamrouni/lbr-stack/src/lbr_fri_ros2_stack/install/lbr_demos_advanced_cpp' for CMake module files
[2.899s] DEBUG:colcon.colcon_core.event_handler.log_command:Invoked command in '/home/khamrouni/lbr-stack/src/lbr_fri_ros2_stack/build/lbr_demos_advanced_cpp' returned '0': AMENT_PREFIX_PATH=/home/khamrouni/lbr-stack/src/lbr_fri_ros2_stack/install/lbr_fri_ros2:/home/khamrouni/lbr-stack/src/lbr_fri_ros2_stack/install/lbr_description:${AMENT_PREFIX_PATH} CMAKE_PREFIX_PATH=/home/khamrouni/lbr-stack/src/lbr_fri_ros2_stack/install/lbr_fri_ros2:/home/khamrouni/lbr-stack/src/lbr_fri_ros2_stack/install/lbr_description:/home/khamrouni/ws_moveit/install/pilz_industrial_motion_planner_testutils:/home/khamrouni/ws_moveit/install/moveit_runtime:/home/khamrouni/ws_moveit/install/moveit2_tutorials:/home/khamrouni/ws_moveit/install/moveit:/home/khamrouni/ws_moveit/install/moveit_planners:/home/khamrouni/ws_moveit/install/pilz_industrial_motion_planner:/home/khamrouni/ws_moveit/install/moveit_visual_tools:/home/khamrouni/ws_moveit/install/moveit_task_constructor_visualization:/home/khamrouni/ws_moveit/install/moveit_task_constructor_demo:/home/khamrouni/ws_moveit/install/moveit_task_constructor_capabilities:/home/khamrouni/ws_moveit/install/moveit_task_constructor_core:/home/khamrouni/ws_moveit/install/moveit_ros_control_interface:/home/khamrouni/ws_moveit/install/moveit_plugins:/home/khamrouni/ws_moveit/install/moveit_simple_controller_manager:/home/khamrouni/ws_moveit/install/moveit_setup_assistant:/home/khamrouni/ws_moveit/install/moveit_setup_srdf_plugins:/home/khamrouni/ws_moveit/install/moveit_setup_core_plugins:/home/khamrouni/ws_moveit/install/moveit_setup_controllers:/home/khamrouni/ws_moveit/install/moveit_setup_app_plugins:/home/khamrouni/ws_moveit/install/moveit_setup_framework:/home/khamrouni/ws_moveit/install/moveit_servo:/home/khamrouni/ws_moveit/install/moveit_ros:/home/khamrouni/ws_moveit/install/moveit_ros_visualization:/home/khamrouni/ws_moveit/install/moveit_hybrid_planning:/home/khamrouni/ws_moveit/install/move_program:/home/khamrouni/ws_moveit/install/hello_moveit:/home/khamrouni/ws_moveit/install/moveit_ros_planning_interface:/home/khamrouni/ws_moveit/install/moveit_ros_benchmarks:/home/khamrouni/ws_moveit/install/moveit_ros_warehouse:/home/khamrouni/ws_moveit/install/moveit_ros_robot_interaction:/home/khamrouni/ws_moveit/install/moveit_ros_perception:/home/khamrouni/ws_moveit/install/moveit_resources_prbt_pg70_support:/home/khamrouni/ws_moveit/install/moveit_resources_prbt_moveit_config:/home/khamrouni/ws_moveit/install/moveit_ros_move_group:/home/khamrouni/ws_moveit/install/moveit_planners_ompl:/home/khamrouni/ws_moveit/install/moveit_ros_planning:/home/khamrouni/ws_moveit/install/moveit_ros_occupancy_map_monitor:/home/khamrouni/ws_moveit/install/moveit_resources_prbt_ikfast_manipulator_plugin:/home/khamrouni/ws_moveit/install/moveit_planners_chomp:/home/khamrouni/ws_moveit/install/moveit_kinematics:/home/khamrouni/ws_moveit/install/moveit_chomp_optimizer_adapter:/home/khamrouni/ws_moveit/install/chomp_motion_planner:/home/khamrouni/ws_moveit/install/moveit_core:/home/khamrouni/ws_moveit/install/srdfdom:/home/khamrouni/ws_moveit/install/rviz_marker_tools:/home/khamrouni/ws_moveit/install/rosparam_shortcuts:/home/khamrouni/ws_moveit/install/moveit_task_constructor_msgs:/home/khamrouni/ws_moveit/install/moveit_resources_prbt_support:/home/khamrouni/ws_moveit/install/moveit_resources:/home/khamrouni/ws_moveit/install/moveit_resources_pr2_description:/home/khamrouni/ws_moveit/install/moveit_resources_panda_moveit_config:/home/khamrouni/ws_moveit/install/moveit_resources_panda_description:/home/khamrouni/ws_moveit/install/moveit_resources_fanuc_moveit_config:/home/khamrouni/ws_moveit/install/moveit_resources_fanuc_description:/home/khamrouni/ws_moveit/install/moveit_common:/home/khamrouni/robot_ws/install/iiwa_description:/home/khamrouni/ros2_ws/install/polygon_base:/home/khamrouni/ros2_ws/install/iiwa_bringup:/home/khamrouni/ros2_ws/install/iiwa_description:/home/khamrouni/ros2_ws/install/examples_rclcpp_minimal_action_client:/home/khamrouni/ros2_ws/install/examples_rclcpp_cbg_executor:/home/khamrouni/ros2_ws/install/examples_rclcpp_async_client:/home/khamrouni/ros2_ws/install/cpp_parameters:/home/khamrouni/ws_moveit/install/moveit_configs_utils:/home/khamrouni/ws_moveit/install/launch_param_builder:/opt/ros/humble LD_LIBRARY_PATH=/home/khamrouni/lbr-stack/src/lbr_fri_ros2_stack/install/lbr_fri_ros2/lib:${LD_LIBRARY_PATH} /usr/bin/cmake --install /home/khamrouni/lbr-stack/src/lbr_fri_ros2_stack/build/lbr_demos_advanced_cpp
[2.900s] Level 1:colcon.colcon_core.environment:checking '/home/khamrouni/lbr-stack/src/lbr_fri_ros2_stack/install/lbr_demos_advanced_cpp' for CMake config files
[2.901s] Level 1:colcon.colcon_core.shell:create_environment_hook('lbr_demos_advanced_cpp', 'cmake_prefix_path')
[2.902s] INFO:colcon.colcon_core.shell:Creating environment hook '/home/khamrouni/lbr-stack/src/lbr_fri_ros2_stack/install/lbr_demos_advanced_cpp/share/lbr_demos_advanced_cpp/hook/cmake_prefix_path.ps1'
[2.903s] INFO:colcon.colcon_core.shell:Creating environment descriptor '/home/khamrouni/lbr-stack/src/lbr_fri_ros2_stack/install/lbr_demos_advanced_cpp/share/lbr_demos_advanced_cpp/hook/cmake_prefix_path.dsv'
[2.904s] INFO:colcon.colcon_core.shell:Creating environment hook '/home/khamrouni/lbr-stack/src/lbr_fri_ros2_stack/install/lbr_demos_advanced_cpp/share/lbr_demos_advanced_cpp/hook/cmake_prefix_path.sh'
[2.905s] Level 1:colcon.colcon_core.environment:checking '/home/khamrouni/lbr-stack/src/lbr_fri_ros2_stack/install/lbr_demos_advanced_cpp/lib'
[2.905s] Level 1:colcon.colcon_core.shell:create_environment_hook('lbr_demos_advanced_cpp', 'ld_library_path_lib')
[2.906s] INFO:colcon.colcon_core.shell:Creating environment hook '/home/khamrouni/lbr-stack/src/lbr_fri_ros2_stack/install/lbr_demos_advanced_cpp/share/lbr_demos_advanced_cpp/hook/ld_library_path_lib.ps1'
[2.907s] INFO:colcon.colcon_core.shell:Creating environment descriptor '/home/khamrouni/lbr-stack/src/lbr_fri_ros2_stack/install/lbr_demos_advanced_cpp/share/lbr_demos_advanced_cpp/hook/ld_library_path_lib.dsv'
[2.908s] INFO:colcon.colcon_core.shell:Creating environment hook '/home/khamrouni/lbr-stack/src/lbr_fri_ros2_stack/install/lbr_demos_advanced_cpp/share/lbr_demos_advanced_cpp/hook/ld_library_path_lib.sh'
[2.909s] Level 1:colcon.colcon_core.environment:checking '/home/khamrouni/lbr-stack/src/lbr_fri_ros2_stack/install/lbr_demos_advanced_cpp/bin'
[2.909s] Level 1:colcon.colcon_core.environment:checking '/home/khamrouni/lbr-stack/src/lbr_fri_ros2_stack/install/lbr_demos_advanced_cpp/lib/pkgconfig/lbr_demos_advanced_cpp.pc'
[2.909s] Level 1:colcon.colcon_core.environment:checking '/home/khamrouni/lbr-stack/src/lbr_fri_ros2_stack/install/lbr_demos_advanced_cpp/lib/python3.10/site-packages'
[2.910s] Level 1:colcon.colcon_core.environment:checking '/home/khamrouni/lbr-stack/src/lbr_fri_ros2_stack/install/lbr_demos_advanced_cpp/bin'
[2.911s] INFO:colcon.colcon_core.shell:Creating package script '/home/khamrouni/lbr-stack/src/lbr_fri_ros2_stack/install/lbr_demos_advanced_cpp/share/lbr_demos_advanced_cpp/package.ps1'
[2.912s] INFO:colcon.colcon_core.shell:Creating package descriptor '/home/khamrouni/lbr-stack/src/lbr_fri_ros2_stack/install/lbr_demos_advanced_cpp/share/lbr_demos_advanced_cpp/package.dsv'
[2.914s] INFO:colcon.colcon_core.shell:Creating package script '/home/khamrouni/lbr-stack/src/lbr_fri_ros2_stack/install/lbr_demos_advanced_cpp/share/lbr_demos_advanced_cpp/package.sh'
[2.915s] INFO:colcon.colcon_core.shell:Creating package script '/home/khamrouni/lbr-stack/src/lbr_fri_ros2_stack/install/lbr_demos_advanced_cpp/share/lbr_demos_advanced_cpp/package.bash'
[2.916s] INFO:colcon.colcon_core.shell:Creating package script '/home/khamrouni/lbr-stack/src/lbr_fri_ros2_stack/install/lbr_demos_advanced_cpp/share/lbr_demos_advanced_cpp/package.zsh'
[2.917s] Level 1:colcon.colcon_core.environment:create_file_with_runtime_dependencies(/home/khamrouni/lbr-stack/src/lbr_fri_ros2_stack/install/lbr_demos_advanced_cpp/share/colcon-core/packages/lbr_demos_advanced_cpp)
[2.918s] Level 1:colcon.colcon_core.environment:create_environment_scripts_only(lbr_demos_advanced_cpp)
[2.919s] Level 1:colcon.colcon_core.environment:checking '/home/khamrouni/lbr-stack/src/lbr_fri_ros2_stack/install/lbr_demos_advanced_cpp' for CMake module files
[2.920s] Level 1:colcon.colcon_core.environment:checking '/home/khamrouni/lbr-stack/src/lbr_fri_ros2_stack/install/lbr_demos_advanced_cpp' for CMake config files
[2.921s] Level 1:colcon.colcon_core.shell:create_environment_hook('lbr_demos_advanced_cpp', 'cmake_prefix_path')
[2.922s] INFO:colcon.colcon_core.shell:Creating environment hook '/home/khamrouni/lbr-stack/src/lbr_fri_ros2_stack/install/lbr_demos_advanced_cpp/share/lbr_demos_advanced_cpp/hook/cmake_prefix_path.ps1'
[2.923s] INFO:colcon.colcon_core.shell:Creating environment descriptor '/home/khamrouni/lbr-stack/src/lbr_fri_ros2_stack/install/lbr_demos_advanced_cpp/share/lbr_demos_advanced_cpp/hook/cmake_prefix_path.dsv'
[2.924s] INFO:colcon.colcon_core.shell:Creating environment hook '/home/khamrouni/lbr-stack/src/lbr_fri_ros2_stack/install/lbr_demos_advanced_cpp/share/lbr_demos_advanced_cpp/hook/cmake_prefix_path.sh'
[2.925s] Level 1:colcon.colcon_core.environment:checking '/home/khamrouni/lbr-stack/src/lbr_fri_ros2_stack/install/lbr_demos_advanced_cpp/lib'
[2.925s] Level 1:colcon.colcon_core.shell:create_environment_hook('lbr_demos_advanced_cpp', 'ld_library_path_lib')
[2.926s] INFO:colcon.colcon_core.shell:Creating environment hook '/home/khamrouni/lbr-stack/src/lbr_fri_ros2_stack/install/lbr_demos_advanced_cpp/share/lbr_demos_advanced_cpp/hook/ld_library_path_lib.ps1'
[2.927s] INFO:colcon.colcon_core.shell:Creating environment descriptor '/home/khamrouni/lbr-stack/src/lbr_fri_ros2_stack/install/lbr_demos_advanced_cpp/share/lbr_demos_advanced_cpp/hook/ld_library_path_lib.dsv'
[2.927s] INFO:colcon.colcon_core.shell:Creating environment hook '/home/khamrouni/lbr-stack/src/lbr_fri_ros2_stack/install/lbr_demos_advanced_cpp/share/lbr_demos_advanced_cpp/hook/ld_library_path_lib.sh'
[2.928s] Level 1:colcon.colcon_core.environment:checking '/home/khamrouni/lbr-stack/src/lbr_fri_ros2_stack/install/lbr_demos_advanced_cpp/bin'
[2.929s] Level 1:colcon.colcon_core.environment:checking '/home/khamrouni/lbr-stack/src/lbr_fri_ros2_stack/install/lbr_demos_advanced_cpp/lib/pkgconfig/lbr_demos_advanced_cpp.pc'
[2.929s] Level 1:colcon.colcon_core.environment:checking '/home/khamrouni/lbr-stack/src/lbr_fri_ros2_stack/install/lbr_demos_advanced_cpp/lib/python3.10/site-packages'
[2.930s] Level 1:colcon.colcon_core.environment:checking '/home/khamrouni/lbr-stack/src/lbr_fri_ros2_stack/install/lbr_demos_advanced_cpp/bin'
[2.931s] INFO:colcon.colcon_core.shell:Creating package script '/home/khamrouni/lbr-stack/src/lbr_fri_ros2_stack/install/lbr_demos_advanced_cpp/share/lbr_demos_advanced_cpp/package.ps1'
[2.932s] INFO:colcon.colcon_core.shell:Creating package descriptor '/home/khamrouni/lbr-stack/src/lbr_fri_ros2_stack/install/lbr_demos_advanced_cpp/share/lbr_demos_advanced_cpp/package.dsv'
[2.934s] INFO:colcon.colcon_core.shell:Creating package script '/home/khamrouni/lbr-stack/src/lbr_fri_ros2_stack/install/lbr_demos_advanced_cpp/share/lbr_demos_advanced_cpp/package.sh'
[2.935s] INFO:colcon.colcon_core.shell:Creating package script '/home/khamrouni/lbr-stack/src/lbr_fri_ros2_stack/install/lbr_demos_advanced_cpp/share/lbr_demos_advanced_cpp/package.bash'
[2.936s] INFO:colcon.colcon_core.shell:Creating package script '/home/khamrouni/lbr-stack/src/lbr_fri_ros2_stack/install/lbr_demos_advanced_cpp/share/lbr_demos_advanced_cpp/package.zsh'
[2.937s] Level 1:colcon.colcon_core.environment:create_file_with_runtime_dependencies(/home/khamrouni/lbr-stack/src/lbr_fri_ros2_stack/install/lbr_demos_advanced_cpp/share/colcon-core/packages/lbr_demos_advanced_cpp)
[2.946s] DEBUG:colcon.colcon_core.event_handler.log_command:Invoking command in '/home/khamrouni/lbr-stack/src/lbr_fri_ros2_stack/build/lbr_bringup': AMENT_PREFIX_PATH=/home/khamrouni/lbr-stack/src/lbr_fri_ros2_stack/install/lbr_ros2_control:/home/khamrouni/lbr-stack/src/lbr_fri_ros2_stack/install/lbr_fri_ros2:/home/khamrouni/lbr-stack/src/lbr_fri_ros2_stack/install/lbr_description:${AMENT_PREFIX_PATH} CMAKE_PREFIX_PATH=/home/khamrouni/lbr-stack/src/lbr_fri_ros2_stack/install/lbr_ros2_control:/home/khamrouni/lbr-stack/src/lbr_fri_ros2_stack/install/lbr_fri_ros2:/home/khamrouni/lbr-stack/src/lbr_fri_ros2_stack/install/lbr_description:/home/khamrouni/ws_moveit/install/pilz_industrial_motion_planner_testutils:/home/khamrouni/ws_moveit/install/moveit_runtime:/home/khamrouni/ws_moveit/install/moveit2_tutorials:/home/khamrouni/ws_moveit/install/moveit:/home/khamrouni/ws_moveit/install/moveit_planners:/home/khamrouni/ws_moveit/install/pilz_industrial_motion_planner:/home/khamrouni/ws_moveit/install/moveit_visual_tools:/home/khamrouni/ws_moveit/install/moveit_task_constructor_visualization:/home/khamrouni/ws_moveit/install/moveit_task_constructor_demo:/home/khamrouni/ws_moveit/install/moveit_task_constructor_capabilities:/home/khamrouni/ws_moveit/install/moveit_task_constructor_core:/home/khamrouni/ws_moveit/install/moveit_ros_control_interface:/home/khamrouni/ws_moveit/install/moveit_plugins:/home/khamrouni/ws_moveit/install/moveit_simple_controller_manager:/home/khamrouni/ws_moveit/install/moveit_setup_assistant:/home/khamrouni/ws_moveit/install/moveit_setup_srdf_plugins:/home/khamrouni/ws_moveit/install/moveit_setup_core_plugins:/home/khamrouni/ws_moveit/install/moveit_setup_controllers:/home/khamrouni/ws_moveit/install/moveit_setup_app_plugins:/home/khamrouni/ws_moveit/install/moveit_setup_framework:/home/khamrouni/ws_moveit/install/moveit_servo:/home/khamrouni/ws_moveit/install/moveit_ros:/home/khamrouni/ws_moveit/install/moveit_ros_visualization:/home/khamrouni/ws_moveit/install/moveit_hybrid_planning:/home/khamrouni/ws_moveit/install/move_program:/home/khamrouni/ws_moveit/install/hello_moveit:/home/khamrouni/ws_moveit/install/moveit_ros_planning_interface:/home/khamrouni/ws_moveit/install/moveit_ros_benchmarks:/home/khamrouni/ws_moveit/install/moveit_ros_warehouse:/home/khamrouni/ws_moveit/install/moveit_ros_robot_interaction:/home/khamrouni/ws_moveit/install/moveit_ros_perception:/home/khamrouni/ws_moveit/install/moveit_resources_prbt_pg70_support:/home/khamrouni/ws_moveit/install/moveit_resources_prbt_moveit_config:/home/khamrouni/ws_moveit/install/moveit_ros_move_group:/home/khamrouni/ws_moveit/install/moveit_planners_ompl:/home/khamrouni/ws_moveit/install/moveit_ros_planning:/home/khamrouni/ws_moveit/install/moveit_ros_occupancy_map_monitor:/home/khamrouni/ws_moveit/install/moveit_resources_prbt_ikfast_manipulator_plugin:/home/khamrouni/ws_moveit/install/moveit_planners_chomp:/home/khamrouni/ws_moveit/install/moveit_kinematics:/home/khamrouni/ws_moveit/install/moveit_chomp_optimizer_adapter:/home/khamrouni/ws_moveit/install/chomp_motion_planner:/home/khamrouni/ws_moveit/install/moveit_core:/home/khamrouni/ws_moveit/install/srdfdom:/home/khamrouni/ws_moveit/install/rviz_marker_tools:/home/khamrouni/ws_moveit/install/rosparam_shortcuts:/home/khamrouni/ws_moveit/install/moveit_task_constructor_msgs:/home/khamrouni/ws_moveit/install/moveit_resources_prbt_support:/home/khamrouni/ws_moveit/install/moveit_resources:/home/khamrouni/ws_moveit/install/moveit_resources_pr2_description:/home/khamrouni/ws_moveit/install/moveit_resources_panda_moveit_config:/home/khamrouni/ws_moveit/install/moveit_resources_panda_description:/home/khamrouni/ws_moveit/install/moveit_resources_fanuc_moveit_config:/home/khamrouni/ws_moveit/install/moveit_resources_fanuc_description:/home/khamrouni/ws_moveit/install/moveit_common:/home/khamrouni/robot_ws/install/iiwa_description:/home/khamrouni/ros2_ws/install/polygon_base:/home/khamrouni/ros2_ws/install/iiwa_bringup:/home/khamrouni/ros2_ws/install/iiwa_description:/home/khamrouni/ros2_ws/install/examples_rclcpp_minimal_action_client:/home/khamrouni/ros2_ws/install/examples_rclcpp_cbg_executor:/home/khamrouni/ros2_ws/install/examples_rclcpp_async_client:/home/khamrouni/ros2_ws/install/cpp_parameters:/home/khamrouni/ws_moveit/install/moveit_configs_utils:/home/khamrouni/ws_moveit/install/launch_param_builder:/opt/ros/humble LD_LIBRARY_PATH=/home/khamrouni/lbr-stack/src/lbr_fri_ros2_stack/install/lbr_ros2_control/lib:/home/khamrouni/lbr-stack/src/lbr_fri_ros2_stack/install/lbr_fri_ros2/lib:${LD_LIBRARY_PATH} /usr/bin/cmake --build /home/khamrouni/lbr-stack/src/lbr_fri_ros2_stack/build/lbr_bringup -- -j8 -l8
[3.477s] Level 1:colcon.colcon_core.environment:checking '/home/khamrouni/lbr-stack/src/lbr_fri_ros2_stack/install/lbr_moveit' for CMake module files
[3.478s] DEBUG:colcon.colcon_core.event_handler.log_command:Invoked command in '/home/khamrouni/lbr-stack/src/lbr_fri_ros2_stack/lbr_demos/lbr_moveit' returned '0': PYTHONPATH=/home/khamrouni/lbr-stack/src/lbr_fri_ros2_stack/build/lbr_moveit/prefix_override:/usr/lib/python3/dist-packages/colcon_core/task/python/colcon_distutils_commands:/home/khamrouni/lbr-stack/src/lbr_fri_ros2_stack/install/lbr_moveit/lib/python3.10/site-packages:${PYTHONPATH} /usr/bin/python3 -W ignore:setup.py install is deprecated -W ignore:easy_install command is deprecated setup.py egg_info --egg-base ../../build/lbr_moveit build --build-base /home/khamrouni/lbr-stack/src/lbr_fri_ros2_stack/build/lbr_moveit/build install --record /home/khamrouni/lbr-stack/src/lbr_fri_ros2_stack/build/lbr_moveit/install.log --single-version-externally-managed install_data
[3.479s] Level 1:colcon.colcon_core.environment:checking '/home/khamrouni/lbr-stack/src/lbr_fri_ros2_stack/install/lbr_moveit' for CMake config files
[3.480s] Level 1:colcon.colcon_core.environment:checking '/home/khamrouni/lbr-stack/src/lbr_fri_ros2_stack/install/lbr_moveit/lib'
[3.481s] Level 1:colcon.colcon_core.environment:checking '/home/khamrouni/lbr-stack/src/lbr_fri_ros2_stack/install/lbr_moveit/bin'
[3.481s] Level 1:colcon.colcon_core.environment:checking '/home/khamrouni/lbr-stack/src/lbr_fri_ros2_stack/install/lbr_moveit/lib/pkgconfig/lbr_moveit.pc'
[3.482s] Level 1:colcon.colcon_core.environment:checking '/home/khamrouni/lbr-stack/src/lbr_fri_ros2_stack/install/lbr_moveit/lib/python3.10/site-packages'
[3.482s] Level 1:colcon.colcon_core.shell:create_environment_hook('lbr_moveit', 'pythonpath')
[3.482s] INFO:colcon.colcon_core.shell:Creating environment hook '/home/khamrouni/lbr-stack/src/lbr_fri_ros2_stack/install/lbr_moveit/share/lbr_moveit/hook/pythonpath.ps1'
[3.483s] INFO:colcon.colcon_core.shell:Creating environment descriptor '/home/khamrouni/lbr-stack/src/lbr_fri_ros2_stack/install/lbr_moveit/share/lbr_moveit/hook/pythonpath.dsv'
[3.484s] INFO:colcon.colcon_core.shell:Creating environment hook '/home/khamrouni/lbr-stack/src/lbr_fri_ros2_stack/install/lbr_moveit/share/lbr_moveit/hook/pythonpath.sh'
[3.486s] Level 1:colcon.colcon_core.environment:checking '/home/khamrouni/lbr-stack/src/lbr_fri_ros2_stack/install/lbr_moveit/bin'
[3.486s] Level 1:colcon.colcon_core.environment:create_environment_scripts_only(lbr_moveit)
[3.487s] INFO:colcon.colcon_core.shell:Creating package script '/home/khamrouni/lbr-stack/src/lbr_fri_ros2_stack/install/lbr_moveit/share/lbr_moveit/package.ps1'
[3.488s] INFO:colcon.colcon_core.shell:Creating package descriptor '/home/khamrouni/lbr-stack/src/lbr_fri_ros2_stack/install/lbr_moveit/share/lbr_moveit/package.dsv'
[3.490s] INFO:colcon.colcon_core.shell:Creating package script '/home/khamrouni/lbr-stack/src/lbr_fri_ros2_stack/install/lbr_moveit/share/lbr_moveit/package.sh'
[3.491s] INFO:colcon.colcon_core.shell:Creating package script '/home/khamrouni/lbr-stack/src/lbr_fri_ros2_stack/install/lbr_moveit/share/lbr_moveit/package.bash'
[3.492s] INFO:colcon.colcon_core.shell:Creating package script '/home/khamrouni/lbr-stack/src/lbr_fri_ros2_stack/install/lbr_moveit/share/lbr_moveit/package.zsh'
[3.492s] Level 1:colcon.colcon_core.environment:create_file_with_runtime_dependencies(/home/khamrouni/lbr-stack/src/lbr_fri_ros2_stack/install/lbr_moveit/share/colcon-core/packages/lbr_moveit)
[3.614s] DEBUG:colcon.colcon_core.event_handler.log_command:Invoking command in '/home/khamrouni/lbr-stack/src/lbr_fri_ros2_stack/lbr_demos/lbr_demos_advanced_py': AMENT_PREFIX_PATH=/home/khamrouni/lbr-stack/src/lbr_fri_ros2_stack/install/lbr_fri_ros2:/home/khamrouni/lbr-stack/src/lbr_fri_ros2_stack/install/lbr_description:${AMENT_PREFIX_PATH} CMAKE_PREFIX_PATH=/home/khamrouni/lbr-stack/src/lbr_fri_ros2_stack/install/lbr_fri_ros2:/home/khamrouni/lbr-stack/src/lbr_fri_ros2_stack/install/lbr_description:${CMAKE_PREFIX_PATH} LD_LIBRARY_PATH=/home/khamrouni/lbr-stack/src/lbr_fri_ros2_stack/install/lbr_fri_ros2/lib:${LD_LIBRARY_PATH} PYTHONPATH=/home/khamrouni/lbr-stack/src/lbr_fri_ros2_stack/build/lbr_demos_advanced_py/prefix_override:/usr/lib/python3/dist-packages/colcon_core/task/python/colcon_distutils_commands:/home/khamrouni/lbr-stack/src/lbr_fri_ros2_stack/install/lbr_demos_advanced_py/lib/python3.10/site-packages:${PYTHONPATH} /usr/bin/python3 -W ignore:setup.py install is deprecated -W ignore:easy_install command is deprecated setup.py egg_info --egg-base ../../build/lbr_demos_advanced_py build --build-base /home/khamrouni/lbr-stack/src/lbr_fri_ros2_stack/build/lbr_demos_advanced_py/build install --record /home/khamrouni/lbr-stack/src/lbr_fri_ros2_stack/build/lbr_demos_advanced_py/install.log --single-version-externally-managed install_data
[3.713s] DEBUG:colcon.colcon_core.event_handler.log_command:Invoked command in '/home/khamrouni/lbr-stack/src/lbr_fri_ros2_stack/build/lbr_bringup' returned '0': AMENT_PREFIX_PATH=/home/khamrouni/lbr-stack/src/lbr_fri_ros2_stack/install/lbr_ros2_control:/home/khamrouni/lbr-stack/src/lbr_fri_ros2_stack/install/lbr_fri_ros2:/home/khamrouni/lbr-stack/src/lbr_fri_ros2_stack/install/lbr_description:${AMENT_PREFIX_PATH} CMAKE_PREFIX_PATH=/home/khamrouni/lbr-stack/src/lbr_fri_ros2_stack/install/lbr_ros2_control:/home/khamrouni/lbr-stack/src/lbr_fri_ros2_stack/install/lbr_fri_ros2:/home/khamrouni/lbr-stack/src/lbr_fri_ros2_stack/install/lbr_description:/home/khamrouni/ws_moveit/install/pilz_industrial_motion_planner_testutils:/home/khamrouni/ws_moveit/install/moveit_runtime:/home/khamrouni/ws_moveit/install/moveit2_tutorials:/home/khamrouni/ws_moveit/install/moveit:/home/khamrouni/ws_moveit/install/moveit_planners:/home/khamrouni/ws_moveit/install/pilz_industrial_motion_planner:/home/khamrouni/ws_moveit/install/moveit_visual_tools:/home/khamrouni/ws_moveit/install/moveit_task_constructor_visualization:/home/khamrouni/ws_moveit/install/moveit_task_constructor_demo:/home/khamrouni/ws_moveit/install/moveit_task_constructor_capabilities:/home/khamrouni/ws_moveit/install/moveit_task_constructor_core:/home/khamrouni/ws_moveit/install/moveit_ros_control_interface:/home/khamrouni/ws_moveit/install/moveit_plugins:/home/khamrouni/ws_moveit/install/moveit_simple_controller_manager:/home/khamrouni/ws_moveit/install/moveit_setup_assistant:/home/khamrouni/ws_moveit/install/moveit_setup_srdf_plugins:/home/khamrouni/ws_moveit/install/moveit_setup_core_plugins:/home/khamrouni/ws_moveit/install/moveit_setup_controllers:/home/khamrouni/ws_moveit/install/moveit_setup_app_plugins:/home/khamrouni/ws_moveit/install/moveit_setup_framework:/home/khamrouni/ws_moveit/install/moveit_servo:/home/khamrouni/ws_moveit/install/moveit_ros:/home/khamrouni/ws_moveit/install/moveit_ros_visualization:/home/khamrouni/ws_moveit/install/moveit_hybrid_planning:/home/khamrouni/ws_moveit/install/move_program:/home/khamrouni/ws_moveit/install/hello_moveit:/home/khamrouni/ws_moveit/install/moveit_ros_planning_interface:/home/khamrouni/ws_moveit/install/moveit_ros_benchmarks:/home/khamrouni/ws_moveit/install/moveit_ros_warehouse:/home/khamrouni/ws_moveit/install/moveit_ros_robot_interaction:/home/khamrouni/ws_moveit/install/moveit_ros_perception:/home/khamrouni/ws_moveit/install/moveit_resources_prbt_pg70_support:/home/khamrouni/ws_moveit/install/moveit_resources_prbt_moveit_config:/home/khamrouni/ws_moveit/install/moveit_ros_move_group:/home/khamrouni/ws_moveit/install/moveit_planners_ompl:/home/khamrouni/ws_moveit/install/moveit_ros_planning:/home/khamrouni/ws_moveit/install/moveit_ros_occupancy_map_monitor:/home/khamrouni/ws_moveit/install/moveit_resources_prbt_ikfast_manipulator_plugin:/home/khamrouni/ws_moveit/install/moveit_planners_chomp:/home/khamrouni/ws_moveit/install/moveit_kinematics:/home/khamrouni/ws_moveit/install/moveit_chomp_optimizer_adapter:/home/khamrouni/ws_moveit/install/chomp_motion_planner:/home/khamrouni/ws_moveit/install/moveit_core:/home/khamrouni/ws_moveit/install/srdfdom:/home/khamrouni/ws_moveit/install/rviz_marker_tools:/home/khamrouni/ws_moveit/install/rosparam_shortcuts:/home/khamrouni/ws_moveit/install/moveit_task_constructor_msgs:/home/khamrouni/ws_moveit/install/moveit_resources_prbt_support:/home/khamrouni/ws_moveit/install/moveit_resources:/home/khamrouni/ws_moveit/install/moveit_resources_pr2_description:/home/khamrouni/ws_moveit/install/moveit_resources_panda_moveit_config:/home/khamrouni/ws_moveit/install/moveit_resources_panda_description:/home/khamrouni/ws_moveit/install/moveit_resources_fanuc_moveit_config:/home/khamrouni/ws_moveit/install/moveit_resources_fanuc_description:/home/khamrouni/ws_moveit/install/moveit_common:/home/khamrouni/robot_ws/install/iiwa_description:/home/khamrouni/ros2_ws/install/polygon_base:/home/khamrouni/ros2_ws/install/iiwa_bringup:/home/khamrouni/ros2_ws/install/iiwa_description:/home/khamrouni/ros2_ws/install/examples_rclcpp_minimal_action_client:/home/khamrouni/ros2_ws/install/examples_rclcpp_cbg_executor:/home/khamrouni/ros2_ws/install/examples_rclcpp_async_client:/home/khamrouni/ros2_ws/install/cpp_parameters:/home/khamrouni/ws_moveit/install/moveit_configs_utils:/home/khamrouni/ws_moveit/install/launch_param_builder:/opt/ros/humble LD_LIBRARY_PATH=/home/khamrouni/lbr-stack/src/lbr_fri_ros2_stack/install/lbr_ros2_control/lib:/home/khamrouni/lbr-stack/src/lbr_fri_ros2_stack/install/lbr_fri_ros2/lib:${LD_LIBRARY_PATH} /usr/bin/cmake --build /home/khamrouni/lbr-stack/src/lbr_fri_ros2_stack/build/lbr_bringup -- -j8 -l8
[3.716s] DEBUG:colcon.colcon_core.event_handler.log_command:Invoking command in '/home/khamrouni/lbr-stack/src/lbr_fri_ros2_stack/build/lbr_bringup': AMENT_PREFIX_PATH=/home/khamrouni/lbr-stack/src/lbr_fri_ros2_stack/install/lbr_ros2_control:/home/khamrouni/lbr-stack/src/lbr_fri_ros2_stack/install/lbr_fri_ros2:/home/khamrouni/lbr-stack/src/lbr_fri_ros2_stack/install/lbr_description:${AMENT_PREFIX_PATH} CMAKE_PREFIX_PATH=/home/khamrouni/lbr-stack/src/lbr_fri_ros2_stack/install/lbr_ros2_control:/home/khamrouni/lbr-stack/src/lbr_fri_ros2_stack/install/lbr_fri_ros2:/home/khamrouni/lbr-stack/src/lbr_fri_ros2_stack/install/lbr_description:/home/khamrouni/ws_moveit/install/pilz_industrial_motion_planner_testutils:/home/khamrouni/ws_moveit/install/moveit_runtime:/home/khamrouni/ws_moveit/install/moveit2_tutorials:/home/khamrouni/ws_moveit/install/moveit:/home/khamrouni/ws_moveit/install/moveit_planners:/home/khamrouni/ws_moveit/install/pilz_industrial_motion_planner:/home/khamrouni/ws_moveit/install/moveit_visual_tools:/home/khamrouni/ws_moveit/install/moveit_task_constructor_visualization:/home/khamrouni/ws_moveit/install/moveit_task_constructor_demo:/home/khamrouni/ws_moveit/install/moveit_task_constructor_capabilities:/home/khamrouni/ws_moveit/install/moveit_task_constructor_core:/home/khamrouni/ws_moveit/install/moveit_ros_control_interface:/home/khamrouni/ws_moveit/install/moveit_plugins:/home/khamrouni/ws_moveit/install/moveit_simple_controller_manager:/home/khamrouni/ws_moveit/install/moveit_setup_assistant:/home/khamrouni/ws_moveit/install/moveit_setup_srdf_plugins:/home/khamrouni/ws_moveit/install/moveit_setup_core_plugins:/home/khamrouni/ws_moveit/install/moveit_setup_controllers:/home/khamrouni/ws_moveit/install/moveit_setup_app_plugins:/home/khamrouni/ws_moveit/install/moveit_setup_framework:/home/khamrouni/ws_moveit/install/moveit_servo:/home/khamrouni/ws_moveit/install/moveit_ros:/home/khamrouni/ws_moveit/install/moveit_ros_visualization:/home/khamrouni/ws_moveit/install/moveit_hybrid_planning:/home/khamrouni/ws_moveit/install/move_program:/home/khamrouni/ws_moveit/install/hello_moveit:/home/khamrouni/ws_moveit/install/moveit_ros_planning_interface:/home/khamrouni/ws_moveit/install/moveit_ros_benchmarks:/home/khamrouni/ws_moveit/install/moveit_ros_warehouse:/home/khamrouni/ws_moveit/install/moveit_ros_robot_interaction:/home/khamrouni/ws_moveit/install/moveit_ros_perception:/home/khamrouni/ws_moveit/install/moveit_resources_prbt_pg70_support:/home/khamrouni/ws_moveit/install/moveit_resources_prbt_moveit_config:/home/khamrouni/ws_moveit/install/moveit_ros_move_group:/home/khamrouni/ws_moveit/install/moveit_planners_ompl:/home/khamrouni/ws_moveit/install/moveit_ros_planning:/home/khamrouni/ws_moveit/install/moveit_ros_occupancy_map_monitor:/home/khamrouni/ws_moveit/install/moveit_resources_prbt_ikfast_manipulator_plugin:/home/khamrouni/ws_moveit/install/moveit_planners_chomp:/home/khamrouni/ws_moveit/install/moveit_kinematics:/home/khamrouni/ws_moveit/install/moveit_chomp_optimizer_adapter:/home/khamrouni/ws_moveit/install/chomp_motion_planner:/home/khamrouni/ws_moveit/install/moveit_core:/home/khamrouni/ws_moveit/install/srdfdom:/home/khamrouni/ws_moveit/install/rviz_marker_tools:/home/khamrouni/ws_moveit/install/rosparam_shortcuts:/home/khamrouni/ws_moveit/install/moveit_task_constructor_msgs:/home/khamrouni/ws_moveit/install/moveit_resources_prbt_support:/home/khamrouni/ws_moveit/install/moveit_resources:/home/khamrouni/ws_moveit/install/moveit_resources_pr2_description:/home/khamrouni/ws_moveit/install/moveit_resources_panda_moveit_config:/home/khamrouni/ws_moveit/install/moveit_resources_panda_description:/home/khamrouni/ws_moveit/install/moveit_resources_fanuc_moveit_config:/home/khamrouni/ws_moveit/install/moveit_resources_fanuc_description:/home/khamrouni/ws_moveit/install/moveit_common:/home/khamrouni/robot_ws/install/iiwa_description:/home/khamrouni/ros2_ws/install/polygon_base:/home/khamrouni/ros2_ws/install/iiwa_bringup:/home/khamrouni/ros2_ws/install/iiwa_description:/home/khamrouni/ros2_ws/install/examples_rclcpp_minimal_action_client:/home/khamrouni/ros2_ws/install/examples_rclcpp_cbg_executor:/home/khamrouni/ros2_ws/install/examples_rclcpp_async_client:/home/khamrouni/ros2_ws/install/cpp_parameters:/home/khamrouni/ws_moveit/install/moveit_configs_utils:/home/khamrouni/ws_moveit/install/launch_param_builder:/opt/ros/humble LD_LIBRARY_PATH=/home/khamrouni/lbr-stack/src/lbr_fri_ros2_stack/install/lbr_ros2_control/lib:/home/khamrouni/lbr-stack/src/lbr_fri_ros2_stack/install/lbr_fri_ros2/lib:${LD_LIBRARY_PATH} /usr/bin/cmake --install /home/khamrouni/lbr-stack/src/lbr_fri_ros2_stack/build/lbr_bringup
[3.810s] Level 1:colcon.colcon_core.environment:create_environment_scripts_only(lbr_bringup)
[3.810s] Level 1:colcon.colcon_core.environment:checking '/home/khamrouni/lbr-stack/src/lbr_fri_ros2_stack/install/lbr_bringup' for CMake module files
[3.812s] DEBUG:colcon.colcon_core.event_handler.log_command:Invoked command in '/home/khamrouni/lbr-stack/src/lbr_fri_ros2_stack/build/lbr_bringup' returned '0': AMENT_PREFIX_PATH=/home/khamrouni/lbr-stack/src/lbr_fri_ros2_stack/install/lbr_ros2_control:/home/khamrouni/lbr-stack/src/lbr_fri_ros2_stack/install/lbr_fri_ros2:/home/khamrouni/lbr-stack/src/lbr_fri_ros2_stack/install/lbr_description:${AMENT_PREFIX_PATH} CMAKE_PREFIX_PATH=/home/khamrouni/lbr-stack/src/lbr_fri_ros2_stack/install/lbr_ros2_control:/home/khamrouni/lbr-stack/src/lbr_fri_ros2_stack/install/lbr_fri_ros2:/home/khamrouni/lbr-stack/src/lbr_fri_ros2_stack/install/lbr_description:/home/khamrouni/ws_moveit/install/pilz_industrial_motion_planner_testutils:/home/khamrouni/ws_moveit/install/moveit_runtime:/home/khamrouni/ws_moveit/install/moveit2_tutorials:/home/khamrouni/ws_moveit/install/moveit:/home/khamrouni/ws_moveit/install/moveit_planners:/home/khamrouni/ws_moveit/install/pilz_industrial_motion_planner:/home/khamrouni/ws_moveit/install/moveit_visual_tools:/home/khamrouni/ws_moveit/install/moveit_task_constructor_visualization:/home/khamrouni/ws_moveit/install/moveit_task_constructor_demo:/home/khamrouni/ws_moveit/install/moveit_task_constructor_capabilities:/home/khamrouni/ws_moveit/install/moveit_task_constructor_core:/home/khamrouni/ws_moveit/install/moveit_ros_control_interface:/home/khamrouni/ws_moveit/install/moveit_plugins:/home/khamrouni/ws_moveit/install/moveit_simple_controller_manager:/home/khamrouni/ws_moveit/install/moveit_setup_assistant:/home/khamrouni/ws_moveit/install/moveit_setup_srdf_plugins:/home/khamrouni/ws_moveit/install/moveit_setup_core_plugins:/home/khamrouni/ws_moveit/install/moveit_setup_controllers:/home/khamrouni/ws_moveit/install/moveit_setup_app_plugins:/home/khamrouni/ws_moveit/install/moveit_setup_framework:/home/khamrouni/ws_moveit/install/moveit_servo:/home/khamrouni/ws_moveit/install/moveit_ros:/home/khamrouni/ws_moveit/install/moveit_ros_visualization:/home/khamrouni/ws_moveit/install/moveit_hybrid_planning:/home/khamrouni/ws_moveit/install/move_program:/home/khamrouni/ws_moveit/install/hello_moveit:/home/khamrouni/ws_moveit/install/moveit_ros_planning_interface:/home/khamrouni/ws_moveit/install/moveit_ros_benchmarks:/home/khamrouni/ws_moveit/install/moveit_ros_warehouse:/home/khamrouni/ws_moveit/install/moveit_ros_robot_interaction:/home/khamrouni/ws_moveit/install/moveit_ros_perception:/home/khamrouni/ws_moveit/install/moveit_resources_prbt_pg70_support:/home/khamrouni/ws_moveit/install/moveit_resources_prbt_moveit_config:/home/khamrouni/ws_moveit/install/moveit_ros_move_group:/home/khamrouni/ws_moveit/install/moveit_planners_ompl:/home/khamrouni/ws_moveit/install/moveit_ros_planning:/home/khamrouni/ws_moveit/install/moveit_ros_occupancy_map_monitor:/home/khamrouni/ws_moveit/install/moveit_resources_prbt_ikfast_manipulator_plugin:/home/khamrouni/ws_moveit/install/moveit_planners_chomp:/home/khamrouni/ws_moveit/install/moveit_kinematics:/home/khamrouni/ws_moveit/install/moveit_chomp_optimizer_adapter:/home/khamrouni/ws_moveit/install/chomp_motion_planner:/home/khamrouni/ws_moveit/install/moveit_core:/home/khamrouni/ws_moveit/install/srdfdom:/home/khamrouni/ws_moveit/install/rviz_marker_tools:/home/khamrouni/ws_moveit/install/rosparam_shortcuts:/home/khamrouni/ws_moveit/install/moveit_task_constructor_msgs:/home/khamrouni/ws_moveit/install/moveit_resources_prbt_support:/home/khamrouni/ws_moveit/install/moveit_resources:/home/khamrouni/ws_moveit/install/moveit_resources_pr2_description:/home/khamrouni/ws_moveit/install/moveit_resources_panda_moveit_config:/home/khamrouni/ws_moveit/install/moveit_resources_panda_description:/home/khamrouni/ws_moveit/install/moveit_resources_fanuc_moveit_config:/home/khamrouni/ws_moveit/install/moveit_resources_fanuc_description:/home/khamrouni/ws_moveit/install/moveit_common:/home/khamrouni/robot_ws/install/iiwa_description:/home/khamrouni/ros2_ws/install/polygon_base:/home/khamrouni/ros2_ws/install/iiwa_bringup:/home/khamrouni/ros2_ws/install/iiwa_description:/home/khamrouni/ros2_ws/install/examples_rclcpp_minimal_action_client:/home/khamrouni/ros2_ws/install/examples_rclcpp_cbg_executor:/home/khamrouni/ros2_ws/install/examples_rclcpp_async_client:/home/khamrouni/ros2_ws/install/cpp_parameters:/home/khamrouni/ws_moveit/install/moveit_configs_utils:/home/khamrouni/ws_moveit/install/launch_param_builder:/opt/ros/humble LD_LIBRARY_PATH=/home/khamrouni/lbr-stack/src/lbr_fri_ros2_stack/install/lbr_ros2_control/lib:/home/khamrouni/lbr-stack/src/lbr_fri_ros2_stack/install/lbr_fri_ros2/lib:${LD_LIBRARY_PATH} /usr/bin/cmake --install /home/khamrouni/lbr-stack/src/lbr_fri_ros2_stack/build/lbr_bringup
[3.812s] Level 1:colcon.colcon_core.environment:checking '/home/khamrouni/lbr-stack/src/lbr_fri_ros2_stack/install/lbr_bringup' for CMake config files
[3.813s] Level 1:colcon.colcon_core.shell:create_environment_hook('lbr_bringup', 'cmake_prefix_path')
[3.813s] INFO:colcon.colcon_core.shell:Creating environment hook '/home/khamrouni/lbr-stack/src/lbr_fri_ros2_stack/install/lbr_bringup/share/lbr_bringup/hook/cmake_prefix_path.ps1'
[3.814s] INFO:colcon.colcon_core.shell:Creating environment descriptor '/home/khamrouni/lbr-stack/src/lbr_fri_ros2_stack/install/lbr_bringup/share/lbr_bringup/hook/cmake_prefix_path.dsv'
[3.814s] INFO:colcon.colcon_core.shell:Creating environment hook '/home/khamrouni/lbr-stack/src/lbr_fri_ros2_stack/install/lbr_bringup/share/lbr_bringup/hook/cmake_prefix_path.sh'
[3.815s] Level 1:colcon.colcon_core.environment:checking '/home/khamrouni/lbr-stack/src/lbr_fri_ros2_stack/install/lbr_bringup/bin'
[3.815s] Level 1:colcon.colcon_core.environment:checking '/home/khamrouni/lbr-stack/src/lbr_fri_ros2_stack/install/lbr_bringup/lib/pkgconfig/lbr_bringup.pc'
[3.816s] Level 1:colcon.colcon_core.environment:checking '/home/khamrouni/lbr-stack/src/lbr_fri_ros2_stack/install/lbr_bringup/lib/python3.10/site-packages'
[3.816s] Level 1:colcon.colcon_core.environment:checking '/home/khamrouni/lbr-stack/src/lbr_fri_ros2_stack/install/lbr_bringup/bin'
[3.817s] INFO:colcon.colcon_core.shell:Creating package script '/home/khamrouni/lbr-stack/src/lbr_fri_ros2_stack/install/lbr_bringup/share/lbr_bringup/package.ps1'
[3.818s] INFO:colcon.colcon_core.shell:Creating package descriptor '/home/khamrouni/lbr-stack/src/lbr_fri_ros2_stack/install/lbr_bringup/share/lbr_bringup/package.dsv'
[3.818s] INFO:colcon.colcon_core.shell:Creating package script '/home/khamrouni/lbr-stack/src/lbr_fri_ros2_stack/install/lbr_bringup/share/lbr_bringup/package.sh'
[3.819s] INFO:colcon.colcon_core.shell:Creating package script '/home/khamrouni/lbr-stack/src/lbr_fri_ros2_stack/install/lbr_bringup/share/lbr_bringup/package.bash'
[3.820s] INFO:colcon.colcon_core.shell:Creating package script '/home/khamrouni/lbr-stack/src/lbr_fri_ros2_stack/install/lbr_bringup/share/lbr_bringup/package.zsh'
[3.820s] Level 1:colcon.colcon_core.environment:create_file_with_runtime_dependencies(/home/khamrouni/lbr-stack/src/lbr_fri_ros2_stack/install/lbr_bringup/share/colcon-core/packages/lbr_bringup)
[3.821s] Level 1:colcon.colcon_core.environment:create_environment_scripts_only(lbr_bringup)
[3.821s] Level 1:colcon.colcon_core.environment:checking '/home/khamrouni/lbr-stack/src/lbr_fri_ros2_stack/install/lbr_bringup' for CMake module files
[3.822s] Level 1:colcon.colcon_core.environment:checking '/home/khamrouni/lbr-stack/src/lbr_fri_ros2_stack/install/lbr_bringup' for CMake config files
[3.823s] Level 1:colcon.colcon_core.shell:create_environment_hook('lbr_bringup', 'cmake_prefix_path')
[3.823s] INFO:colcon.colcon_core.shell:Creating environment hook '/home/khamrouni/lbr-stack/src/lbr_fri_ros2_stack/install/lbr_bringup/share/lbr_bringup/hook/cmake_prefix_path.ps1'
[3.824s] INFO:colcon.colcon_core.shell:Creating environment descriptor '/home/khamrouni/lbr-stack/src/lbr_fri_ros2_stack/install/lbr_bringup/share/lbr_bringup/hook/cmake_prefix_path.dsv'
[3.824s] INFO:colcon.colcon_core.shell:Creating environment hook '/home/khamrouni/lbr-stack/src/lbr_fri_ros2_stack/install/lbr_bringup/share/lbr_bringup/hook/cmake_prefix_path.sh'
[3.825s] Level 1:colcon.colcon_core.environment:checking '/home/khamrouni/lbr-stack/src/lbr_fri_ros2_stack/install/lbr_bringup/bin'
[3.825s] Level 1:colcon.colcon_core.environment:checking '/home/khamrouni/lbr-stack/src/lbr_fri_ros2_stack/install/lbr_bringup/lib/pkgconfig/lbr_bringup.pc'
[3.826s] Level 1:colcon.colcon_core.environment:checking '/home/khamrouni/lbr-stack/src/lbr_fri_ros2_stack/install/lbr_bringup/lib/python3.10/site-packages'
[3.826s] Level 1:colcon.colcon_core.environment:checking '/home/khamrouni/lbr-stack/src/lbr_fri_ros2_stack/install/lbr_bringup/bin'
[3.827s] INFO:colcon.colcon_core.shell:Creating package script '/home/khamrouni/lbr-stack/src/lbr_fri_ros2_stack/install/lbr_bringup/share/lbr_bringup/package.ps1'
[3.827s] INFO:colcon.colcon_core.shell:Creating package descriptor '/home/khamrouni/lbr-stack/src/lbr_fri_ros2_stack/install/lbr_bringup/share/lbr_bringup/package.dsv'
[3.828s] INFO:colcon.colcon_core.shell:Creating package script '/home/khamrouni/lbr-stack/src/lbr_fri_ros2_stack/install/lbr_bringup/share/lbr_bringup/package.sh'
[3.829s] INFO:colcon.colcon_core.shell:Creating package script '/home/khamrouni/lbr-stack/src/lbr_fri_ros2_stack/install/lbr_bringup/share/lbr_bringup/package.bash'
[3.830s] INFO:colcon.colcon_core.shell:Creating package script '/home/khamrouni/lbr-stack/src/lbr_fri_ros2_stack/install/lbr_bringup/share/lbr_bringup/package.zsh'
[3.830s] Level 1:colcon.colcon_core.environment:create_file_with_runtime_dependencies(/home/khamrouni/lbr-stack/src/lbr_fri_ros2_stack/install/lbr_bringup/share/colcon-core/packages/lbr_bringup)
[3.831s] INFO:colcon.colcon_ros.task.ament_cmake.build:Building ROS package in '/home/khamrouni/lbr-stack/src/lbr_fri_ros2_stack/lbr_demos/lbr_demos_cpp' with build type 'ament_cmake'
[3.831s] INFO:colcon.colcon_cmake.task.cmake.build:Building CMake package in '/home/khamrouni/lbr-stack/src/lbr_fri_ros2_stack/lbr_demos/lbr_demos_cpp'
[3.831s] INFO:colcon.colcon_core.shell:Skip shell extension 'powershell' for command environment: Not usable outside of PowerShell
[3.831s] DEBUG:colcon.colcon_core.shell:Skip shell extension 'dsv' for command environment
[3.847s] INFO:colcon.colcon_ros.task.ament_python.build:Building ROS package in '/home/khamrouni/lbr-stack/src/lbr_fri_ros2_stack/lbr_demos/lbr_demos_py' with build type 'ament_python'
[3.847s] Level 1:colcon.colcon_core.shell:create_environment_hook('lbr_demos_py', 'ament_prefix_path')
[3.848s] INFO:colcon.colcon_core.shell:Creating environment hook '/home/khamrouni/lbr-stack/src/lbr_fri_ros2_stack/install/lbr_demos_py/share/lbr_demos_py/hook/ament_prefix_path.ps1'
[3.848s] INFO:colcon.colcon_core.shell:Creating environment descriptor '/home/khamrouni/lbr-stack/src/lbr_fri_ros2_stack/install/lbr_demos_py/share/lbr_demos_py/hook/ament_prefix_path.dsv'
[3.849s] INFO:colcon.colcon_core.shell:Creating environment hook '/home/khamrouni/lbr-stack/src/lbr_fri_ros2_stack/install/lbr_demos_py/share/lbr_demos_py/hook/ament_prefix_path.sh'
[3.850s] INFO:colcon.colcon_core.shell:Skip shell extension 'powershell' for command environment: Not usable outside of PowerShell
[3.850s] DEBUG:colcon.colcon_core.shell:Skip shell extension 'dsv' for command environment
[3.864s] INFO:colcon.colcon_ros.task.ament_cmake.build:Building ROS package in '/home/khamrouni/lbr-stack/src/lbr_fri_ros2_stack/lbr_fri_ros2_stack' with build type 'ament_cmake'
[3.864s] INFO:colcon.colcon_cmake.task.cmake.build:Building CMake package in '/home/khamrouni/lbr-stack/src/lbr_fri_ros2_stack/lbr_fri_ros2_stack'
[3.865s] INFO:colcon.colcon_core.shell:Skip shell extension 'powershell' for command environment: Not usable outside of PowerShell
[3.865s] DEBUG:colcon.colcon_core.shell:Skip shell extension 'dsv' for command environment
[3.888s] DEBUG:colcon.colcon_core.event_handler.log_command:Invoking command in '/home/khamrouni/lbr-stack/src/lbr_fri_ros2_stack/build/lbr_demos_cpp': AMENT_PREFIX_PATH=/home/khamrouni/lbr-stack/src/lbr_fri_ros2_stack/install/lbr_bringup:/home/khamrouni/lbr-stack/src/lbr_fri_ros2_stack/install/lbr_ros2_control:/home/khamrouni/lbr-stack/src/lbr_fri_ros2_stack/install/lbr_fri_ros2:/home/khamrouni/lbr-stack/src/lbr_fri_ros2_stack/install/lbr_description:${AMENT_PREFIX_PATH} CMAKE_PREFIX_PATH=/home/khamrouni/lbr-stack/src/lbr_fri_ros2_stack/install/lbr_bringup:/home/khamrouni/lbr-stack/src/lbr_fri_ros2_stack/install/lbr_ros2_control:/home/khamrouni/lbr-stack/src/lbr_fri_ros2_stack/install/lbr_fri_ros2:/home/khamrouni/lbr-stack/src/lbr_fri_ros2_stack/install/lbr_description:/home/khamrouni/ws_moveit/install/pilz_industrial_motion_planner_testutils:/home/khamrouni/ws_moveit/install/moveit_runtime:/home/khamrouni/ws_moveit/install/moveit2_tutorials:/home/khamrouni/ws_moveit/install/moveit:/home/khamrouni/ws_moveit/install/moveit_planners:/home/khamrouni/ws_moveit/install/pilz_industrial_motion_planner:/home/khamrouni/ws_moveit/install/moveit_visual_tools:/home/khamrouni/ws_moveit/install/moveit_task_constructor_visualization:/home/khamrouni/ws_moveit/install/moveit_task_constructor_demo:/home/khamrouni/ws_moveit/install/moveit_task_constructor_capabilities:/home/khamrouni/ws_moveit/install/moveit_task_constructor_core:/home/khamrouni/ws_moveit/install/moveit_ros_control_interface:/home/khamrouni/ws_moveit/install/moveit_plugins:/home/khamrouni/ws_moveit/install/moveit_simple_controller_manager:/home/khamrouni/ws_moveit/install/moveit_setup_assistant:/home/khamrouni/ws_moveit/install/moveit_setup_srdf_plugins:/home/khamrouni/ws_moveit/install/moveit_setup_core_plugins:/home/khamrouni/ws_moveit/install/moveit_setup_controllers:/home/khamrouni/ws_moveit/install/moveit_setup_app_plugins:/home/khamrouni/ws_moveit/install/moveit_setup_framework:/home/khamrouni/ws_moveit/install/moveit_servo:/home/khamrouni/ws_moveit/install/moveit_ros:/home/khamrouni/ws_moveit/install/moveit_ros_visualization:/home/khamrouni/ws_moveit/install/moveit_hybrid_planning:/home/khamrouni/ws_moveit/install/move_program:/home/khamrouni/ws_moveit/install/hello_moveit:/home/khamrouni/ws_moveit/install/moveit_ros_planning_interface:/home/khamrouni/ws_moveit/install/moveit_ros_benchmarks:/home/khamrouni/ws_moveit/install/moveit_ros_warehouse:/home/khamrouni/ws_moveit/install/moveit_ros_robot_interaction:/home/khamrouni/ws_moveit/install/moveit_ros_perception:/home/khamrouni/ws_moveit/install/moveit_resources_prbt_pg70_support:/home/khamrouni/ws_moveit/install/moveit_resources_prbt_moveit_config:/home/khamrouni/ws_moveit/install/moveit_ros_move_group:/home/khamrouni/ws_moveit/install/moveit_planners_ompl:/home/khamrouni/ws_moveit/install/moveit_ros_planning:/home/khamrouni/ws_moveit/install/moveit_ros_occupancy_map_monitor:/home/khamrouni/ws_moveit/install/moveit_resources_prbt_ikfast_manipulator_plugin:/home/khamrouni/ws_moveit/install/moveit_planners_chomp:/home/khamrouni/ws_moveit/install/moveit_kinematics:/home/khamrouni/ws_moveit/install/moveit_chomp_optimizer_adapter:/home/khamrouni/ws_moveit/install/chomp_motion_planner:/home/khamrouni/ws_moveit/install/moveit_core:/home/khamrouni/ws_moveit/install/srdfdom:/home/khamrouni/ws_moveit/install/rviz_marker_tools:/home/khamrouni/ws_moveit/install/rosparam_shortcuts:/home/khamrouni/ws_moveit/install/moveit_task_constructor_msgs:/home/khamrouni/ws_moveit/install/moveit_resources_prbt_support:/home/khamrouni/ws_moveit/install/moveit_resources:/home/khamrouni/ws_moveit/install/moveit_resources_pr2_description:/home/khamrouni/ws_moveit/install/moveit_resources_panda_moveit_config:/home/khamrouni/ws_moveit/install/moveit_resources_panda_description:/home/khamrouni/ws_moveit/install/moveit_resources_fanuc_moveit_config:/home/khamrouni/ws_moveit/install/moveit_resources_fanuc_description:/home/khamrouni/ws_moveit/install/moveit_common:/home/khamrouni/robot_ws/install/iiwa_description:/home/khamrouni/ros2_ws/install/polygon_base:/home/khamrouni/ros2_ws/install/iiwa_bringup:/home/khamrouni/ros2_ws/install/iiwa_description:/home/khamrouni/ros2_ws/install/examples_rclcpp_minimal_action_client:/home/khamrouni/ros2_ws/install/examples_rclcpp_cbg_executor:/home/khamrouni/ros2_ws/install/examples_rclcpp_async_client:/home/khamrouni/ros2_ws/install/cpp_parameters:/home/khamrouni/ws_moveit/install/moveit_configs_utils:/home/khamrouni/ws_moveit/install/launch_param_builder:/opt/ros/humble LD_LIBRARY_PATH=/home/khamrouni/lbr-stack/src/lbr_fri_ros2_stack/install/lbr_ros2_control/lib:/home/khamrouni/lbr-stack/src/lbr_fri_ros2_stack/install/lbr_fri_ros2/lib:${LD_LIBRARY_PATH} PYTHONPATH=/home/khamrouni/lbr-stack/src/lbr_fri_ros2_stack/install/lbr_bringup/local/lib/python3.10/dist-packages:${PYTHONPATH} /usr/bin/cmake --build /home/khamrouni/lbr-stack/src/lbr_fri_ros2_stack/build/lbr_demos_cpp -- -j8 -l8
[4.448s] INFO:colcon.colcon_core.task.python.build:Building Python package in '/home/khamrouni/lbr-stack/src/lbr_fri_ros2_stack/lbr_demos/lbr_demos_py'
[4.449s] INFO:colcon.colcon_core.shell:Skip shell extension 'powershell' for command environment: Not usable outside of PowerShell
[4.449s] DEBUG:colcon.colcon_core.shell:Skip shell extension 'dsv' for command environment
[4.473s] DEBUG:colcon.colcon_core.event_handler.log_command:Invoking command in '/home/khamrouni/lbr-stack/src/lbr_fri_ros2_stack/build/lbr_fri_ros2_stack': AMENT_PREFIX_PATH=/home/khamrouni/lbr-stack/src/lbr_fri_ros2_stack/install/lbr_bringup:/home/khamrouni/lbr-stack/src/lbr_fri_ros2_stack/install/lbr_ros2_control:/home/khamrouni/lbr-stack/src/lbr_fri_ros2_stack/install/lbr_fri_ros2:/home/khamrouni/lbr-stack/src/lbr_fri_ros2_stack/install/lbr_description:${AMENT_PREFIX_PATH} CMAKE_PREFIX_PATH=/home/khamrouni/lbr-stack/src/lbr_fri_ros2_stack/install/lbr_bringup:/home/khamrouni/lbr-stack/src/lbr_fri_ros2_stack/install/lbr_ros2_control:/home/khamrouni/lbr-stack/src/lbr_fri_ros2_stack/install/lbr_fri_ros2:/home/khamrouni/lbr-stack/src/lbr_fri_ros2_stack/install/lbr_description:/home/khamrouni/ws_moveit/install/pilz_industrial_motion_planner_testutils:/home/khamrouni/ws_moveit/install/moveit_runtime:/home/khamrouni/ws_moveit/install/moveit2_tutorials:/home/khamrouni/ws_moveit/install/moveit:/home/khamrouni/ws_moveit/install/moveit_planners:/home/khamrouni/ws_moveit/install/pilz_industrial_motion_planner:/home/khamrouni/ws_moveit/install/moveit_visual_tools:/home/khamrouni/ws_moveit/install/moveit_task_constructor_visualization:/home/khamrouni/ws_moveit/install/moveit_task_constructor_demo:/home/khamrouni/ws_moveit/install/moveit_task_constructor_capabilities:/home/khamrouni/ws_moveit/install/moveit_task_constructor_core:/home/khamrouni/ws_moveit/install/moveit_ros_control_interface:/home/khamrouni/ws_moveit/install/moveit_plugins:/home/khamrouni/ws_moveit/install/moveit_simple_controller_manager:/home/khamrouni/ws_moveit/install/moveit_setup_assistant:/home/khamrouni/ws_moveit/install/moveit_setup_srdf_plugins:/home/khamrouni/ws_moveit/install/moveit_setup_core_plugins:/home/khamrouni/ws_moveit/install/moveit_setup_controllers:/home/khamrouni/ws_moveit/install/moveit_setup_app_plugins:/home/khamrouni/ws_moveit/install/moveit_setup_framework:/home/khamrouni/ws_moveit/install/moveit_servo:/home/khamrouni/ws_moveit/install/moveit_ros:/home/khamrouni/ws_moveit/install/moveit_ros_visualization:/home/khamrouni/ws_moveit/install/moveit_hybrid_planning:/home/khamrouni/ws_moveit/install/move_program:/home/khamrouni/ws_moveit/install/hello_moveit:/home/khamrouni/ws_moveit/install/moveit_ros_planning_interface:/home/khamrouni/ws_moveit/install/moveit_ros_benchmarks:/home/khamrouni/ws_moveit/install/moveit_ros_warehouse:/home/khamrouni/ws_moveit/install/moveit_ros_robot_interaction:/home/khamrouni/ws_moveit/install/moveit_ros_perception:/home/khamrouni/ws_moveit/install/moveit_resources_prbt_pg70_support:/home/khamrouni/ws_moveit/install/moveit_resources_prbt_moveit_config:/home/khamrouni/ws_moveit/install/moveit_ros_move_group:/home/khamrouni/ws_moveit/install/moveit_planners_ompl:/home/khamrouni/ws_moveit/install/moveit_ros_planning:/home/khamrouni/ws_moveit/install/moveit_ros_occupancy_map_monitor:/home/khamrouni/ws_moveit/install/moveit_resources_prbt_ikfast_manipulator_plugin:/home/khamrouni/ws_moveit/install/moveit_planners_chomp:/home/khamrouni/ws_moveit/install/moveit_kinematics:/home/khamrouni/ws_moveit/install/moveit_chomp_optimizer_adapter:/home/khamrouni/ws_moveit/install/chomp_motion_planner:/home/khamrouni/ws_moveit/install/moveit_core:/home/khamrouni/ws_moveit/install/srdfdom:/home/khamrouni/ws_moveit/install/rviz_marker_tools:/home/khamrouni/ws_moveit/install/rosparam_shortcuts:/home/khamrouni/ws_moveit/install/moveit_task_constructor_msgs:/home/khamrouni/ws_moveit/install/moveit_resources_prbt_support:/home/khamrouni/ws_moveit/install/moveit_resources:/home/khamrouni/ws_moveit/install/moveit_resources_pr2_description:/home/khamrouni/ws_moveit/install/moveit_resources_panda_moveit_config:/home/khamrouni/ws_moveit/install/moveit_resources_panda_description:/home/khamrouni/ws_moveit/install/moveit_resources_fanuc_moveit_config:/home/khamrouni/ws_moveit/install/moveit_resources_fanuc_description:/home/khamrouni/ws_moveit/install/moveit_common:/home/khamrouni/robot_ws/install/iiwa_description:/home/khamrouni/ros2_ws/install/polygon_base:/home/khamrouni/ros2_ws/install/iiwa_bringup:/home/khamrouni/ros2_ws/install/iiwa_description:/home/khamrouni/ros2_ws/install/examples_rclcpp_minimal_action_client:/home/khamrouni/ros2_ws/install/examples_rclcpp_cbg_executor:/home/khamrouni/ros2_ws/install/examples_rclcpp_async_client:/home/khamrouni/ros2_ws/install/cpp_parameters:/home/khamrouni/ws_moveit/install/moveit_configs_utils:/home/khamrouni/ws_moveit/install/launch_param_builder:/opt/ros/humble LD_LIBRARY_PATH=/home/khamrouni/lbr-stack/src/lbr_fri_ros2_stack/install/lbr_ros2_control/lib:/home/khamrouni/lbr-stack/src/lbr_fri_ros2_stack/install/lbr_fri_ros2/lib:${LD_LIBRARY_PATH} PYTHONPATH=/home/khamrouni/lbr-stack/src/lbr_fri_ros2_stack/install/lbr_bringup/local/lib/python3.10/dist-packages:${PYTHONPATH} /usr/bin/cmake --build /home/khamrouni/lbr-stack/src/lbr_fri_ros2_stack/build/lbr_fri_ros2_stack -- -j8 -l8
[4.474s] DEBUG:colcon.colcon_core.event_handler.log_command:Invoked command in '/home/khamrouni/lbr-stack/src/lbr_fri_ros2_stack/build/lbr_demos_cpp' returned '0': AMENT_PREFIX_PATH=/home/khamrouni/lbr-stack/src/lbr_fri_ros2_stack/install/lbr_bringup:/home/khamrouni/lbr-stack/src/lbr_fri_ros2_stack/install/lbr_ros2_control:/home/khamrouni/lbr-stack/src/lbr_fri_ros2_stack/install/lbr_fri_ros2:/home/khamrouni/lbr-stack/src/lbr_fri_ros2_stack/install/lbr_description:${AMENT_PREFIX_PATH} CMAKE_PREFIX_PATH=/home/khamrouni/lbr-stack/src/lbr_fri_ros2_stack/install/lbr_bringup:/home/khamrouni/lbr-stack/src/lbr_fri_ros2_stack/install/lbr_ros2_control:/home/khamrouni/lbr-stack/src/lbr_fri_ros2_stack/install/lbr_fri_ros2:/home/khamrouni/lbr-stack/src/lbr_fri_ros2_stack/install/lbr_description:/home/khamrouni/ws_moveit/install/pilz_industrial_motion_planner_testutils:/home/khamrouni/ws_moveit/install/moveit_runtime:/home/khamrouni/ws_moveit/install/moveit2_tutorials:/home/khamrouni/ws_moveit/install/moveit:/home/khamrouni/ws_moveit/install/moveit_planners:/home/khamrouni/ws_moveit/install/pilz_industrial_motion_planner:/home/khamrouni/ws_moveit/install/moveit_visual_tools:/home/khamrouni/ws_moveit/install/moveit_task_constructor_visualization:/home/khamrouni/ws_moveit/install/moveit_task_constructor_demo:/home/khamrouni/ws_moveit/install/moveit_task_constructor_capabilities:/home/khamrouni/ws_moveit/install/moveit_task_constructor_core:/home/khamrouni/ws_moveit/install/moveit_ros_control_interface:/home/khamrouni/ws_moveit/install/moveit_plugins:/home/khamrouni/ws_moveit/install/moveit_simple_controller_manager:/home/khamrouni/ws_moveit/install/moveit_setup_assistant:/home/khamrouni/ws_moveit/install/moveit_setup_srdf_plugins:/home/khamrouni/ws_moveit/install/moveit_setup_core_plugins:/home/khamrouni/ws_moveit/install/moveit_setup_controllers:/home/khamrouni/ws_moveit/install/moveit_setup_app_plugins:/home/khamrouni/ws_moveit/install/moveit_setup_framework:/home/khamrouni/ws_moveit/install/moveit_servo:/home/khamrouni/ws_moveit/install/moveit_ros:/home/khamrouni/ws_moveit/install/moveit_ros_visualization:/home/khamrouni/ws_moveit/install/moveit_hybrid_planning:/home/khamrouni/ws_moveit/install/move_program:/home/khamrouni/ws_moveit/install/hello_moveit:/home/khamrouni/ws_moveit/install/moveit_ros_planning_interface:/home/khamrouni/ws_moveit/install/moveit_ros_benchmarks:/home/khamrouni/ws_moveit/install/moveit_ros_warehouse:/home/khamrouni/ws_moveit/install/moveit_ros_robot_interaction:/home/khamrouni/ws_moveit/install/moveit_ros_perception:/home/khamrouni/ws_moveit/install/moveit_resources_prbt_pg70_support:/home/khamrouni/ws_moveit/install/moveit_resources_prbt_moveit_config:/home/khamrouni/ws_moveit/install/moveit_ros_move_group:/home/khamrouni/ws_moveit/install/moveit_planners_ompl:/home/khamrouni/ws_moveit/install/moveit_ros_planning:/home/khamrouni/ws_moveit/install/moveit_ros_occupancy_map_monitor:/home/khamrouni/ws_moveit/install/moveit_resources_prbt_ikfast_manipulator_plugin:/home/khamrouni/ws_moveit/install/moveit_planners_chomp:/home/khamrouni/ws_moveit/install/moveit_kinematics:/home/khamrouni/ws_moveit/install/moveit_chomp_optimizer_adapter:/home/khamrouni/ws_moveit/install/chomp_motion_planner:/home/khamrouni/ws_moveit/install/moveit_core:/home/khamrouni/ws_moveit/install/srdfdom:/home/khamrouni/ws_moveit/install/rviz_marker_tools:/home/khamrouni/ws_moveit/install/rosparam_shortcuts:/home/khamrouni/ws_moveit/install/moveit_task_constructor_msgs:/home/khamrouni/ws_moveit/install/moveit_resources_prbt_support:/home/khamrouni/ws_moveit/install/moveit_resources:/home/khamrouni/ws_moveit/install/moveit_resources_pr2_description:/home/khamrouni/ws_moveit/install/moveit_resources_panda_moveit_config:/home/khamrouni/ws_moveit/install/moveit_resources_panda_description:/home/khamrouni/ws_moveit/install/moveit_resources_fanuc_moveit_config:/home/khamrouni/ws_moveit/install/moveit_resources_fanuc_description:/home/khamrouni/ws_moveit/install/moveit_common:/home/khamrouni/robot_ws/install/iiwa_description:/home/khamrouni/ros2_ws/install/polygon_base:/home/khamrouni/ros2_ws/install/iiwa_bringup:/home/khamrouni/ros2_ws/install/iiwa_description:/home/khamrouni/ros2_ws/install/examples_rclcpp_minimal_action_client:/home/khamrouni/ros2_ws/install/examples_rclcpp_cbg_executor:/home/khamrouni/ros2_ws/install/examples_rclcpp_async_client:/home/khamrouni/ros2_ws/install/cpp_parameters:/home/khamrouni/ws_moveit/install/moveit_configs_utils:/home/khamrouni/ws_moveit/install/launch_param_builder:/opt/ros/humble LD_LIBRARY_PATH=/home/khamrouni/lbr-stack/src/lbr_fri_ros2_stack/install/lbr_ros2_control/lib:/home/khamrouni/lbr-stack/src/lbr_fri_ros2_stack/install/lbr_fri_ros2/lib:${LD_LIBRARY_PATH} PYTHONPATH=/home/khamrouni/lbr-stack/src/lbr_fri_ros2_stack/install/lbr_bringup/local/lib/python3.10/dist-packages:${PYTHONPATH} /usr/bin/cmake --build /home/khamrouni/lbr-stack/src/lbr_fri_ros2_stack/build/lbr_demos_cpp -- -j8 -l8
[4.477s] Level 1:colcon.colcon_core.environment:checking '/home/khamrouni/lbr-stack/src/lbr_fri_ros2_stack/install/lbr_demos_advanced_py' for CMake module files
[4.477s] DEBUG:colcon.colcon_core.event_handler.log_command:Invoking command in '/home/khamrouni/lbr-stack/src/lbr_fri_ros2_stack/build/lbr_demos_cpp': AMENT_PREFIX_PATH=/home/khamrouni/lbr-stack/src/lbr_fri_ros2_stack/install/lbr_bringup:/home/khamrouni/lbr-stack/src/lbr_fri_ros2_stack/install/lbr_ros2_control:/home/khamrouni/lbr-stack/src/lbr_fri_ros2_stack/install/lbr_fri_ros2:/home/khamrouni/lbr-stack/src/lbr_fri_ros2_stack/install/lbr_description:${AMENT_PREFIX_PATH} CMAKE_PREFIX_PATH=/home/khamrouni/lbr-stack/src/lbr_fri_ros2_stack/install/lbr_bringup:/home/khamrouni/lbr-stack/src/lbr_fri_ros2_stack/install/lbr_ros2_control:/home/khamrouni/lbr-stack/src/lbr_fri_ros2_stack/install/lbr_fri_ros2:/home/khamrouni/lbr-stack/src/lbr_fri_ros2_stack/install/lbr_description:/home/khamrouni/ws_moveit/install/pilz_industrial_motion_planner_testutils:/home/khamrouni/ws_moveit/install/moveit_runtime:/home/khamrouni/ws_moveit/install/moveit2_tutorials:/home/khamrouni/ws_moveit/install/moveit:/home/khamrouni/ws_moveit/install/moveit_planners:/home/khamrouni/ws_moveit/install/pilz_industrial_motion_planner:/home/khamrouni/ws_moveit/install/moveit_visual_tools:/home/khamrouni/ws_moveit/install/moveit_task_constructor_visualization:/home/khamrouni/ws_moveit/install/moveit_task_constructor_demo:/home/khamrouni/ws_moveit/install/moveit_task_constructor_capabilities:/home/khamrouni/ws_moveit/install/moveit_task_constructor_core:/home/khamrouni/ws_moveit/install/moveit_ros_control_interface:/home/khamrouni/ws_moveit/install/moveit_plugins:/home/khamrouni/ws_moveit/install/moveit_simple_controller_manager:/home/khamrouni/ws_moveit/install/moveit_setup_assistant:/home/khamrouni/ws_moveit/install/moveit_setup_srdf_plugins:/home/khamrouni/ws_moveit/install/moveit_setup_core_plugins:/home/khamrouni/ws_moveit/install/moveit_setup_controllers:/home/khamrouni/ws_moveit/install/moveit_setup_app_plugins:/home/khamrouni/ws_moveit/install/moveit_setup_framework:/home/khamrouni/ws_moveit/install/moveit_servo:/home/khamrouni/ws_moveit/install/moveit_ros:/home/khamrouni/ws_moveit/install/moveit_ros_visualization:/home/khamrouni/ws_moveit/install/moveit_hybrid_planning:/home/khamrouni/ws_moveit/install/move_program:/home/khamrouni/ws_moveit/install/hello_moveit:/home/khamrouni/ws_moveit/install/moveit_ros_planning_interface:/home/khamrouni/ws_moveit/install/moveit_ros_benchmarks:/home/khamrouni/ws_moveit/install/moveit_ros_warehouse:/home/khamrouni/ws_moveit/install/moveit_ros_robot_interaction:/home/khamrouni/ws_moveit/install/moveit_ros_perception:/home/khamrouni/ws_moveit/install/moveit_resources_prbt_pg70_support:/home/khamrouni/ws_moveit/install/moveit_resources_prbt_moveit_config:/home/khamrouni/ws_moveit/install/moveit_ros_move_group:/home/khamrouni/ws_moveit/install/moveit_planners_ompl:/home/khamrouni/ws_moveit/install/moveit_ros_planning:/home/khamrouni/ws_moveit/install/moveit_ros_occupancy_map_monitor:/home/khamrouni/ws_moveit/install/moveit_resources_prbt_ikfast_manipulator_plugin:/home/khamrouni/ws_moveit/install/moveit_planners_chomp:/home/khamrouni/ws_moveit/install/moveit_kinematics:/home/khamrouni/ws_moveit/install/moveit_chomp_optimizer_adapter:/home/khamrouni/ws_moveit/install/chomp_motion_planner:/home/khamrouni/ws_moveit/install/moveit_core:/home/khamrouni/ws_moveit/install/srdfdom:/home/khamrouni/ws_moveit/install/rviz_marker_tools:/home/khamrouni/ws_moveit/install/rosparam_shortcuts:/home/khamrouni/ws_moveit/install/moveit_task_constructor_msgs:/home/khamrouni/ws_moveit/install/moveit_resources_prbt_support:/home/khamrouni/ws_moveit/install/moveit_resources:/home/khamrouni/ws_moveit/install/moveit_resources_pr2_description:/home/khamrouni/ws_moveit/install/moveit_resources_panda_moveit_config:/home/khamrouni/ws_moveit/install/moveit_resources_panda_description:/home/khamrouni/ws_moveit/install/moveit_resources_fanuc_moveit_config:/home/khamrouni/ws_moveit/install/moveit_resources_fanuc_description:/home/khamrouni/ws_moveit/install/moveit_common:/home/khamrouni/robot_ws/install/iiwa_description:/home/khamrouni/ros2_ws/install/polygon_base:/home/khamrouni/ros2_ws/install/iiwa_bringup:/home/khamrouni/ros2_ws/install/iiwa_description:/home/khamrouni/ros2_ws/install/examples_rclcpp_minimal_action_client:/home/khamrouni/ros2_ws/install/examples_rclcpp_cbg_executor:/home/khamrouni/ros2_ws/install/examples_rclcpp_async_client:/home/khamrouni/ros2_ws/install/cpp_parameters:/home/khamrouni/ws_moveit/install/moveit_configs_utils:/home/khamrouni/ws_moveit/install/launch_param_builder:/opt/ros/humble LD_LIBRARY_PATH=/home/khamrouni/lbr-stack/src/lbr_fri_ros2_stack/install/lbr_ros2_control/lib:/home/khamrouni/lbr-stack/src/lbr_fri_ros2_stack/install/lbr_fri_ros2/lib:${LD_LIBRARY_PATH} PYTHONPATH=/home/khamrouni/lbr-stack/src/lbr_fri_ros2_stack/install/lbr_bringup/local/lib/python3.10/dist-packages:${PYTHONPATH} /usr/bin/cmake --install /home/khamrouni/lbr-stack/src/lbr_fri_ros2_stack/build/lbr_demos_cpp
[4.479s] DEBUG:colcon.colcon_core.event_handler.log_command:Invoked command in '/home/khamrouni/lbr-stack/src/lbr_fri_ros2_stack/lbr_demos/lbr_demos_advanced_py' returned '0': AMENT_PREFIX_PATH=/home/khamrouni/lbr-stack/src/lbr_fri_ros2_stack/install/lbr_fri_ros2:/home/khamrouni/lbr-stack/src/lbr_fri_ros2_stack/install/lbr_description:${AMENT_PREFIX_PATH} CMAKE_PREFIX_PATH=/home/khamrouni/lbr-stack/src/lbr_fri_ros2_stack/install/lbr_fri_ros2:/home/khamrouni/lbr-stack/src/lbr_fri_ros2_stack/install/lbr_description:${CMAKE_PREFIX_PATH} LD_LIBRARY_PATH=/home/khamrouni/lbr-stack/src/lbr_fri_ros2_stack/install/lbr_fri_ros2/lib:${LD_LIBRARY_PATH} PYTHONPATH=/home/khamrouni/lbr-stack/src/lbr_fri_ros2_stack/build/lbr_demos_advanced_py/prefix_override:/usr/lib/python3/dist-packages/colcon_core/task/python/colcon_distutils_commands:/home/khamrouni/lbr-stack/src/lbr_fri_ros2_stack/install/lbr_demos_advanced_py/lib/python3.10/site-packages:${PYTHONPATH} /usr/bin/python3 -W ignore:setup.py install is deprecated -W ignore:easy_install command is deprecated setup.py egg_info --egg-base ../../build/lbr_demos_advanced_py build --build-base /home/khamrouni/lbr-stack/src/lbr_fri_ros2_stack/build/lbr_demos_advanced_py/build install --record /home/khamrouni/lbr-stack/src/lbr_fri_ros2_stack/build/lbr_demos_advanced_py/install.log --single-version-externally-managed install_data
[4.480s] Level 1:colcon.colcon_core.environment:checking '/home/khamrouni/lbr-stack/src/lbr_fri_ros2_stack/install/lbr_demos_advanced_py' for CMake config files
[4.481s] Level 1:colcon.colcon_core.environment:checking '/home/khamrouni/lbr-stack/src/lbr_fri_ros2_stack/install/lbr_demos_advanced_py/lib'
[4.481s] Level 1:colcon.colcon_core.environment:checking '/home/khamrouni/lbr-stack/src/lbr_fri_ros2_stack/install/lbr_demos_advanced_py/bin'
[4.481s] Level 1:colcon.colcon_core.environment:checking '/home/khamrouni/lbr-stack/src/lbr_fri_ros2_stack/install/lbr_demos_advanced_py/lib/pkgconfig/lbr_demos_advanced_py.pc'
[4.482s] Level 1:colcon.colcon_core.environment:checking '/home/khamrouni/lbr-stack/src/lbr_fri_ros2_stack/install/lbr_demos_advanced_py/lib/python3.10/site-packages'
[4.482s] Level 1:colcon.colcon_core.shell:create_environment_hook('lbr_demos_advanced_py', 'pythonpath')
[4.483s] INFO:colcon.colcon_core.shell:Creating environment hook '/home/khamrouni/lbr-stack/src/lbr_fri_ros2_stack/install/lbr_demos_advanced_py/share/lbr_demos_advanced_py/hook/pythonpath.ps1'
[4.484s] INFO:colcon.colcon_core.shell:Creating environment descriptor '/home/khamrouni/lbr-stack/src/lbr_fri_ros2_stack/install/lbr_demos_advanced_py/share/lbr_demos_advanced_py/hook/pythonpath.dsv'
[4.485s] INFO:colcon.colcon_core.shell:Creating environment hook '/home/khamrouni/lbr-stack/src/lbr_fri_ros2_stack/install/lbr_demos_advanced_py/share/lbr_demos_advanced_py/hook/pythonpath.sh'
[4.486s] Level 1:colcon.colcon_core.environment:checking '/home/khamrouni/lbr-stack/src/lbr_fri_ros2_stack/install/lbr_demos_advanced_py/bin'
[4.487s] Level 1:colcon.colcon_core.environment:create_environment_scripts_only(lbr_demos_advanced_py)
[4.488s] INFO:colcon.colcon_core.shell:Creating package script '/home/khamrouni/lbr-stack/src/lbr_fri_ros2_stack/install/lbr_demos_advanced_py/share/lbr_demos_advanced_py/package.ps1'
[4.489s] INFO:colcon.colcon_core.shell:Creating package descriptor '/home/khamrouni/lbr-stack/src/lbr_fri_ros2_stack/install/lbr_demos_advanced_py/share/lbr_demos_advanced_py/package.dsv'
[4.490s] INFO:colcon.colcon_core.shell:Creating package script '/home/khamrouni/lbr-stack/src/lbr_fri_ros2_stack/install/lbr_demos_advanced_py/share/lbr_demos_advanced_py/package.sh'
[4.491s] INFO:colcon.colcon_core.shell:Creating package script '/home/khamrouni/lbr-stack/src/lbr_fri_ros2_stack/install/lbr_demos_advanced_py/share/lbr_demos_advanced_py/package.bash'
[4.492s] INFO:colcon.colcon_core.shell:Creating package script '/home/khamrouni/lbr-stack/src/lbr_fri_ros2_stack/install/lbr_demos_advanced_py/share/lbr_demos_advanced_py/package.zsh'
[4.492s] Level 1:colcon.colcon_core.environment:create_file_with_runtime_dependencies(/home/khamrouni/lbr-stack/src/lbr_fri_ros2_stack/install/lbr_demos_advanced_py/share/colcon-core/packages/lbr_demos_advanced_py)
[4.503s] Level 1:colcon.colcon_core.environment:create_environment_scripts_only(lbr_demos_cpp)
[4.504s] Level 1:colcon.colcon_core.environment:checking '/home/khamrouni/lbr-stack/src/lbr_fri_ros2_stack/install/lbr_demos_cpp' for CMake module files
[4.505s] DEBUG:colcon.colcon_core.event_handler.log_command:Invoked command in '/home/khamrouni/lbr-stack/src/lbr_fri_ros2_stack/build/lbr_demos_cpp' returned '0': AMENT_PREFIX_PATH=/home/khamrouni/lbr-stack/src/lbr_fri_ros2_stack/install/lbr_bringup:/home/khamrouni/lbr-stack/src/lbr_fri_ros2_stack/install/lbr_ros2_control:/home/khamrouni/lbr-stack/src/lbr_fri_ros2_stack/install/lbr_fri_ros2:/home/khamrouni/lbr-stack/src/lbr_fri_ros2_stack/install/lbr_description:${AMENT_PREFIX_PATH} CMAKE_PREFIX_PATH=/home/khamrouni/lbr-stack/src/lbr_fri_ros2_stack/install/lbr_bringup:/home/khamrouni/lbr-stack/src/lbr_fri_ros2_stack/install/lbr_ros2_control:/home/khamrouni/lbr-stack/src/lbr_fri_ros2_stack/install/lbr_fri_ros2:/home/khamrouni/lbr-stack/src/lbr_fri_ros2_stack/install/lbr_description:/home/khamrouni/ws_moveit/install/pilz_industrial_motion_planner_testutils:/home/khamrouni/ws_moveit/install/moveit_runtime:/home/khamrouni/ws_moveit/install/moveit2_tutorials:/home/khamrouni/ws_moveit/install/moveit:/home/khamrouni/ws_moveit/install/moveit_planners:/home/khamrouni/ws_moveit/install/pilz_industrial_motion_planner:/home/khamrouni/ws_moveit/install/moveit_visual_tools:/home/khamrouni/ws_moveit/install/moveit_task_constructor_visualization:/home/khamrouni/ws_moveit/install/moveit_task_constructor_demo:/home/khamrouni/ws_moveit/install/moveit_task_constructor_capabilities:/home/khamrouni/ws_moveit/install/moveit_task_constructor_core:/home/khamrouni/ws_moveit/install/moveit_ros_control_interface:/home/khamrouni/ws_moveit/install/moveit_plugins:/home/khamrouni/ws_moveit/install/moveit_simple_controller_manager:/home/khamrouni/ws_moveit/install/moveit_setup_assistant:/home/khamrouni/ws_moveit/install/moveit_setup_srdf_plugins:/home/khamrouni/ws_moveit/install/moveit_setup_core_plugins:/home/khamrouni/ws_moveit/install/moveit_setup_controllers:/home/khamrouni/ws_moveit/install/moveit_setup_app_plugins:/home/khamrouni/ws_moveit/install/moveit_setup_framework:/home/khamrouni/ws_moveit/install/moveit_servo:/home/khamrouni/ws_moveit/install/moveit_ros:/home/khamrouni/ws_moveit/install/moveit_ros_visualization:/home/khamrouni/ws_moveit/install/moveit_hybrid_planning:/home/khamrouni/ws_moveit/install/move_program:/home/khamrouni/ws_moveit/install/hello_moveit:/home/khamrouni/ws_moveit/install/moveit_ros_planning_interface:/home/khamrouni/ws_moveit/install/moveit_ros_benchmarks:/home/khamrouni/ws_moveit/install/moveit_ros_warehouse:/home/khamrouni/ws_moveit/install/moveit_ros_robot_interaction:/home/khamrouni/ws_moveit/install/moveit_ros_perception:/home/khamrouni/ws_moveit/install/moveit_resources_prbt_pg70_support:/home/khamrouni/ws_moveit/install/moveit_resources_prbt_moveit_config:/home/khamrouni/ws_moveit/install/moveit_ros_move_group:/home/khamrouni/ws_moveit/install/moveit_planners_ompl:/home/khamrouni/ws_moveit/install/moveit_ros_planning:/home/khamrouni/ws_moveit/install/moveit_ros_occupancy_map_monitor:/home/khamrouni/ws_moveit/install/moveit_resources_prbt_ikfast_manipulator_plugin:/home/khamrouni/ws_moveit/install/moveit_planners_chomp:/home/khamrouni/ws_moveit/install/moveit_kinematics:/home/khamrouni/ws_moveit/install/moveit_chomp_optimizer_adapter:/home/khamrouni/ws_moveit/install/chomp_motion_planner:/home/khamrouni/ws_moveit/install/moveit_core:/home/khamrouni/ws_moveit/install/srdfdom:/home/khamrouni/ws_moveit/install/rviz_marker_tools:/home/khamrouni/ws_moveit/install/rosparam_shortcuts:/home/khamrouni/ws_moveit/install/moveit_task_constructor_msgs:/home/khamrouni/ws_moveit/install/moveit_resources_prbt_support:/home/khamrouni/ws_moveit/install/moveit_resources:/home/khamrouni/ws_moveit/install/moveit_resources_pr2_description:/home/khamrouni/ws_moveit/install/moveit_resources_panda_moveit_config:/home/khamrouni/ws_moveit/install/moveit_resources_panda_description:/home/khamrouni/ws_moveit/install/moveit_resources_fanuc_moveit_config:/home/khamrouni/ws_moveit/install/moveit_resources_fanuc_description:/home/khamrouni/ws_moveit/install/moveit_common:/home/khamrouni/robot_ws/install/iiwa_description:/home/khamrouni/ros2_ws/install/polygon_base:/home/khamrouni/ros2_ws/install/iiwa_bringup:/home/khamrouni/ros2_ws/install/iiwa_description:/home/khamrouni/ros2_ws/install/examples_rclcpp_minimal_action_client:/home/khamrouni/ros2_ws/install/examples_rclcpp_cbg_executor:/home/khamrouni/ros2_ws/install/examples_rclcpp_async_client:/home/khamrouni/ros2_ws/install/cpp_parameters:/home/khamrouni/ws_moveit/install/moveit_configs_utils:/home/khamrouni/ws_moveit/install/launch_param_builder:/opt/ros/humble LD_LIBRARY_PATH=/home/khamrouni/lbr-stack/src/lbr_fri_ros2_stack/install/lbr_ros2_control/lib:/home/khamrouni/lbr-stack/src/lbr_fri_ros2_stack/install/lbr_fri_ros2/lib:${LD_LIBRARY_PATH} PYTHONPATH=/home/khamrouni/lbr-stack/src/lbr_fri_ros2_stack/install/lbr_bringup/local/lib/python3.10/dist-packages:${PYTHONPATH} /usr/bin/cmake --install /home/khamrouni/lbr-stack/src/lbr_fri_ros2_stack/build/lbr_demos_cpp
[4.506s] Level 1:colcon.colcon_core.environment:checking '/home/khamrouni/lbr-stack/src/lbr_fri_ros2_stack/install/lbr_demos_cpp' for CMake config files
[4.507s] Level 1:colcon.colcon_core.shell:create_environment_hook('lbr_demos_cpp', 'cmake_prefix_path')
[4.507s] INFO:colcon.colcon_core.shell:Creating environment hook '/home/khamrouni/lbr-stack/src/lbr_fri_ros2_stack/install/lbr_demos_cpp/share/lbr_demos_cpp/hook/cmake_prefix_path.ps1'
[4.508s] INFO:colcon.colcon_core.shell:Creating environment descriptor '/home/khamrouni/lbr-stack/src/lbr_fri_ros2_stack/install/lbr_demos_cpp/share/lbr_demos_cpp/hook/cmake_prefix_path.dsv'
[4.509s] INFO:colcon.colcon_core.shell:Creating environment hook '/home/khamrouni/lbr-stack/src/lbr_fri_ros2_stack/install/lbr_demos_cpp/share/lbr_demos_cpp/hook/cmake_prefix_path.sh'
[4.511s] Level 1:colcon.colcon_core.environment:checking '/home/khamrouni/lbr-stack/src/lbr_fri_ros2_stack/install/lbr_demos_cpp/lib'
[4.511s] Level 1:colcon.colcon_core.environment:checking '/home/khamrouni/lbr-stack/src/lbr_fri_ros2_stack/install/lbr_demos_cpp/bin'
[4.511s] Level 1:colcon.colcon_core.environment:checking '/home/khamrouni/lbr-stack/src/lbr_fri_ros2_stack/install/lbr_demos_cpp/lib/pkgconfig/lbr_demos_cpp.pc'
[4.512s] Level 1:colcon.colcon_core.environment:checking '/home/khamrouni/lbr-stack/src/lbr_fri_ros2_stack/install/lbr_demos_cpp/lib/python3.10/site-packages'
[4.512s] Level 1:colcon.colcon_core.environment:checking '/home/khamrouni/lbr-stack/src/lbr_fri_ros2_stack/install/lbr_demos_cpp/bin'
[4.513s] INFO:colcon.colcon_core.shell:Creating package script '/home/khamrouni/lbr-stack/src/lbr_fri_ros2_stack/install/lbr_demos_cpp/share/lbr_demos_cpp/package.ps1'
[4.514s] INFO:colcon.colcon_core.shell:Creating package descriptor '/home/khamrouni/lbr-stack/src/lbr_fri_ros2_stack/install/lbr_demos_cpp/share/lbr_demos_cpp/package.dsv'
[4.515s] INFO:colcon.colcon_core.shell:Creating package script '/home/khamrouni/lbr-stack/src/lbr_fri_ros2_stack/install/lbr_demos_cpp/share/lbr_demos_cpp/package.sh'
[4.517s] INFO:colcon.colcon_core.shell:Creating package script '/home/khamrouni/lbr-stack/src/lbr_fri_ros2_stack/install/lbr_demos_cpp/share/lbr_demos_cpp/package.bash'
[4.517s] INFO:colcon.colcon_core.shell:Creating package script '/home/khamrouni/lbr-stack/src/lbr_fri_ros2_stack/install/lbr_demos_cpp/share/lbr_demos_cpp/package.zsh'
[4.518s] Level 1:colcon.colcon_core.environment:create_file_with_runtime_dependencies(/home/khamrouni/lbr-stack/src/lbr_fri_ros2_stack/install/lbr_demos_cpp/share/colcon-core/packages/lbr_demos_cpp)
[4.520s] Level 1:colcon.colcon_core.environment:create_environment_scripts_only(lbr_demos_cpp)
[4.521s] Level 1:colcon.colcon_core.environment:checking '/home/khamrouni/lbr-stack/src/lbr_fri_ros2_stack/install/lbr_demos_cpp' for CMake module files
[4.522s] Level 1:colcon.colcon_core.environment:checking '/home/khamrouni/lbr-stack/src/lbr_fri_ros2_stack/install/lbr_demos_cpp' for CMake config files
[4.523s] Level 1:colcon.colcon_core.shell:create_environment_hook('lbr_demos_cpp', 'cmake_prefix_path')
[4.523s] INFO:colcon.colcon_core.shell:Creating environment hook '/home/khamrouni/lbr-stack/src/lbr_fri_ros2_stack/install/lbr_demos_cpp/share/lbr_demos_cpp/hook/cmake_prefix_path.ps1'
[4.524s] INFO:colcon.colcon_core.shell:Creating environment descriptor '/home/khamrouni/lbr-stack/src/lbr_fri_ros2_stack/install/lbr_demos_cpp/share/lbr_demos_cpp/hook/cmake_prefix_path.dsv'
[4.525s] INFO:colcon.colcon_core.shell:Creating environment hook '/home/khamrouni/lbr-stack/src/lbr_fri_ros2_stack/install/lbr_demos_cpp/share/lbr_demos_cpp/hook/cmake_prefix_path.sh'
[4.527s] Level 1:colcon.colcon_core.environment:checking '/home/khamrouni/lbr-stack/src/lbr_fri_ros2_stack/install/lbr_demos_cpp/lib'
[4.527s] Level 1:colcon.colcon_core.environment:checking '/home/khamrouni/lbr-stack/src/lbr_fri_ros2_stack/install/lbr_demos_cpp/bin'
[4.527s] Level 1:colcon.colcon_core.environment:checking '/home/khamrouni/lbr-stack/src/lbr_fri_ros2_stack/install/lbr_demos_cpp/lib/pkgconfig/lbr_demos_cpp.pc'
[4.528s] Level 1:colcon.colcon_core.environment:checking '/home/khamrouni/lbr-stack/src/lbr_fri_ros2_stack/install/lbr_demos_cpp/lib/python3.10/site-packages'
[4.529s] Level 1:colcon.colcon_core.environment:checking '/home/khamrouni/lbr-stack/src/lbr_fri_ros2_stack/install/lbr_demos_cpp/bin'
[4.529s] INFO:colcon.colcon_core.shell:Creating package script '/home/khamrouni/lbr-stack/src/lbr_fri_ros2_stack/install/lbr_demos_cpp/share/lbr_demos_cpp/package.ps1'
[4.531s] INFO:colcon.colcon_core.shell:Creating package descriptor '/home/khamrouni/lbr-stack/src/lbr_fri_ros2_stack/install/lbr_demos_cpp/share/lbr_demos_cpp/package.dsv'
[4.532s] INFO:colcon.colcon_core.shell:Creating package script '/home/khamrouni/lbr-stack/src/lbr_fri_ros2_stack/install/lbr_demos_cpp/share/lbr_demos_cpp/package.sh'
[4.534s] INFO:colcon.colcon_core.shell:Creating package script '/home/khamrouni/lbr-stack/src/lbr_fri_ros2_stack/install/lbr_demos_cpp/share/lbr_demos_cpp/package.bash'
[4.535s] INFO:colcon.colcon_core.shell:Creating package script '/home/khamrouni/lbr-stack/src/lbr_fri_ros2_stack/install/lbr_demos_cpp/share/lbr_demos_cpp/package.zsh'
[4.536s] Level 1:colcon.colcon_core.environment:create_file_with_runtime_dependencies(/home/khamrouni/lbr-stack/src/lbr_fri_ros2_stack/install/lbr_demos_cpp/share/colcon-core/packages/lbr_demos_cpp)
[4.557s] DEBUG:colcon.colcon_core.event_handler.log_command:Invoked command in '/home/khamrouni/lbr-stack/src/lbr_fri_ros2_stack/build/lbr_fri_ros2_stack' returned '0': AMENT_PREFIX_PATH=/home/khamrouni/lbr-stack/src/lbr_fri_ros2_stack/install/lbr_bringup:/home/khamrouni/lbr-stack/src/lbr_fri_ros2_stack/install/lbr_ros2_control:/home/khamrouni/lbr-stack/src/lbr_fri_ros2_stack/install/lbr_fri_ros2:/home/khamrouni/lbr-stack/src/lbr_fri_ros2_stack/install/lbr_description:${AMENT_PREFIX_PATH} CMAKE_PREFIX_PATH=/home/khamrouni/lbr-stack/src/lbr_fri_ros2_stack/install/lbr_bringup:/home/khamrouni/lbr-stack/src/lbr_fri_ros2_stack/install/lbr_ros2_control:/home/khamrouni/lbr-stack/src/lbr_fri_ros2_stack/install/lbr_fri_ros2:/home/khamrouni/lbr-stack/src/lbr_fri_ros2_stack/install/lbr_description:/home/khamrouni/ws_moveit/install/pilz_industrial_motion_planner_testutils:/home/khamrouni/ws_moveit/install/moveit_runtime:/home/khamrouni/ws_moveit/install/moveit2_tutorials:/home/khamrouni/ws_moveit/install/moveit:/home/khamrouni/ws_moveit/install/moveit_planners:/home/khamrouni/ws_moveit/install/pilz_industrial_motion_planner:/home/khamrouni/ws_moveit/install/moveit_visual_tools:/home/khamrouni/ws_moveit/install/moveit_task_constructor_visualization:/home/khamrouni/ws_moveit/install/moveit_task_constructor_demo:/home/khamrouni/ws_moveit/install/moveit_task_constructor_capabilities:/home/khamrouni/ws_moveit/install/moveit_task_constructor_core:/home/khamrouni/ws_moveit/install/moveit_ros_control_interface:/home/khamrouni/ws_moveit/install/moveit_plugins:/home/khamrouni/ws_moveit/install/moveit_simple_controller_manager:/home/khamrouni/ws_moveit/install/moveit_setup_assistant:/home/khamrouni/ws_moveit/install/moveit_setup_srdf_plugins:/home/khamrouni/ws_moveit/install/moveit_setup_core_plugins:/home/khamrouni/ws_moveit/install/moveit_setup_controllers:/home/khamrouni/ws_moveit/install/moveit_setup_app_plugins:/home/khamrouni/ws_moveit/install/moveit_setup_framework:/home/khamrouni/ws_moveit/install/moveit_servo:/home/khamrouni/ws_moveit/install/moveit_ros:/home/khamrouni/ws_moveit/install/moveit_ros_visualization:/home/khamrouni/ws_moveit/install/moveit_hybrid_planning:/home/khamrouni/ws_moveit/install/move_program:/home/khamrouni/ws_moveit/install/hello_moveit:/home/khamrouni/ws_moveit/install/moveit_ros_planning_interface:/home/khamrouni/ws_moveit/install/moveit_ros_benchmarks:/home/khamrouni/ws_moveit/install/moveit_ros_warehouse:/home/khamrouni/ws_moveit/install/moveit_ros_robot_interaction:/home/khamrouni/ws_moveit/install/moveit_ros_perception:/home/khamrouni/ws_moveit/install/moveit_resources_prbt_pg70_support:/home/khamrouni/ws_moveit/install/moveit_resources_prbt_moveit_config:/home/khamrouni/ws_moveit/install/moveit_ros_move_group:/home/khamrouni/ws_moveit/install/moveit_planners_ompl:/home/khamrouni/ws_moveit/install/moveit_ros_planning:/home/khamrouni/ws_moveit/install/moveit_ros_occupancy_map_monitor:/home/khamrouni/ws_moveit/install/moveit_resources_prbt_ikfast_manipulator_plugin:/home/khamrouni/ws_moveit/install/moveit_planners_chomp:/home/khamrouni/ws_moveit/install/moveit_kinematics:/home/khamrouni/ws_moveit/install/moveit_chomp_optimizer_adapter:/home/khamrouni/ws_moveit/install/chomp_motion_planner:/home/khamrouni/ws_moveit/install/moveit_core:/home/khamrouni/ws_moveit/install/srdfdom:/home/khamrouni/ws_moveit/install/rviz_marker_tools:/home/khamrouni/ws_moveit/install/rosparam_shortcuts:/home/khamrouni/ws_moveit/install/moveit_task_constructor_msgs:/home/khamrouni/ws_moveit/install/moveit_resources_prbt_support:/home/khamrouni/ws_moveit/install/moveit_resources:/home/khamrouni/ws_moveit/install/moveit_resources_pr2_description:/home/khamrouni/ws_moveit/install/moveit_resources_panda_moveit_config:/home/khamrouni/ws_moveit/install/moveit_resources_panda_description:/home/khamrouni/ws_moveit/install/moveit_resources_fanuc_moveit_config:/home/khamrouni/ws_moveit/install/moveit_resources_fanuc_description:/home/khamrouni/ws_moveit/install/moveit_common:/home/khamrouni/robot_ws/install/iiwa_description:/home/khamrouni/ros2_ws/install/polygon_base:/home/khamrouni/ros2_ws/install/iiwa_bringup:/home/khamrouni/ros2_ws/install/iiwa_description:/home/khamrouni/ros2_ws/install/examples_rclcpp_minimal_action_client:/home/khamrouni/ros2_ws/install/examples_rclcpp_cbg_executor:/home/khamrouni/ros2_ws/install/examples_rclcpp_async_client:/home/khamrouni/ros2_ws/install/cpp_parameters:/home/khamrouni/ws_moveit/install/moveit_configs_utils:/home/khamrouni/ws_moveit/install/launch_param_builder:/opt/ros/humble LD_LIBRARY_PATH=/home/khamrouni/lbr-stack/src/lbr_fri_ros2_stack/install/lbr_ros2_control/lib:/home/khamrouni/lbr-stack/src/lbr_fri_ros2_stack/install/lbr_fri_ros2/lib:${LD_LIBRARY_PATH} PYTHONPATH=/home/khamrouni/lbr-stack/src/lbr_fri_ros2_stack/install/lbr_bringup/local/lib/python3.10/dist-packages:${PYTHONPATH} /usr/bin/cmake --build /home/khamrouni/lbr-stack/src/lbr_fri_ros2_stack/build/lbr_fri_ros2_stack -- -j8 -l8
[4.561s] DEBUG:colcon.colcon_core.event_handler.log_command:Invoking command in '/home/khamrouni/lbr-stack/src/lbr_fri_ros2_stack/build/lbr_fri_ros2_stack': AMENT_PREFIX_PATH=/home/khamrouni/lbr-stack/src/lbr_fri_ros2_stack/install/lbr_bringup:/home/khamrouni/lbr-stack/src/lbr_fri_ros2_stack/install/lbr_ros2_control:/home/khamrouni/lbr-stack/src/lbr_fri_ros2_stack/install/lbr_fri_ros2:/home/khamrouni/lbr-stack/src/lbr_fri_ros2_stack/install/lbr_description:${AMENT_PREFIX_PATH} CMAKE_PREFIX_PATH=/home/khamrouni/lbr-stack/src/lbr_fri_ros2_stack/install/lbr_bringup:/home/khamrouni/lbr-stack/src/lbr_fri_ros2_stack/install/lbr_ros2_control:/home/khamrouni/lbr-stack/src/lbr_fri_ros2_stack/install/lbr_fri_ros2:/home/khamrouni/lbr-stack/src/lbr_fri_ros2_stack/install/lbr_description:/home/khamrouni/ws_moveit/install/pilz_industrial_motion_planner_testutils:/home/khamrouni/ws_moveit/install/moveit_runtime:/home/khamrouni/ws_moveit/install/moveit2_tutorials:/home/khamrouni/ws_moveit/install/moveit:/home/khamrouni/ws_moveit/install/moveit_planners:/home/khamrouni/ws_moveit/install/pilz_industrial_motion_planner:/home/khamrouni/ws_moveit/install/moveit_visual_tools:/home/khamrouni/ws_moveit/install/moveit_task_constructor_visualization:/home/khamrouni/ws_moveit/install/moveit_task_constructor_demo:/home/khamrouni/ws_moveit/install/moveit_task_constructor_capabilities:/home/khamrouni/ws_moveit/install/moveit_task_constructor_core:/home/khamrouni/ws_moveit/install/moveit_ros_control_interface:/home/khamrouni/ws_moveit/install/moveit_plugins:/home/khamrouni/ws_moveit/install/moveit_simple_controller_manager:/home/khamrouni/ws_moveit/install/moveit_setup_assistant:/home/khamrouni/ws_moveit/install/moveit_setup_srdf_plugins:/home/khamrouni/ws_moveit/install/moveit_setup_core_plugins:/home/khamrouni/ws_moveit/install/moveit_setup_controllers:/home/khamrouni/ws_moveit/install/moveit_setup_app_plugins:/home/khamrouni/ws_moveit/install/moveit_setup_framework:/home/khamrouni/ws_moveit/install/moveit_servo:/home/khamrouni/ws_moveit/install/moveit_ros:/home/khamrouni/ws_moveit/install/moveit_ros_visualization:/home/khamrouni/ws_moveit/install/moveit_hybrid_planning:/home/khamrouni/ws_moveit/install/move_program:/home/khamrouni/ws_moveit/install/hello_moveit:/home/khamrouni/ws_moveit/install/moveit_ros_planning_interface:/home/khamrouni/ws_moveit/install/moveit_ros_benchmarks:/home/khamrouni/ws_moveit/install/moveit_ros_warehouse:/home/khamrouni/ws_moveit/install/moveit_ros_robot_interaction:/home/khamrouni/ws_moveit/install/moveit_ros_perception:/home/khamrouni/ws_moveit/install/moveit_resources_prbt_pg70_support:/home/khamrouni/ws_moveit/install/moveit_resources_prbt_moveit_config:/home/khamrouni/ws_moveit/install/moveit_ros_move_group:/home/khamrouni/ws_moveit/install/moveit_planners_ompl:/home/khamrouni/ws_moveit/install/moveit_ros_planning:/home/khamrouni/ws_moveit/install/moveit_ros_occupancy_map_monitor:/home/khamrouni/ws_moveit/install/moveit_resources_prbt_ikfast_manipulator_plugin:/home/khamrouni/ws_moveit/install/moveit_planners_chomp:/home/khamrouni/ws_moveit/install/moveit_kinematics:/home/khamrouni/ws_moveit/install/moveit_chomp_optimizer_adapter:/home/khamrouni/ws_moveit/install/chomp_motion_planner:/home/khamrouni/ws_moveit/install/moveit_core:/home/khamrouni/ws_moveit/install/srdfdom:/home/khamrouni/ws_moveit/install/rviz_marker_tools:/home/khamrouni/ws_moveit/install/rosparam_shortcuts:/home/khamrouni/ws_moveit/install/moveit_task_constructor_msgs:/home/khamrouni/ws_moveit/install/moveit_resources_prbt_support:/home/khamrouni/ws_moveit/install/moveit_resources:/home/khamrouni/ws_moveit/install/moveit_resources_pr2_description:/home/khamrouni/ws_moveit/install/moveit_resources_panda_moveit_config:/home/khamrouni/ws_moveit/install/moveit_resources_panda_description:/home/khamrouni/ws_moveit/install/moveit_resources_fanuc_moveit_config:/home/khamrouni/ws_moveit/install/moveit_resources_fanuc_description:/home/khamrouni/ws_moveit/install/moveit_common:/home/khamrouni/robot_ws/install/iiwa_description:/home/khamrouni/ros2_ws/install/polygon_base:/home/khamrouni/ros2_ws/install/iiwa_bringup:/home/khamrouni/ros2_ws/install/iiwa_description:/home/khamrouni/ros2_ws/install/examples_rclcpp_minimal_action_client:/home/khamrouni/ros2_ws/install/examples_rclcpp_cbg_executor:/home/khamrouni/ros2_ws/install/examples_rclcpp_async_client:/home/khamrouni/ros2_ws/install/cpp_parameters:/home/khamrouni/ws_moveit/install/moveit_configs_utils:/home/khamrouni/ws_moveit/install/launch_param_builder:/opt/ros/humble LD_LIBRARY_PATH=/home/khamrouni/lbr-stack/src/lbr_fri_ros2_stack/install/lbr_ros2_control/lib:/home/khamrouni/lbr-stack/src/lbr_fri_ros2_stack/install/lbr_fri_ros2/lib:${LD_LIBRARY_PATH} PYTHONPATH=/home/khamrouni/lbr-stack/src/lbr_fri_ros2_stack/install/lbr_bringup/local/lib/python3.10/dist-packages:${PYTHONPATH} /usr/bin/cmake --install /home/khamrouni/lbr-stack/src/lbr_fri_ros2_stack/build/lbr_fri_ros2_stack
[4.579s] Level 1:colcon.colcon_core.environment:create_environment_scripts_only(lbr_fri_ros2_stack)
[4.580s] Level 1:colcon.colcon_core.environment:checking '/home/khamrouni/lbr-stack/src/lbr_fri_ros2_stack/install/lbr_fri_ros2_stack' for CMake module files
[4.582s] DEBUG:colcon.colcon_core.event_handler.log_command:Invoked command in '/home/khamrouni/lbr-stack/src/lbr_fri_ros2_stack/build/lbr_fri_ros2_stack' returned '0': AMENT_PREFIX_PATH=/home/khamrouni/lbr-stack/src/lbr_fri_ros2_stack/install/lbr_bringup:/home/khamrouni/lbr-stack/src/lbr_fri_ros2_stack/install/lbr_ros2_control:/home/khamrouni/lbr-stack/src/lbr_fri_ros2_stack/install/lbr_fri_ros2:/home/khamrouni/lbr-stack/src/lbr_fri_ros2_stack/install/lbr_description:${AMENT_PREFIX_PATH} CMAKE_PREFIX_PATH=/home/khamrouni/lbr-stack/src/lbr_fri_ros2_stack/install/lbr_bringup:/home/khamrouni/lbr-stack/src/lbr_fri_ros2_stack/install/lbr_ros2_control:/home/khamrouni/lbr-stack/src/lbr_fri_ros2_stack/install/lbr_fri_ros2:/home/khamrouni/lbr-stack/src/lbr_fri_ros2_stack/install/lbr_description:/home/khamrouni/ws_moveit/install/pilz_industrial_motion_planner_testutils:/home/khamrouni/ws_moveit/install/moveit_runtime:/home/khamrouni/ws_moveit/install/moveit2_tutorials:/home/khamrouni/ws_moveit/install/moveit:/home/khamrouni/ws_moveit/install/moveit_planners:/home/khamrouni/ws_moveit/install/pilz_industrial_motion_planner:/home/khamrouni/ws_moveit/install/moveit_visual_tools:/home/khamrouni/ws_moveit/install/moveit_task_constructor_visualization:/home/khamrouni/ws_moveit/install/moveit_task_constructor_demo:/home/khamrouni/ws_moveit/install/moveit_task_constructor_capabilities:/home/khamrouni/ws_moveit/install/moveit_task_constructor_core:/home/khamrouni/ws_moveit/install/moveit_ros_control_interface:/home/khamrouni/ws_moveit/install/moveit_plugins:/home/khamrouni/ws_moveit/install/moveit_simple_controller_manager:/home/khamrouni/ws_moveit/install/moveit_setup_assistant:/home/khamrouni/ws_moveit/install/moveit_setup_srdf_plugins:/home/khamrouni/ws_moveit/install/moveit_setup_core_plugins:/home/khamrouni/ws_moveit/install/moveit_setup_controllers:/home/khamrouni/ws_moveit/install/moveit_setup_app_plugins:/home/khamrouni/ws_moveit/install/moveit_setup_framework:/home/khamrouni/ws_moveit/install/moveit_servo:/home/khamrouni/ws_moveit/install/moveit_ros:/home/khamrouni/ws_moveit/install/moveit_ros_visualization:/home/khamrouni/ws_moveit/install/moveit_hybrid_planning:/home/khamrouni/ws_moveit/install/move_program:/home/khamrouni/ws_moveit/install/hello_moveit:/home/khamrouni/ws_moveit/install/moveit_ros_planning_interface:/home/khamrouni/ws_moveit/install/moveit_ros_benchmarks:/home/khamrouni/ws_moveit/install/moveit_ros_warehouse:/home/khamrouni/ws_moveit/install/moveit_ros_robot_interaction:/home/khamrouni/ws_moveit/install/moveit_ros_perception:/home/khamrouni/ws_moveit/install/moveit_resources_prbt_pg70_support:/home/khamrouni/ws_moveit/install/moveit_resources_prbt_moveit_config:/home/khamrouni/ws_moveit/install/moveit_ros_move_group:/home/khamrouni/ws_moveit/install/moveit_planners_ompl:/home/khamrouni/ws_moveit/install/moveit_ros_planning:/home/khamrouni/ws_moveit/install/moveit_ros_occupancy_map_monitor:/home/khamrouni/ws_moveit/install/moveit_resources_prbt_ikfast_manipulator_plugin:/home/khamrouni/ws_moveit/install/moveit_planners_chomp:/home/khamrouni/ws_moveit/install/moveit_kinematics:/home/khamrouni/ws_moveit/install/moveit_chomp_optimizer_adapter:/home/khamrouni/ws_moveit/install/chomp_motion_planner:/home/khamrouni/ws_moveit/install/moveit_core:/home/khamrouni/ws_moveit/install/srdfdom:/home/khamrouni/ws_moveit/install/rviz_marker_tools:/home/khamrouni/ws_moveit/install/rosparam_shortcuts:/home/khamrouni/ws_moveit/install/moveit_task_constructor_msgs:/home/khamrouni/ws_moveit/install/moveit_resources_prbt_support:/home/khamrouni/ws_moveit/install/moveit_resources:/home/khamrouni/ws_moveit/install/moveit_resources_pr2_description:/home/khamrouni/ws_moveit/install/moveit_resources_panda_moveit_config:/home/khamrouni/ws_moveit/install/moveit_resources_panda_description:/home/khamrouni/ws_moveit/install/moveit_resources_fanuc_moveit_config:/home/khamrouni/ws_moveit/install/moveit_resources_fanuc_description:/home/khamrouni/ws_moveit/install/moveit_common:/home/khamrouni/robot_ws/install/iiwa_description:/home/khamrouni/ros2_ws/install/polygon_base:/home/khamrouni/ros2_ws/install/iiwa_bringup:/home/khamrouni/ros2_ws/install/iiwa_description:/home/khamrouni/ros2_ws/install/examples_rclcpp_minimal_action_client:/home/khamrouni/ros2_ws/install/examples_rclcpp_cbg_executor:/home/khamrouni/ros2_ws/install/examples_rclcpp_async_client:/home/khamrouni/ros2_ws/install/cpp_parameters:/home/khamrouni/ws_moveit/install/moveit_configs_utils:/home/khamrouni/ws_moveit/install/launch_param_builder:/opt/ros/humble LD_LIBRARY_PATH=/home/khamrouni/lbr-stack/src/lbr_fri_ros2_stack/install/lbr_ros2_control/lib:/home/khamrouni/lbr-stack/src/lbr_fri_ros2_stack/install/lbr_fri_ros2/lib:${LD_LIBRARY_PATH} PYTHONPATH=/home/khamrouni/lbr-stack/src/lbr_fri_ros2_stack/install/lbr_bringup/local/lib/python3.10/dist-packages:${PYTHONPATH} /usr/bin/cmake --install /home/khamrouni/lbr-stack/src/lbr_fri_ros2_stack/build/lbr_fri_ros2_stack
[4.582s] Level 1:colcon.colcon_core.environment:checking '/home/khamrouni/lbr-stack/src/lbr_fri_ros2_stack/install/lbr_fri_ros2_stack' for CMake config files
[4.583s] Level 1:colcon.colcon_core.shell:create_environment_hook('lbr_fri_ros2_stack', 'cmake_prefix_path')
[4.584s] INFO:colcon.colcon_core.shell:Creating environment hook '/home/khamrouni/lbr-stack/src/lbr_fri_ros2_stack/install/lbr_fri_ros2_stack/share/lbr_fri_ros2_stack/hook/cmake_prefix_path.ps1'
[4.585s] INFO:colcon.colcon_core.shell:Creating environment descriptor '/home/khamrouni/lbr-stack/src/lbr_fri_ros2_stack/install/lbr_fri_ros2_stack/share/lbr_fri_ros2_stack/hook/cmake_prefix_path.dsv'
[4.586s] INFO:colcon.colcon_core.shell:Creating environment hook '/home/khamrouni/lbr-stack/src/lbr_fri_ros2_stack/install/lbr_fri_ros2_stack/share/lbr_fri_ros2_stack/hook/cmake_prefix_path.sh'
[4.587s] Level 1:colcon.colcon_core.environment:checking '/home/khamrouni/lbr-stack/src/lbr_fri_ros2_stack/install/lbr_fri_ros2_stack/bin'
[4.587s] Level 1:colcon.colcon_core.environment:checking '/home/khamrouni/lbr-stack/src/lbr_fri_ros2_stack/install/lbr_fri_ros2_stack/lib/pkgconfig/lbr_fri_ros2_stack.pc'
[4.587s] Level 1:colcon.colcon_core.environment:checking '/home/khamrouni/lbr-stack/src/lbr_fri_ros2_stack/install/lbr_fri_ros2_stack/lib/python3.10/site-packages'
[4.588s] Level 1:colcon.colcon_core.environment:checking '/home/khamrouni/lbr-stack/src/lbr_fri_ros2_stack/install/lbr_fri_ros2_stack/bin'
[4.588s] INFO:colcon.colcon_core.shell:Creating package script '/home/khamrouni/lbr-stack/src/lbr_fri_ros2_stack/install/lbr_fri_ros2_stack/share/lbr_fri_ros2_stack/package.ps1'
[4.589s] INFO:colcon.colcon_core.shell:Creating package descriptor '/home/khamrouni/lbr-stack/src/lbr_fri_ros2_stack/install/lbr_fri_ros2_stack/share/lbr_fri_ros2_stack/package.dsv'
[4.590s] INFO:colcon.colcon_core.shell:Creating package script '/home/khamrouni/lbr-stack/src/lbr_fri_ros2_stack/install/lbr_fri_ros2_stack/share/lbr_fri_ros2_stack/package.sh'
[4.590s] INFO:colcon.colcon_core.shell:Creating package script '/home/khamrouni/lbr-stack/src/lbr_fri_ros2_stack/install/lbr_fri_ros2_stack/share/lbr_fri_ros2_stack/package.bash'
[4.591s] INFO:colcon.colcon_core.shell:Creating package script '/home/khamrouni/lbr-stack/src/lbr_fri_ros2_stack/install/lbr_fri_ros2_stack/share/lbr_fri_ros2_stack/package.zsh'
[4.591s] Level 1:colcon.colcon_core.environment:create_file_with_runtime_dependencies(/home/khamrouni/lbr-stack/src/lbr_fri_ros2_stack/install/lbr_fri_ros2_stack/share/colcon-core/packages/lbr_fri_ros2_stack)
[4.592s] Level 1:colcon.colcon_core.environment:create_environment_scripts_only(lbr_fri_ros2_stack)
[4.593s] Level 1:colcon.colcon_core.environment:checking '/home/khamrouni/lbr-stack/src/lbr_fri_ros2_stack/install/lbr_fri_ros2_stack' for CMake module files
[4.593s] Level 1:colcon.colcon_core.environment:checking '/home/khamrouni/lbr-stack/src/lbr_fri_ros2_stack/install/lbr_fri_ros2_stack' for CMake config files
[4.594s] Level 1:colcon.colcon_core.shell:create_environment_hook('lbr_fri_ros2_stack', 'cmake_prefix_path')
[4.594s] INFO:colcon.colcon_core.shell:Creating environment hook '/home/khamrouni/lbr-stack/src/lbr_fri_ros2_stack/install/lbr_fri_ros2_stack/share/lbr_fri_ros2_stack/hook/cmake_prefix_path.ps1'
[4.595s] INFO:colcon.colcon_core.shell:Creating environment descriptor '/home/khamrouni/lbr-stack/src/lbr_fri_ros2_stack/install/lbr_fri_ros2_stack/share/lbr_fri_ros2_stack/hook/cmake_prefix_path.dsv'
[4.595s] INFO:colcon.colcon_core.shell:Creating environment hook '/home/khamrouni/lbr-stack/src/lbr_fri_ros2_stack/install/lbr_fri_ros2_stack/share/lbr_fri_ros2_stack/hook/cmake_prefix_path.sh'
[4.596s] Level 1:colcon.colcon_core.environment:checking '/home/khamrouni/lbr-stack/src/lbr_fri_ros2_stack/install/lbr_fri_ros2_stack/bin'
[4.596s] Level 1:colcon.colcon_core.environment:checking '/home/khamrouni/lbr-stack/src/lbr_fri_ros2_stack/install/lbr_fri_ros2_stack/lib/pkgconfig/lbr_fri_ros2_stack.pc'
[4.597s] Level 1:colcon.colcon_core.environment:checking '/home/khamrouni/lbr-stack/src/lbr_fri_ros2_stack/install/lbr_fri_ros2_stack/lib/python3.10/site-packages'
[4.597s] Level 1:colcon.colcon_core.environment:checking '/home/khamrouni/lbr-stack/src/lbr_fri_ros2_stack/install/lbr_fri_ros2_stack/bin'
[4.597s] INFO:colcon.colcon_core.shell:Creating package script '/home/khamrouni/lbr-stack/src/lbr_fri_ros2_stack/install/lbr_fri_ros2_stack/share/lbr_fri_ros2_stack/package.ps1'
[4.598s] INFO:colcon.colcon_core.shell:Creating package descriptor '/home/khamrouni/lbr-stack/src/lbr_fri_ros2_stack/install/lbr_fri_ros2_stack/share/lbr_fri_ros2_stack/package.dsv'
[4.599s] INFO:colcon.colcon_core.shell:Creating package script '/home/khamrouni/lbr-stack/src/lbr_fri_ros2_stack/install/lbr_fri_ros2_stack/share/lbr_fri_ros2_stack/package.sh'
[4.600s] INFO:colcon.colcon_core.shell:Creating package script '/home/khamrouni/lbr-stack/src/lbr_fri_ros2_stack/install/lbr_fri_ros2_stack/share/lbr_fri_ros2_stack/package.bash'
[4.601s] INFO:colcon.colcon_core.shell:Creating package script '/home/khamrouni/lbr-stack/src/lbr_fri_ros2_stack/install/lbr_fri_ros2_stack/share/lbr_fri_ros2_stack/package.zsh'
[4.602s] Level 1:colcon.colcon_core.environment:create_file_with_runtime_dependencies(/home/khamrouni/lbr-stack/src/lbr_fri_ros2_stack/install/lbr_fri_ros2_stack/share/colcon-core/packages/lbr_fri_ros2_stack)
[5.251s] DEBUG:colcon.colcon_core.event_handler.log_command:Invoking command in '/home/khamrouni/lbr-stack/src/lbr_fri_ros2_stack/lbr_demos/lbr_demos_py': AMENT_PREFIX_PATH=/home/khamrouni/lbr-stack/src/lbr_fri_ros2_stack/install/lbr_bringup:/home/khamrouni/lbr-stack/src/lbr_fri_ros2_stack/install/lbr_ros2_control:/home/khamrouni/lbr-stack/src/lbr_fri_ros2_stack/install/lbr_fri_ros2:/home/khamrouni/lbr-stack/src/lbr_fri_ros2_stack/install/lbr_description:${AMENT_PREFIX_PATH} CMAKE_PREFIX_PATH=/home/khamrouni/lbr-stack/src/lbr_fri_ros2_stack/install/lbr_bringup:/home/khamrouni/lbr-stack/src/lbr_fri_ros2_stack/install/lbr_ros2_control:/home/khamrouni/lbr-stack/src/lbr_fri_ros2_stack/install/lbr_fri_ros2:/home/khamrouni/lbr-stack/src/lbr_fri_ros2_stack/install/lbr_description:${CMAKE_PREFIX_PATH} LD_LIBRARY_PATH=/home/khamrouni/lbr-stack/src/lbr_fri_ros2_stack/install/lbr_ros2_control/lib:/home/khamrouni/lbr-stack/src/lbr_fri_ros2_stack/install/lbr_fri_ros2/lib:${LD_LIBRARY_PATH} PYTHONPATH=/home/khamrouni/lbr-stack/src/lbr_fri_ros2_stack/build/lbr_demos_py/prefix_override:/usr/lib/python3/dist-packages/colcon_core/task/python/colcon_distutils_commands:/home/khamrouni/lbr-stack/src/lbr_fri_ros2_stack/install/lbr_demos_py/lib/python3.10/site-packages:/home/khamrouni/lbr-stack/src/lbr_fri_ros2_stack/install/lbr_bringup/local/lib/python3.10/dist-packages:${PYTHONPATH} /usr/bin/python3 -W ignore:setup.py install is deprecated -W ignore:easy_install command is deprecated setup.py egg_info --egg-base ../../build/lbr_demos_py build --build-base /home/khamrouni/lbr-stack/src/lbr_fri_ros2_stack/build/lbr_demos_py/build install --record /home/khamrouni/lbr-stack/src/lbr_fri_ros2_stack/build/lbr_demos_py/install.log --single-version-externally-managed install_data
[5.909s] Level 1:colcon.colcon_core.environment:checking '/home/khamrouni/lbr-stack/src/lbr_fri_ros2_stack/install/lbr_demos_py' for CMake module files
[5.910s] DEBUG:colcon.colcon_core.event_handler.log_command:Invoked command in '/home/khamrouni/lbr-stack/src/lbr_fri_ros2_stack/lbr_demos/lbr_demos_py' returned '0': AMENT_PREFIX_PATH=/home/khamrouni/lbr-stack/src/lbr_fri_ros2_stack/install/lbr_bringup:/home/khamrouni/lbr-stack/src/lbr_fri_ros2_stack/install/lbr_ros2_control:/home/khamrouni/lbr-stack/src/lbr_fri_ros2_stack/install/lbr_fri_ros2:/home/khamrouni/lbr-stack/src/lbr_fri_ros2_stack/install/lbr_description:${AMENT_PREFIX_PATH} CMAKE_PREFIX_PATH=/home/khamrouni/lbr-stack/src/lbr_fri_ros2_stack/install/lbr_bringup:/home/khamrouni/lbr-stack/src/lbr_fri_ros2_stack/install/lbr_ros2_control:/home/khamrouni/lbr-stack/src/lbr_fri_ros2_stack/install/lbr_fri_ros2:/home/khamrouni/lbr-stack/src/lbr_fri_ros2_stack/install/lbr_description:${CMAKE_PREFIX_PATH} LD_LIBRARY_PATH=/home/khamrouni/lbr-stack/src/lbr_fri_ros2_stack/install/lbr_ros2_control/lib:/home/khamrouni/lbr-stack/src/lbr_fri_ros2_stack/install/lbr_fri_ros2/lib:${LD_LIBRARY_PATH} PYTHONPATH=/home/khamrouni/lbr-stack/src/lbr_fri_ros2_stack/build/lbr_demos_py/prefix_override:/usr/lib/python3/dist-packages/colcon_core/task/python/colcon_distutils_commands:/home/khamrouni/lbr-stack/src/lbr_fri_ros2_stack/install/lbr_demos_py/lib/python3.10/site-packages:/home/khamrouni/lbr-stack/src/lbr_fri_ros2_stack/install/lbr_bringup/local/lib/python3.10/dist-packages:${PYTHONPATH} /usr/bin/python3 -W ignore:setup.py install is deprecated -W ignore:easy_install command is deprecated setup.py egg_info --egg-base ../../build/lbr_demos_py build --build-base /home/khamrouni/lbr-stack/src/lbr_fri_ros2_stack/build/lbr_demos_py/build install --record /home/khamrouni/lbr-stack/src/lbr_fri_ros2_stack/build/lbr_demos_py/install.log --single-version-externally-managed install_data
[5.911s] Level 1:colcon.colcon_core.environment:checking '/home/khamrouni/lbr-stack/src/lbr_fri_ros2_stack/install/lbr_demos_py' for CMake config files
[5.911s] Level 1:colcon.colcon_core.environment:checking '/home/khamrouni/lbr-stack/src/lbr_fri_ros2_stack/install/lbr_demos_py/lib'
[5.912s] Level 1:colcon.colcon_core.environment:checking '/home/khamrouni/lbr-stack/src/lbr_fri_ros2_stack/install/lbr_demos_py/bin'
[5.912s] Level 1:colcon.colcon_core.environment:checking '/home/khamrouni/lbr-stack/src/lbr_fri_ros2_stack/install/lbr_demos_py/lib/pkgconfig/lbr_demos_py.pc'
[5.912s] Level 1:colcon.colcon_core.environment:checking '/home/khamrouni/lbr-stack/src/lbr_fri_ros2_stack/install/lbr_demos_py/lib/python3.10/site-packages'
[5.912s] Level 1:colcon.colcon_core.shell:create_environment_hook('lbr_demos_py', 'pythonpath')
[5.913s] INFO:colcon.colcon_core.shell:Creating environment hook '/home/khamrouni/lbr-stack/src/lbr_fri_ros2_stack/install/lbr_demos_py/share/lbr_demos_py/hook/pythonpath.ps1'
[5.913s] INFO:colcon.colcon_core.shell:Creating environment descriptor '/home/khamrouni/lbr-stack/src/lbr_fri_ros2_stack/install/lbr_demos_py/share/lbr_demos_py/hook/pythonpath.dsv'
[5.914s] INFO:colcon.colcon_core.shell:Creating environment hook '/home/khamrouni/lbr-stack/src/lbr_fri_ros2_stack/install/lbr_demos_py/share/lbr_demos_py/hook/pythonpath.sh'
[5.915s] Level 1:colcon.colcon_core.environment:checking '/home/khamrouni/lbr-stack/src/lbr_fri_ros2_stack/install/lbr_demos_py/bin'
[5.915s] Level 1:colcon.colcon_core.environment:create_environment_scripts_only(lbr_demos_py)
[5.916s] INFO:colcon.colcon_core.shell:Creating package script '/home/khamrouni/lbr-stack/src/lbr_fri_ros2_stack/install/lbr_demos_py/share/lbr_demos_py/package.ps1'
[5.916s] INFO:colcon.colcon_core.shell:Creating package descriptor '/home/khamrouni/lbr-stack/src/lbr_fri_ros2_stack/install/lbr_demos_py/share/lbr_demos_py/package.dsv'
[5.917s] INFO:colcon.colcon_core.shell:Creating package script '/home/khamrouni/lbr-stack/src/lbr_fri_ros2_stack/install/lbr_demos_py/share/lbr_demos_py/package.sh'
[5.918s] INFO:colcon.colcon_core.shell:Creating package script '/home/khamrouni/lbr-stack/src/lbr_fri_ros2_stack/install/lbr_demos_py/share/lbr_demos_py/package.bash'
[5.919s] INFO:colcon.colcon_core.shell:Creating package script '/home/khamrouni/lbr-stack/src/lbr_fri_ros2_stack/install/lbr_demos_py/share/lbr_demos_py/package.zsh'
[5.919s] Level 1:colcon.colcon_core.environment:create_file_with_runtime_dependencies(/home/khamrouni/lbr-stack/src/lbr_fri_ros2_stack/install/lbr_demos_py/share/colcon-core/packages/lbr_demos_py)
[5.919s] DEBUG:colcon.colcon_parallel_executor.executor.parallel:closing loop
[5.920s] DEBUG:colcon.colcon_parallel_executor.executor.parallel:loop closed
[5.920s] DEBUG:colcon.colcon_parallel_executor.executor.parallel:run_until_complete finished with '0'
[5.920s] DEBUG:colcon.colcon_core.event_reactor:joining thread
[5.933s] INFO:colcon.colcon_core.plugin_system:Skipping extension 'colcon_notification.desktop_notification.terminal_notifier': Not used on non-Darwin systems
[5.933s] INFO:colcon.colcon_core.plugin_system:Skipping extension 'colcon_notification.desktop_notification.win32': Not used on non-Windows systems
[5.933s] INFO:colcon.colcon_notification.desktop_notification:Sending desktop notification using 'notify2'
[5.953s] DEBUG:colcon.colcon_core.event_reactor:joined thread
[5.954s] INFO:colcon.colcon_core.shell:Creating prefix script '/home/khamrouni/lbr-stack/src/lbr_fri_ros2_stack/install/local_setup.ps1'
[5.956s] INFO:colcon.colcon_core.shell:Creating prefix util module '/home/khamrouni/lbr-stack/src/lbr_fri_ros2_stack/install/_local_setup_util_ps1.py'
[5.960s] INFO:colcon.colcon_core.shell:Creating prefix chain script '/home/khamrouni/lbr-stack/src/lbr_fri_ros2_stack/install/setup.ps1'
[5.966s] INFO:colcon.colcon_core.shell:Creating prefix script '/home/khamrouni/lbr-stack/src/lbr_fri_ros2_stack/install/local_setup.sh'
[5.967s] INFO:colcon.colcon_core.shell:Creating prefix util module '/home/khamrouni/lbr-stack/src/lbr_fri_ros2_stack/install/_local_setup_util_sh.py'
[5.969s] INFO:colcon.colcon_core.shell:Creating prefix chain script '/home/khamrouni/lbr-stack/src/lbr_fri_ros2_stack/install/setup.sh'
[5.979s] INFO:colcon.colcon_core.shell:Creating prefix script '/home/khamrouni/lbr-stack/src/lbr_fri_ros2_stack/install/local_setup.bash'
[5.980s] INFO:colcon.colcon_core.shell:Creating prefix chain script '/home/khamrouni/lbr-stack/src/lbr_fri_ros2_stack/install/setup.bash'
[5.990s] INFO:colcon.colcon_core.shell:Creating prefix script '/home/khamrouni/lbr-stack/src/lbr_fri_ros2_stack/install/local_setup.zsh'
[5.991s] INFO:colcon.colcon_core.shell:Creating prefix chain script '/home/khamrouni/lbr-stack/src/lbr_fri_ros2_stack/install/setup.zsh'
