[0.234s] DEBUG:colcon:Command line arguments: ['/usr/bin/colcon', 'build']
[0.234s] DEBUG:colcon:Parsed command line arguments: Namespace(log_base=None, log_level=None, verb_name='build', build_base='build', install_base='install', merge_install=False, symlink_install=False, test_result_base=None, continue_on_error=False, executor='parallel', parallel_workers=8, event_handlers=None, ignore_user_meta=False, metas=['./colcon.meta'], base_paths=['.'], packages_ignore=None, packages_ignore_regex=None, paths=None, packages_up_to=None, packages_up_to_regex=None, packages_above=None, packages_above_and_dependencies=None, packages_above_depth=None, packages_select_by_dep=None, packages_skip_by_dep=None, packages_skip_up_to=None, packages_select_build_failed=False, packages_skip_build_finished=False, packages_select_test_failures=False, packages_skip_test_passed=False, packages_select=None, packages_skip=None, packages_select_regex=None, packages_skip_regex=None, packages_start=None, packages_end=None, allow_overriding=[], cmake_args=None, cmake_target=None, cmake_target_skip_unavailable=False, cmake_clean_cache=False, cmake_clean_first=False, cmake_force_configure=False, ament_cmake_args=None, catkin_cmake_args=None, catkin_skip_building_tests=False, mixin_files=None, mixin=None, verb_parser=<colcon_mixin.mixin.mixin_argument.MixinArgumentDecorator object at 0x7012b73840a0>, verb_extension=<colcon_core.verb.build.BuildVerb object at 0x7012b734b6a0>, main=<bound method BuildVerb.main of <colcon_core.verb.build.BuildVerb object at 0x7012b734b6a0>>, mixin_verb=('build',))
[0.609s] Level 1:colcon.colcon_core.package_discovery:discover_packages(colcon_meta) check parameters
[0.609s] Level 1:colcon.colcon_core.package_discovery:discover_packages(recursive) check parameters
[0.609s] Level 1:colcon.colcon_core.package_discovery:discover_packages(ignore) check parameters
[0.609s] Level 1:colcon.colcon_core.package_discovery:discover_packages(path) check parameters
[0.610s] Level 1:colcon.colcon_core.package_discovery:discover_packages(colcon_meta) discover
[0.610s] Level 1:colcon.colcon_core.package_discovery:discover_packages(recursive) discover
[0.610s] INFO:colcon.colcon_core.package_discovery:Crawling recursively for packages in '/home/khamrouni/lbr-stack/src/lbr_fri_ros2_stack'
[0.610s] Level 1:colcon.colcon_core.package_identification:_identify(.) by extensions ['ignore', 'ignore_ament_install']
[0.610s] Level 1:colcon.colcon_core.package_identification:_identify(.) by extension 'ignore'
[0.610s] Level 1:colcon.colcon_core.package_identification:_identify(.) by extension 'ignore_ament_install'
[0.610s] Level 1:colcon.colcon_core.package_identification:_identify(.) by extensions ['colcon_pkg']
[0.610s] Level 1:colcon.colcon_core.package_identification:_identify(.) by extension 'colcon_pkg'
[0.610s] Level 1:colcon.colcon_core.package_identification:_identify(.) by extensions ['colcon_meta']
[0.611s] Level 1:colcon.colcon_core.package_identification:_identify(.) by extension 'colcon_meta'
[0.611s] Level 1:colcon.colcon_core.package_identification:_identify(.) by extensions ['ros']
[0.611s] Level 1:colcon.colcon_core.package_identification:_identify(.) by extension 'ros'
[0.644s] Level 1:colcon.colcon_core.package_identification:_identify(.) by extensions ['cmake', 'python']
[0.644s] Level 1:colcon.colcon_core.package_identification:_identify(.) by extension 'cmake'
[0.644s] Level 1:colcon.colcon_core.package_identification:_identify(.) by extension 'python'
[0.644s] Level 1:colcon.colcon_core.package_identification:_identify(.) by extensions ['python_setup_py']
[0.645s] Level 1:colcon.colcon_core.package_identification:_identify(.) by extension 'python_setup_py'
[0.645s] Level 1:colcon.colcon_core.package_identification:_identify(build) by extensions ['ignore', 'ignore_ament_install']
[0.645s] Level 1:colcon.colcon_core.package_identification:_identify(build) by extension 'ignore'
[0.645s] Level 1:colcon.colcon_core.package_identification:_identify(build) ignored
[0.645s] Level 1:colcon.colcon_core.package_identification:_identify(docker) by extensions ['ignore', 'ignore_ament_install']
[0.645s] Level 1:colcon.colcon_core.package_identification:_identify(docker) by extension 'ignore'
[0.646s] Level 1:colcon.colcon_core.package_identification:_identify(docker) by extension 'ignore_ament_install'
[0.646s] Level 1:colcon.colcon_core.package_identification:_identify(docker) by extensions ['colcon_pkg']
[0.646s] Level 1:colcon.colcon_core.package_identification:_identify(docker) by extension 'colcon_pkg'
[0.646s] Level 1:colcon.colcon_core.package_identification:_identify(docker) by extensions ['colcon_meta']
[0.646s] Level 1:colcon.colcon_core.package_identification:_identify(docker) by extension 'colcon_meta'
[0.646s] Level 1:colcon.colcon_core.package_identification:_identify(docker) by extensions ['ros']
[0.646s] Level 1:colcon.colcon_core.package_identification:_identify(docker) by extension 'ros'
[0.646s] Level 1:colcon.colcon_core.package_identification:_identify(docker) by extensions ['cmake', 'python']
[0.646s] Level 1:colcon.colcon_core.package_identification:_identify(docker) by extension 'cmake'
[0.646s] Level 1:colcon.colcon_core.package_identification:_identify(docker) by extension 'python'
[0.646s] Level 1:colcon.colcon_core.package_identification:_identify(docker) by extensions ['python_setup_py']
[0.646s] Level 1:colcon.colcon_core.package_identification:_identify(docker) by extension 'python_setup_py'
[0.647s] Level 1:colcon.colcon_core.package_identification:_identify(docker/doc) by extensions ['ignore', 'ignore_ament_install']
[0.647s] Level 1:colcon.colcon_core.package_identification:_identify(docker/doc) by extension 'ignore'
[0.647s] Level 1:colcon.colcon_core.package_identification:_identify(docker/doc) by extension 'ignore_ament_install'
[0.647s] Level 1:colcon.colcon_core.package_identification:_identify(docker/doc) by extensions ['colcon_pkg']
[0.647s] Level 1:colcon.colcon_core.package_identification:_identify(docker/doc) by extension 'colcon_pkg'
[0.647s] Level 1:colcon.colcon_core.package_identification:_identify(docker/doc) by extensions ['colcon_meta']
[0.647s] Level 1:colcon.colcon_core.package_identification:_identify(docker/doc) by extension 'colcon_meta'
[0.647s] Level 1:colcon.colcon_core.package_identification:_identify(docker/doc) by extensions ['ros']
[0.647s] Level 1:colcon.colcon_core.package_identification:_identify(docker/doc) by extension 'ros'
[0.647s] Level 1:colcon.colcon_core.package_identification:_identify(docker/doc) by extensions ['cmake', 'python']
[0.647s] Level 1:colcon.colcon_core.package_identification:_identify(docker/doc) by extension 'cmake'
[0.648s] Level 1:colcon.colcon_core.package_identification:_identify(docker/doc) by extension 'python'
[0.648s] Level 1:colcon.colcon_core.package_identification:_identify(docker/doc) by extensions ['python_setup_py']
[0.648s] Level 1:colcon.colcon_core.package_identification:_identify(docker/doc) by extension 'python_setup_py'
[0.648s] Level 1:colcon.colcon_core.package_identification:_identify(install) by extensions ['ignore', 'ignore_ament_install']
[0.648s] Level 1:colcon.colcon_core.package_identification:_identify(install) by extension 'ignore'
[0.648s] Level 1:colcon.colcon_core.package_identification:_identify(install) ignored
[0.648s] Level 1:colcon.colcon_core.package_identification:_identify(lbr_bringup) by extensions ['ignore', 'ignore_ament_install']
[0.648s] Level 1:colcon.colcon_core.package_identification:_identify(lbr_bringup) by extension 'ignore'
[0.648s] Level 1:colcon.colcon_core.package_identification:_identify(lbr_bringup) by extension 'ignore_ament_install'
[0.649s] Level 1:colcon.colcon_core.package_identification:_identify(lbr_bringup) by extensions ['colcon_pkg']
[0.649s] Level 1:colcon.colcon_core.package_identification:_identify(lbr_bringup) by extension 'colcon_pkg'
[0.649s] Level 1:colcon.colcon_core.package_identification:_identify(lbr_bringup) by extensions ['colcon_meta']
[0.649s] Level 1:colcon.colcon_core.package_identification:_identify(lbr_bringup) by extension 'colcon_meta'
[0.649s] Level 1:colcon.colcon_core.package_identification:_identify(lbr_bringup) by extensions ['ros']
[0.649s] Level 1:colcon.colcon_core.package_identification:_identify(lbr_bringup) by extension 'ros'
[0.654s] DEBUG:colcon.colcon_core.package_identification:Package 'lbr_bringup' with type 'ros.ament_cmake' and name 'lbr_bringup'
[0.654s] Level 1:colcon.colcon_core.package_identification:_identify(lbr_demos) by extensions ['ignore', 'ignore_ament_install']
[0.654s] Level 1:colcon.colcon_core.package_identification:_identify(lbr_demos) by extension 'ignore'
[0.654s] Level 1:colcon.colcon_core.package_identification:_identify(lbr_demos) by extension 'ignore_ament_install'
[0.654s] Level 1:colcon.colcon_core.package_identification:_identify(lbr_demos) by extensions ['colcon_pkg']
[0.655s] Level 1:colcon.colcon_core.package_identification:_identify(lbr_demos) by extension 'colcon_pkg'
[0.655s] Level 1:colcon.colcon_core.package_identification:_identify(lbr_demos) by extensions ['colcon_meta']
[0.655s] Level 1:colcon.colcon_core.package_identification:_identify(lbr_demos) by extension 'colcon_meta'
[0.655s] Level 1:colcon.colcon_core.package_identification:_identify(lbr_demos) by extensions ['ros']
[0.655s] Level 1:colcon.colcon_core.package_identification:_identify(lbr_demos) by extension 'ros'
[0.655s] Level 1:colcon.colcon_core.package_identification:_identify(lbr_demos) by extensions ['cmake', 'python']
[0.655s] Level 1:colcon.colcon_core.package_identification:_identify(lbr_demos) by extension 'cmake'
[0.655s] Level 1:colcon.colcon_core.package_identification:_identify(lbr_demos) by extension 'python'
[0.655s] Level 1:colcon.colcon_core.package_identification:_identify(lbr_demos) by extensions ['python_setup_py']
[0.655s] Level 1:colcon.colcon_core.package_identification:_identify(lbr_demos) by extension 'python_setup_py'
[0.655s] Level 1:colcon.colcon_core.package_identification:_identify(lbr_demos/doc) by extensions ['ignore', 'ignore_ament_install']
[0.656s] Level 1:colcon.colcon_core.package_identification:_identify(lbr_demos/doc) by extension 'ignore'
[0.656s] Level 1:colcon.colcon_core.package_identification:_identify(lbr_demos/doc) by extension 'ignore_ament_install'
[0.656s] Level 1:colcon.colcon_core.package_identification:_identify(lbr_demos/doc) by extensions ['colcon_pkg']
[0.656s] Level 1:colcon.colcon_core.package_identification:_identify(lbr_demos/doc) by extension 'colcon_pkg'
[0.656s] Level 1:colcon.colcon_core.package_identification:_identify(lbr_demos/doc) by extensions ['colcon_meta']
[0.656s] Level 1:colcon.colcon_core.package_identification:_identify(lbr_demos/doc) by extension 'colcon_meta'
[0.656s] Level 1:colcon.colcon_core.package_identification:_identify(lbr_demos/doc) by extensions ['ros']
[0.656s] Level 1:colcon.colcon_core.package_identification:_identify(lbr_demos/doc) by extension 'ros'
[0.656s] Level 1:colcon.colcon_core.package_identification:_identify(lbr_demos/doc) by extensions ['cmake', 'python']
[0.656s] Level 1:colcon.colcon_core.package_identification:_identify(lbr_demos/doc) by extension 'cmake'
[0.656s] Level 1:colcon.colcon_core.package_identification:_identify(lbr_demos/doc) by extension 'python'
[0.656s] Level 1:colcon.colcon_core.package_identification:_identify(lbr_demos/doc) by extensions ['python_setup_py']
[0.657s] Level 1:colcon.colcon_core.package_identification:_identify(lbr_demos/doc) by extension 'python_setup_py'
[0.657s] Level 1:colcon.colcon_core.package_identification:_identify(lbr_demos/doc/img) by extensions ['ignore', 'ignore_ament_install']
[0.657s] Level 1:colcon.colcon_core.package_identification:_identify(lbr_demos/doc/img) by extension 'ignore'
[0.657s] Level 1:colcon.colcon_core.package_identification:_identify(lbr_demos/doc/img) by extension 'ignore_ament_install'
[0.657s] Level 1:colcon.colcon_core.package_identification:_identify(lbr_demos/doc/img) by extensions ['colcon_pkg']
[0.657s] Level 1:colcon.colcon_core.package_identification:_identify(lbr_demos/doc/img) by extension 'colcon_pkg'
[0.657s] Level 1:colcon.colcon_core.package_identification:_identify(lbr_demos/doc/img) by extensions ['colcon_meta']
[0.657s] Level 1:colcon.colcon_core.package_identification:_identify(lbr_demos/doc/img) by extension 'colcon_meta'
[0.657s] Level 1:colcon.colcon_core.package_identification:_identify(lbr_demos/doc/img) by extensions ['ros']
[0.657s] Level 1:colcon.colcon_core.package_identification:_identify(lbr_demos/doc/img) by extension 'ros'
[0.658s] Level 1:colcon.colcon_core.package_identification:_identify(lbr_demos/doc/img) by extensions ['cmake', 'python']
[0.658s] Level 1:colcon.colcon_core.package_identification:_identify(lbr_demos/doc/img) by extension 'cmake'
[0.658s] Level 1:colcon.colcon_core.package_identification:_identify(lbr_demos/doc/img) by extension 'python'
[0.658s] Level 1:colcon.colcon_core.package_identification:_identify(lbr_demos/doc/img) by extensions ['python_setup_py']
[0.658s] Level 1:colcon.colcon_core.package_identification:_identify(lbr_demos/doc/img) by extension 'python_setup_py'
[0.658s] Level 1:colcon.colcon_core.package_identification:_identify(lbr_demos/lbr_demos_advanced_cpp) by extensions ['ignore', 'ignore_ament_install']
[0.658s] Level 1:colcon.colcon_core.package_identification:_identify(lbr_demos/lbr_demos_advanced_cpp) by extension 'ignore'
[0.658s] Level 1:colcon.colcon_core.package_identification:_identify(lbr_demos/lbr_demos_advanced_cpp) by extension 'ignore_ament_install'
[0.658s] Level 1:colcon.colcon_core.package_identification:_identify(lbr_demos/lbr_demos_advanced_cpp) by extensions ['colcon_pkg']
[0.658s] Level 1:colcon.colcon_core.package_identification:_identify(lbr_demos/lbr_demos_advanced_cpp) by extension 'colcon_pkg'
[0.658s] Level 1:colcon.colcon_core.package_identification:_identify(lbr_demos/lbr_demos_advanced_cpp) by extensions ['colcon_meta']
[0.659s] Level 1:colcon.colcon_core.package_identification:_identify(lbr_demos/lbr_demos_advanced_cpp) by extension 'colcon_meta'
[0.659s] Level 1:colcon.colcon_core.package_identification:_identify(lbr_demos/lbr_demos_advanced_cpp) by extensions ['ros']
[0.659s] Level 1:colcon.colcon_core.package_identification:_identify(lbr_demos/lbr_demos_advanced_cpp) by extension 'ros'
[0.661s] DEBUG:colcon.colcon_core.package_identification:Package 'lbr_demos/lbr_demos_advanced_cpp' with type 'ros.ament_cmake' and name 'lbr_demos_advanced_cpp'
[0.661s] Level 1:colcon.colcon_core.package_identification:_identify(lbr_demos/lbr_demos_advanced_py) by extensions ['ignore', 'ignore_ament_install']
[0.661s] Level 1:colcon.colcon_core.package_identification:_identify(lbr_demos/lbr_demos_advanced_py) by extension 'ignore'
[0.661s] Level 1:colcon.colcon_core.package_identification:_identify(lbr_demos/lbr_demos_advanced_py) by extension 'ignore_ament_install'
[0.661s] Level 1:colcon.colcon_core.package_identification:_identify(lbr_demos/lbr_demos_advanced_py) by extensions ['colcon_pkg']
[0.661s] Level 1:colcon.colcon_core.package_identification:_identify(lbr_demos/lbr_demos_advanced_py) by extension 'colcon_pkg'
[0.662s] Level 1:colcon.colcon_core.package_identification:_identify(lbr_demos/lbr_demos_advanced_py) by extensions ['colcon_meta']
[0.662s] Level 1:colcon.colcon_core.package_identification:_identify(lbr_demos/lbr_demos_advanced_py) by extension 'colcon_meta'
[0.662s] Level 1:colcon.colcon_core.package_identification:_identify(lbr_demos/lbr_demos_advanced_py) by extensions ['ros']
[0.662s] Level 1:colcon.colcon_core.package_identification:_identify(lbr_demos/lbr_demos_advanced_py) by extension 'ros'
[0.663s] DEBUG:colcon.colcon_core.package_identification:Package 'lbr_demos/lbr_demos_advanced_py' with type 'ros.ament_python' and name 'lbr_demos_advanced_py'
[0.663s] Level 1:colcon.colcon_core.package_identification:_identify(lbr_demos/lbr_demos_cpp) by extensions ['ignore', 'ignore_ament_install']
[0.663s] Level 1:colcon.colcon_core.package_identification:_identify(lbr_demos/lbr_demos_cpp) by extension 'ignore'
[0.664s] Level 1:colcon.colcon_core.package_identification:_identify(lbr_demos/lbr_demos_cpp) by extension 'ignore_ament_install'
[0.664s] Level 1:colcon.colcon_core.package_identification:_identify(lbr_demos/lbr_demos_cpp) by extensions ['colcon_pkg']
[0.664s] Level 1:colcon.colcon_core.package_identification:_identify(lbr_demos/lbr_demos_cpp) by extension 'colcon_pkg'
[0.664s] Level 1:colcon.colcon_core.package_identification:_identify(lbr_demos/lbr_demos_cpp) by extensions ['colcon_meta']
[0.664s] Level 1:colcon.colcon_core.package_identification:_identify(lbr_demos/lbr_demos_cpp) by extension 'colcon_meta'
[0.664s] Level 1:colcon.colcon_core.package_identification:_identify(lbr_demos/lbr_demos_cpp) by extensions ['ros']
[0.664s] Level 1:colcon.colcon_core.package_identification:_identify(lbr_demos/lbr_demos_cpp) by extension 'ros'
[0.667s] DEBUG:colcon.colcon_core.package_identification:Package 'lbr_demos/lbr_demos_cpp' with type 'ros.ament_cmake' and name 'lbr_demos_cpp'
[0.667s] Level 1:colcon.colcon_core.package_identification:_identify(lbr_demos/lbr_demos_py) by extensions ['ignore', 'ignore_ament_install']
[0.667s] Level 1:colcon.colcon_core.package_identification:_identify(lbr_demos/lbr_demos_py) by extension 'ignore'
[0.667s] Level 1:colcon.colcon_core.package_identification:_identify(lbr_demos/lbr_demos_py) by extension 'ignore_ament_install'
[0.668s] Level 1:colcon.colcon_core.package_identification:_identify(lbr_demos/lbr_demos_py) by extensions ['colcon_pkg']
[0.668s] Level 1:colcon.colcon_core.package_identification:_identify(lbr_demos/lbr_demos_py) by extension 'colcon_pkg'
[0.668s] Level 1:colcon.colcon_core.package_identification:_identify(lbr_demos/lbr_demos_py) by extensions ['colcon_meta']
[0.668s] Level 1:colcon.colcon_core.package_identification:_identify(lbr_demos/lbr_demos_py) by extension 'colcon_meta'
[0.668s] Level 1:colcon.colcon_core.package_identification:_identify(lbr_demos/lbr_demos_py) by extensions ['ros']
[0.668s] Level 1:colcon.colcon_core.package_identification:_identify(lbr_demos/lbr_demos_py) by extension 'ros'
[0.669s] DEBUG:colcon.colcon_core.package_identification:Package 'lbr_demos/lbr_demos_py' with type 'ros.ament_python' and name 'lbr_demos_py'
[0.670s] Level 1:colcon.colcon_core.package_identification:_identify(lbr_demos/lbr_moveit) by extensions ['ignore', 'ignore_ament_install']
[0.670s] Level 1:colcon.colcon_core.package_identification:_identify(lbr_demos/lbr_moveit) by extension 'ignore'
[0.670s] Level 1:colcon.colcon_core.package_identification:_identify(lbr_demos/lbr_moveit) by extension 'ignore_ament_install'
[0.670s] Level 1:colcon.colcon_core.package_identification:_identify(lbr_demos/lbr_moveit) by extensions ['colcon_pkg']
[0.670s] Level 1:colcon.colcon_core.package_identification:_identify(lbr_demos/lbr_moveit) by extension 'colcon_pkg'
[0.670s] Level 1:colcon.colcon_core.package_identification:_identify(lbr_demos/lbr_moveit) by extensions ['colcon_meta']
[0.670s] Level 1:colcon.colcon_core.package_identification:_identify(lbr_demos/lbr_moveit) by extension 'colcon_meta'
[0.671s] Level 1:colcon.colcon_core.package_identification:_identify(lbr_demos/lbr_moveit) by extensions ['ros']
[0.671s] Level 1:colcon.colcon_core.package_identification:_identify(lbr_demos/lbr_moveit) by extension 'ros'
[0.672s] DEBUG:colcon.colcon_core.package_identification:Package 'lbr_demos/lbr_moveit' with type 'ros.ament_python' and name 'lbr_moveit'
[0.672s] Level 1:colcon.colcon_core.package_identification:_identify(lbr_demos/lbr_moveit_cpp) by extensions ['ignore', 'ignore_ament_install']
[0.672s] Level 1:colcon.colcon_core.package_identification:_identify(lbr_demos/lbr_moveit_cpp) by extension 'ignore'
[0.672s] Level 1:colcon.colcon_core.package_identification:_identify(lbr_demos/lbr_moveit_cpp) by extension 'ignore_ament_install'
[0.673s] Level 1:colcon.colcon_core.package_identification:_identify(lbr_demos/lbr_moveit_cpp) by extensions ['colcon_pkg']
[0.673s] Level 1:colcon.colcon_core.package_identification:_identify(lbr_demos/lbr_moveit_cpp) by extension 'colcon_pkg'
[0.673s] Level 1:colcon.colcon_core.package_identification:_identify(lbr_demos/lbr_moveit_cpp) by extensions ['colcon_meta']
[0.673s] Level 1:colcon.colcon_core.package_identification:_identify(lbr_demos/lbr_moveit_cpp) by extension 'colcon_meta'
[0.673s] Level 1:colcon.colcon_core.package_identification:_identify(lbr_demos/lbr_moveit_cpp) by extensions ['ros']
[0.673s] Level 1:colcon.colcon_core.package_identification:_identify(lbr_demos/lbr_moveit_cpp) by extension 'ros'
[0.674s] DEBUG:colcon.colcon_core.package_identification:Package 'lbr_demos/lbr_moveit_cpp' with type 'ros.ament_cmake' and name 'lbr_moveit_cpp'
[0.675s] Level 1:colcon.colcon_core.package_identification:_identify(lbr_description) by extensions ['ignore', 'ignore_ament_install']
[0.675s] Level 1:colcon.colcon_core.package_identification:_identify(lbr_description) by extension 'ignore'
[0.675s] Level 1:colcon.colcon_core.package_identification:_identify(lbr_description) by extension 'ignore_ament_install'
[0.675s] Level 1:colcon.colcon_core.package_identification:_identify(lbr_description) by extensions ['colcon_pkg']
[0.675s] Level 1:colcon.colcon_core.package_identification:_identify(lbr_description) by extension 'colcon_pkg'
[0.675s] Level 1:colcon.colcon_core.package_identification:_identify(lbr_description) by extensions ['colcon_meta']
[0.676s] Level 1:colcon.colcon_core.package_identification:_identify(lbr_description) by extension 'colcon_meta'
[0.676s] Level 1:colcon.colcon_core.package_identification:_identify(lbr_description) by extensions ['ros']
[0.676s] Level 1:colcon.colcon_core.package_identification:_identify(lbr_description) by extension 'ros'
[0.677s] DEBUG:colcon.colcon_core.package_identification:Package 'lbr_description' with type 'ros.ament_cmake' and name 'lbr_description'
[0.677s] Level 1:colcon.colcon_core.package_identification:_identify(lbr_fri_ros2) by extensions ['ignore', 'ignore_ament_install']
[0.677s] Level 1:colcon.colcon_core.package_identification:_identify(lbr_fri_ros2) by extension 'ignore'
[0.677s] Level 1:colcon.colcon_core.package_identification:_identify(lbr_fri_ros2) by extension 'ignore_ament_install'
[0.678s] Level 1:colcon.colcon_core.package_identification:_identify(lbr_fri_ros2) by extensions ['colcon_pkg']
[0.678s] Level 1:colcon.colcon_core.package_identification:_identify(lbr_fri_ros2) by extension 'colcon_pkg'
[0.678s] Level 1:colcon.colcon_core.package_identification:_identify(lbr_fri_ros2) by extensions ['colcon_meta']
[0.678s] Level 1:colcon.colcon_core.package_identification:_identify(lbr_fri_ros2) by extension 'colcon_meta'
[0.678s] Level 1:colcon.colcon_core.package_identification:_identify(lbr_fri_ros2) by extensions ['ros']
[0.678s] Level 1:colcon.colcon_core.package_identification:_identify(lbr_fri_ros2) by extension 'ros'
[0.680s] DEBUG:colcon.colcon_core.package_identification:Package 'lbr_fri_ros2' with type 'ros.ament_cmake' and name 'lbr_fri_ros2'
[0.681s] Level 1:colcon.colcon_core.package_identification:_identify(lbr_fri_ros2_stack) by extensions ['ignore', 'ignore_ament_install']
[0.681s] Level 1:colcon.colcon_core.package_identification:_identify(lbr_fri_ros2_stack) by extension 'ignore'
[0.681s] Level 1:colcon.colcon_core.package_identification:_identify(lbr_fri_ros2_stack) by extension 'ignore_ament_install'
[0.681s] Level 1:colcon.colcon_core.package_identification:_identify(lbr_fri_ros2_stack) by extensions ['colcon_pkg']
[0.681s] Level 1:colcon.colcon_core.package_identification:_identify(lbr_fri_ros2_stack) by extension 'colcon_pkg'
[0.681s] Level 1:colcon.colcon_core.package_identification:_identify(lbr_fri_ros2_stack) by extensions ['colcon_meta']
[0.681s] Level 1:colcon.colcon_core.package_identification:_identify(lbr_fri_ros2_stack) by extension 'colcon_meta'
[0.682s] Level 1:colcon.colcon_core.package_identification:_identify(lbr_fri_ros2_stack) by extensions ['ros']
[0.682s] Level 1:colcon.colcon_core.package_identification:_identify(lbr_fri_ros2_stack) by extension 'ros'
[0.683s] DEBUG:colcon.colcon_core.package_identification:Package 'lbr_fri_ros2_stack' with type 'ros.ament_cmake' and name 'lbr_fri_ros2_stack'
[0.683s] Level 1:colcon.colcon_core.package_identification:_identify(lbr_moveit_config) by extensions ['ignore', 'ignore_ament_install']
[0.684s] Level 1:colcon.colcon_core.package_identification:_identify(lbr_moveit_config) by extension 'ignore'
[0.684s] Level 1:colcon.colcon_core.package_identification:_identify(lbr_moveit_config) by extension 'ignore_ament_install'
[0.684s] Level 1:colcon.colcon_core.package_identification:_identify(lbr_moveit_config) by extensions ['colcon_pkg']
[0.684s] Level 1:colcon.colcon_core.package_identification:_identify(lbr_moveit_config) by extension 'colcon_pkg'
[0.684s] Level 1:colcon.colcon_core.package_identification:_identify(lbr_moveit_config) by extensions ['colcon_meta']
[0.684s] Level 1:colcon.colcon_core.package_identification:_identify(lbr_moveit_config) by extension 'colcon_meta'
[0.684s] Level 1:colcon.colcon_core.package_identification:_identify(lbr_moveit_config) by extensions ['ros']
[0.684s] Level 1:colcon.colcon_core.package_identification:_identify(lbr_moveit_config) by extension 'ros'
[0.685s] Level 1:colcon.colcon_core.package_identification:_identify(lbr_moveit_config) by extensions ['cmake', 'python']
[0.685s] Level 1:colcon.colcon_core.package_identification:_identify(lbr_moveit_config) by extension 'cmake'
[0.685s] Level 1:colcon.colcon_core.package_identification:_identify(lbr_moveit_config) by extension 'python'
[0.685s] Level 1:colcon.colcon_core.package_identification:_identify(lbr_moveit_config) by extensions ['python_setup_py']
[0.685s] Level 1:colcon.colcon_core.package_identification:_identify(lbr_moveit_config) by extension 'python_setup_py'
[0.685s] Level 1:colcon.colcon_core.package_identification:_identify(lbr_moveit_config/doc) by extensions ['ignore', 'ignore_ament_install']
[0.686s] Level 1:colcon.colcon_core.package_identification:_identify(lbr_moveit_config/doc) by extension 'ignore'
[0.686s] Level 1:colcon.colcon_core.package_identification:_identify(lbr_moveit_config/doc) by extension 'ignore_ament_install'
[0.686s] Level 1:colcon.colcon_core.package_identification:_identify(lbr_moveit_config/doc) by extensions ['colcon_pkg']
[0.686s] Level 1:colcon.colcon_core.package_identification:_identify(lbr_moveit_config/doc) by extension 'colcon_pkg'
[0.686s] Level 1:colcon.colcon_core.package_identification:_identify(lbr_moveit_config/doc) by extensions ['colcon_meta']
[0.686s] Level 1:colcon.colcon_core.package_identification:_identify(lbr_moveit_config/doc) by extension 'colcon_meta'
[0.686s] Level 1:colcon.colcon_core.package_identification:_identify(lbr_moveit_config/doc) by extensions ['ros']
[0.686s] Level 1:colcon.colcon_core.package_identification:_identify(lbr_moveit_config/doc) by extension 'ros'
[0.687s] Level 1:colcon.colcon_core.package_identification:_identify(lbr_moveit_config/doc) by extensions ['cmake', 'python']
[0.687s] Level 1:colcon.colcon_core.package_identification:_identify(lbr_moveit_config/doc) by extension 'cmake'
[0.687s] Level 1:colcon.colcon_core.package_identification:_identify(lbr_moveit_config/doc) by extension 'python'
[0.687s] Level 1:colcon.colcon_core.package_identification:_identify(lbr_moveit_config/doc) by extensions ['python_setup_py']
[0.687s] Level 1:colcon.colcon_core.package_identification:_identify(lbr_moveit_config/doc) by extension 'python_setup_py'
[0.687s] Level 1:colcon.colcon_core.package_identification:_identify(lbr_moveit_config/doc/img) by extensions ['ignore', 'ignore_ament_install']
[0.688s] Level 1:colcon.colcon_core.package_identification:_identify(lbr_moveit_config/doc/img) by extension 'ignore'
[0.688s] Level 1:colcon.colcon_core.package_identification:_identify(lbr_moveit_config/doc/img) by extension 'ignore_ament_install'
[0.688s] Level 1:colcon.colcon_core.package_identification:_identify(lbr_moveit_config/doc/img) by extensions ['colcon_pkg']
[0.688s] Level 1:colcon.colcon_core.package_identification:_identify(lbr_moveit_config/doc/img) by extension 'colcon_pkg'
[0.688s] Level 1:colcon.colcon_core.package_identification:_identify(lbr_moveit_config/doc/img) by extensions ['colcon_meta']
[0.688s] Level 1:colcon.colcon_core.package_identification:_identify(lbr_moveit_config/doc/img) by extension 'colcon_meta'
[0.688s] Level 1:colcon.colcon_core.package_identification:_identify(lbr_moveit_config/doc/img) by extensions ['ros']
[0.688s] Level 1:colcon.colcon_core.package_identification:_identify(lbr_moveit_config/doc/img) by extension 'ros'
[0.689s] Level 1:colcon.colcon_core.package_identification:_identify(lbr_moveit_config/doc/img) by extensions ['cmake', 'python']
[0.689s] Level 1:colcon.colcon_core.package_identification:_identify(lbr_moveit_config/doc/img) by extension 'cmake'
[0.689s] Level 1:colcon.colcon_core.package_identification:_identify(lbr_moveit_config/doc/img) by extension 'python'
[0.689s] Level 1:colcon.colcon_core.package_identification:_identify(lbr_moveit_config/doc/img) by extensions ['python_setup_py']
[0.689s] Level 1:colcon.colcon_core.package_identification:_identify(lbr_moveit_config/doc/img) by extension 'python_setup_py'
[0.689s] Level 1:colcon.colcon_core.package_identification:_identify(lbr_moveit_config/iiwa14_moveit_config) by extensions ['ignore', 'ignore_ament_install']
[0.690s] Level 1:colcon.colcon_core.package_identification:_identify(lbr_moveit_config/iiwa14_moveit_config) by extension 'ignore'
[0.690s] Level 1:colcon.colcon_core.package_identification:_identify(lbr_moveit_config/iiwa14_moveit_config) by extension 'ignore_ament_install'
[0.690s] Level 1:colcon.colcon_core.package_identification:_identify(lbr_moveit_config/iiwa14_moveit_config) by extensions ['colcon_pkg']
[0.690s] Level 1:colcon.colcon_core.package_identification:_identify(lbr_moveit_config/iiwa14_moveit_config) by extension 'colcon_pkg'
[0.690s] Level 1:colcon.colcon_core.package_identification:_identify(lbr_moveit_config/iiwa14_moveit_config) by extensions ['colcon_meta']
[0.690s] Level 1:colcon.colcon_core.package_identification:_identify(lbr_moveit_config/iiwa14_moveit_config) by extension 'colcon_meta'
[0.690s] Level 1:colcon.colcon_core.package_identification:_identify(lbr_moveit_config/iiwa14_moveit_config) by extensions ['ros']
[0.690s] Level 1:colcon.colcon_core.package_identification:_identify(lbr_moveit_config/iiwa14_moveit_config) by extension 'ros'
[0.692s] DEBUG:colcon.colcon_core.package_identification:Package 'lbr_moveit_config/iiwa14_moveit_config' with type 'ros.ament_cmake' and name 'iiwa14_moveit_config'
[0.692s] Level 1:colcon.colcon_core.package_identification:_identify(lbr_moveit_config/iiwa7_moveit_config) by extensions ['ignore', 'ignore_ament_install']
[0.692s] Level 1:colcon.colcon_core.package_identification:_identify(lbr_moveit_config/iiwa7_moveit_config) by extension 'ignore'
[0.693s] Level 1:colcon.colcon_core.package_identification:_identify(lbr_moveit_config/iiwa7_moveit_config) by extension 'ignore_ament_install'
[0.693s] Level 1:colcon.colcon_core.package_identification:_identify(lbr_moveit_config/iiwa7_moveit_config) by extensions ['colcon_pkg']
[0.693s] Level 1:colcon.colcon_core.package_identification:_identify(lbr_moveit_config/iiwa7_moveit_config) by extension 'colcon_pkg'
[0.693s] Level 1:colcon.colcon_core.package_identification:_identify(lbr_moveit_config/iiwa7_moveit_config) by extensions ['colcon_meta']
[0.693s] Level 1:colcon.colcon_core.package_identification:_identify(lbr_moveit_config/iiwa7_moveit_config) by extension 'colcon_meta'
[0.693s] Level 1:colcon.colcon_core.package_identification:_identify(lbr_moveit_config/iiwa7_moveit_config) by extensions ['ros']
[0.693s] Level 1:colcon.colcon_core.package_identification:_identify(lbr_moveit_config/iiwa7_moveit_config) by extension 'ros'
[0.695s] DEBUG:colcon.colcon_core.package_identification:Package 'lbr_moveit_config/iiwa7_moveit_config' with type 'ros.ament_cmake' and name 'iiwa7_moveit_config'
[0.695s] Level 1:colcon.colcon_core.package_identification:_identify(lbr_moveit_config/med14_moveit_config) by extensions ['ignore', 'ignore_ament_install']
[0.695s] Level 1:colcon.colcon_core.package_identification:_identify(lbr_moveit_config/med14_moveit_config) by extension 'ignore'
[0.695s] Level 1:colcon.colcon_core.package_identification:_identify(lbr_moveit_config/med14_moveit_config) by extension 'ignore_ament_install'
[0.695s] Level 1:colcon.colcon_core.package_identification:_identify(lbr_moveit_config/med14_moveit_config) by extensions ['colcon_pkg']
[0.696s] Level 1:colcon.colcon_core.package_identification:_identify(lbr_moveit_config/med14_moveit_config) by extension 'colcon_pkg'
[0.696s] Level 1:colcon.colcon_core.package_identification:_identify(lbr_moveit_config/med14_moveit_config) by extensions ['colcon_meta']
[0.696s] Level 1:colcon.colcon_core.package_identification:_identify(lbr_moveit_config/med14_moveit_config) by extension 'colcon_meta'
[0.696s] Level 1:colcon.colcon_core.package_identification:_identify(lbr_moveit_config/med14_moveit_config) by extensions ['ros']
[0.696s] Level 1:colcon.colcon_core.package_identification:_identify(lbr_moveit_config/med14_moveit_config) by extension 'ros'
[0.698s] DEBUG:colcon.colcon_core.package_identification:Package 'lbr_moveit_config/med14_moveit_config' with type 'ros.ament_cmake' and name 'med14_moveit_config'
[0.698s] Level 1:colcon.colcon_core.package_identification:_identify(lbr_moveit_config/med7_moveit_config) by extensions ['ignore', 'ignore_ament_install']
[0.698s] Level 1:colcon.colcon_core.package_identification:_identify(lbr_moveit_config/med7_moveit_config) by extension 'ignore'
[0.698s] Level 1:colcon.colcon_core.package_identification:_identify(lbr_moveit_config/med7_moveit_config) by extension 'ignore_ament_install'
[0.698s] Level 1:colcon.colcon_core.package_identification:_identify(lbr_moveit_config/med7_moveit_config) by extensions ['colcon_pkg']
[0.699s] Level 1:colcon.colcon_core.package_identification:_identify(lbr_moveit_config/med7_moveit_config) by extension 'colcon_pkg'
[0.699s] Level 1:colcon.colcon_core.package_identification:_identify(lbr_moveit_config/med7_moveit_config) by extensions ['colcon_meta']
[0.699s] Level 1:colcon.colcon_core.package_identification:_identify(lbr_moveit_config/med7_moveit_config) by extension 'colcon_meta'
[0.699s] Level 1:colcon.colcon_core.package_identification:_identify(lbr_moveit_config/med7_moveit_config) by extensions ['ros']
[0.699s] Level 1:colcon.colcon_core.package_identification:_identify(lbr_moveit_config/med7_moveit_config) by extension 'ros'
[0.701s] DEBUG:colcon.colcon_core.package_identification:Package 'lbr_moveit_config/med7_moveit_config' with type 'ros.ament_cmake' and name 'med7_moveit_config'
[0.701s] Level 1:colcon.colcon_core.package_identification:_identify(lbr_ros2_control) by extensions ['ignore', 'ignore_ament_install']
[0.702s] Level 1:colcon.colcon_core.package_identification:_identify(lbr_ros2_control) by extension 'ignore'
[0.702s] Level 1:colcon.colcon_core.package_identification:_identify(lbr_ros2_control) by extension 'ignore_ament_install'
[0.702s] Level 1:colcon.colcon_core.package_identification:_identify(lbr_ros2_control) by extensions ['colcon_pkg']
[0.702s] Level 1:colcon.colcon_core.package_identification:_identify(lbr_ros2_control) by extension 'colcon_pkg'
[0.702s] Level 1:colcon.colcon_core.package_identification:_identify(lbr_ros2_control) by extensions ['colcon_meta']
[0.702s] Level 1:colcon.colcon_core.package_identification:_identify(lbr_ros2_control) by extension 'colcon_meta'
[0.702s] Level 1:colcon.colcon_core.package_identification:_identify(lbr_ros2_control) by extensions ['ros']
[0.702s] Level 1:colcon.colcon_core.package_identification:_identify(lbr_ros2_control) by extension 'ros'
[0.705s] DEBUG:colcon.colcon_core.package_identification:Package 'lbr_ros2_control' with type 'ros.ament_cmake' and name 'lbr_ros2_control'
[0.705s] Level 1:colcon.colcon_core.package_identification:_identify(log) by extensions ['ignore', 'ignore_ament_install']
[0.705s] Level 1:colcon.colcon_core.package_identification:_identify(log) by extension 'ignore'
[0.705s] Level 1:colcon.colcon_core.package_identification:_identify(log) ignored
[0.705s] Level 1:colcon.colcon_core.package_discovery:discover_packages(recursive) using defaults
[0.706s] Level 1:colcon.colcon_core.package_discovery:discover_packages(ignore) discover
[0.706s] Level 1:colcon.colcon_core.package_discovery:discover_packages(ignore) using defaults
[0.706s] Level 1:colcon.colcon_core.package_discovery:discover_packages(path) discover
[0.706s] Level 1:colcon.colcon_core.package_discovery:discover_packages(path) using defaults
[0.753s] Level 1:colcon.colcon_core.package_discovery:discover_packages(prefix_path) check parameters
[0.753s] Level 1:colcon.colcon_core.package_discovery:discover_packages(prefix_path) discover
[0.759s] DEBUG:colcon.colcon_installed_package_information.package_discovery:Found 1 installed packages in /home/khamrouni/robot_ws/install
[0.763s] DEBUG:colcon.colcon_installed_package_information.package_discovery:Found 57 installed packages in /home/khamrouni/ws_moveit/install
[0.764s] DEBUG:colcon.colcon_installed_package_information.package_discovery:Found 8 installed packages in /home/khamrouni/ros2_ws/install
[0.768s] DEBUG:colcon.colcon_installed_package_information.package_discovery:Found 385 installed packages in /opt/ros/humble
[0.771s] Level 1:colcon.colcon_core.package_discovery:discover_packages(prefix_path) using defaults
[0.878s] Level 5:colcon.colcon_core.verb:set package 'lbr_description' build argument 'cmake_args' from command line to 'None'
[0.879s] Level 5:colcon.colcon_core.verb:set package 'lbr_description' build argument 'cmake_target' from command line to 'None'
[0.879s] Level 5:colcon.colcon_core.verb:set package 'lbr_description' build argument 'cmake_target_skip_unavailable' from command line to 'False'
[0.879s] Level 5:colcon.colcon_core.verb:set package 'lbr_description' build argument 'cmake_clean_cache' from command line to 'False'
[0.879s] Level 5:colcon.colcon_core.verb:set package 'lbr_description' build argument 'cmake_clean_first' from command line to 'False'
[0.879s] Level 5:colcon.colcon_core.verb:set package 'lbr_description' build argument 'cmake_force_configure' from command line to 'False'
[0.879s] Level 5:colcon.colcon_core.verb:set package 'lbr_description' build argument 'ament_cmake_args' from command line to 'None'
[0.879s] Level 5:colcon.colcon_core.verb:set package 'lbr_description' build argument 'catkin_cmake_args' from command line to 'None'
[0.879s] Level 5:colcon.colcon_core.verb:set package 'lbr_description' build argument 'catkin_skip_building_tests' from command line to 'False'
[0.879s] DEBUG:colcon.colcon_core.verb:Building package 'lbr_description' with the following arguments: {'ament_cmake_args': None, 'build_base': '/home/khamrouni/lbr-stack/src/lbr_fri_ros2_stack/build/lbr_description', 'catkin_cmake_args': None, 'catkin_skip_building_tests': False, 'cmake_args': None, 'cmake_clean_cache': False, 'cmake_clean_first': False, 'cmake_force_configure': False, 'cmake_target': None, 'cmake_target_skip_unavailable': False, 'install_base': '/home/khamrouni/lbr-stack/src/lbr_fri_ros2_stack/install/lbr_description', 'merge_install': False, 'path': '/home/khamrouni/lbr-stack/src/lbr_fri_ros2_stack/lbr_description', 'symlink_install': False, 'test_result_base': None}
[0.880s] Level 5:colcon.colcon_core.verb:set package 'lbr_moveit' build argument 'cmake_args' from command line to 'None'
[0.880s] Level 5:colcon.colcon_core.verb:set package 'lbr_moveit' build argument 'cmake_target' from command line to 'None'
[0.880s] Level 5:colcon.colcon_core.verb:set package 'lbr_moveit' build argument 'cmake_target_skip_unavailable' from command line to 'False'
[0.880s] Level 5:colcon.colcon_core.verb:set package 'lbr_moveit' build argument 'cmake_clean_cache' from command line to 'False'
[0.880s] Level 5:colcon.colcon_core.verb:set package 'lbr_moveit' build argument 'cmake_clean_first' from command line to 'False'
[0.880s] Level 5:colcon.colcon_core.verb:set package 'lbr_moveit' build argument 'cmake_force_configure' from command line to 'False'
[0.880s] Level 5:colcon.colcon_core.verb:set package 'lbr_moveit' build argument 'ament_cmake_args' from command line to 'None'
[0.881s] Level 5:colcon.colcon_core.verb:set package 'lbr_moveit' build argument 'catkin_cmake_args' from command line to 'None'
[0.881s] Level 5:colcon.colcon_core.verb:set package 'lbr_moveit' build argument 'catkin_skip_building_tests' from command line to 'False'
[0.881s] DEBUG:colcon.colcon_core.verb:Building package 'lbr_moveit' with the following arguments: {'ament_cmake_args': None, 'build_base': '/home/khamrouni/lbr-stack/src/lbr_fri_ros2_stack/build/lbr_moveit', 'catkin_cmake_args': None, 'catkin_skip_building_tests': False, 'cmake_args': None, 'cmake_clean_cache': False, 'cmake_clean_first': False, 'cmake_force_configure': False, 'cmake_target': None, 'cmake_target_skip_unavailable': False, 'install_base': '/home/khamrouni/lbr-stack/src/lbr_fri_ros2_stack/install/lbr_moveit', 'merge_install': False, 'path': '/home/khamrouni/lbr-stack/src/lbr_fri_ros2_stack/lbr_demos/lbr_moveit', 'symlink_install': False, 'test_result_base': None}
[0.882s] Level 5:colcon.colcon_core.verb:set package 'lbr_moveit_cpp' build argument 'cmake_args' from command line to 'None'
[0.882s] Level 5:colcon.colcon_core.verb:set package 'lbr_moveit_cpp' build argument 'cmake_target' from command line to 'None'
[0.882s] Level 5:colcon.colcon_core.verb:set package 'lbr_moveit_cpp' build argument 'cmake_target_skip_unavailable' from command line to 'False'
[0.882s] Level 5:colcon.colcon_core.verb:set package 'lbr_moveit_cpp' build argument 'cmake_clean_cache' from command line to 'False'
[0.882s] Level 5:colcon.colcon_core.verb:set package 'lbr_moveit_cpp' build argument 'cmake_clean_first' from command line to 'False'
[0.882s] Level 5:colcon.colcon_core.verb:set package 'lbr_moveit_cpp' build argument 'cmake_force_configure' from command line to 'False'
[0.882s] Level 5:colcon.colcon_core.verb:set package 'lbr_moveit_cpp' build argument 'ament_cmake_args' from command line to 'None'
[0.882s] Level 5:colcon.colcon_core.verb:set package 'lbr_moveit_cpp' build argument 'catkin_cmake_args' from command line to 'None'
[0.882s] Level 5:colcon.colcon_core.verb:set package 'lbr_moveit_cpp' build argument 'catkin_skip_building_tests' from command line to 'False'
[0.882s] DEBUG:colcon.colcon_core.verb:Building package 'lbr_moveit_cpp' with the following arguments: {'ament_cmake_args': None, 'build_base': '/home/khamrouni/lbr-stack/src/lbr_fri_ros2_stack/build/lbr_moveit_cpp', 'catkin_cmake_args': None, 'catkin_skip_building_tests': False, 'cmake_args': None, 'cmake_clean_cache': False, 'cmake_clean_first': False, 'cmake_force_configure': False, 'cmake_target': None, 'cmake_target_skip_unavailable': False, 'install_base': '/home/khamrouni/lbr-stack/src/lbr_fri_ros2_stack/install/lbr_moveit_cpp', 'merge_install': False, 'path': '/home/khamrouni/lbr-stack/src/lbr_fri_ros2_stack/lbr_demos/lbr_moveit_cpp', 'symlink_install': False, 'test_result_base': None}
[0.883s] Level 5:colcon.colcon_core.verb:set package 'iiwa14_moveit_config' build argument 'cmake_args' from command line to 'None'
[0.883s] Level 5:colcon.colcon_core.verb:set package 'iiwa14_moveit_config' build argument 'cmake_target' from command line to 'None'
[0.883s] Level 5:colcon.colcon_core.verb:set package 'iiwa14_moveit_config' build argument 'cmake_target_skip_unavailable' from command line to 'False'
[0.883s] Level 5:colcon.colcon_core.verb:set package 'iiwa14_moveit_config' build argument 'cmake_clean_cache' from command line to 'False'
[0.883s] Level 5:colcon.colcon_core.verb:set package 'iiwa14_moveit_config' build argument 'cmake_clean_first' from command line to 'False'
[0.883s] Level 5:colcon.colcon_core.verb:set package 'iiwa14_moveit_config' build argument 'cmake_force_configure' from command line to 'False'
[0.884s] Level 5:colcon.colcon_core.verb:set package 'iiwa14_moveit_config' build argument 'ament_cmake_args' from command line to 'None'
[0.884s] Level 5:colcon.colcon_core.verb:set package 'iiwa14_moveit_config' build argument 'catkin_cmake_args' from command line to 'None'
[0.884s] Level 5:colcon.colcon_core.verb:set package 'iiwa14_moveit_config' build argument 'catkin_skip_building_tests' from command line to 'False'
[0.884s] DEBUG:colcon.colcon_core.verb:Building package 'iiwa14_moveit_config' with the following arguments: {'ament_cmake_args': None, 'build_base': '/home/khamrouni/lbr-stack/src/lbr_fri_ros2_stack/build/iiwa14_moveit_config', 'catkin_cmake_args': None, 'catkin_skip_building_tests': False, 'cmake_args': None, 'cmake_clean_cache': False, 'cmake_clean_first': False, 'cmake_force_configure': False, 'cmake_target': None, 'cmake_target_skip_unavailable': False, 'install_base': '/home/khamrouni/lbr-stack/src/lbr_fri_ros2_stack/install/iiwa14_moveit_config', 'merge_install': False, 'path': '/home/khamrouni/lbr-stack/src/lbr_fri_ros2_stack/lbr_moveit_config/iiwa14_moveit_config', 'symlink_install': False, 'test_result_base': None}
[0.885s] Level 5:colcon.colcon_core.verb:set package 'iiwa7_moveit_config' build argument 'cmake_args' from command line to 'None'
[0.885s] Level 5:colcon.colcon_core.verb:set package 'iiwa7_moveit_config' build argument 'cmake_target' from command line to 'None'
[0.885s] Level 5:colcon.colcon_core.verb:set package 'iiwa7_moveit_config' build argument 'cmake_target_skip_unavailable' from command line to 'False'
[0.885s] Level 5:colcon.colcon_core.verb:set package 'iiwa7_moveit_config' build argument 'cmake_clean_cache' from command line to 'False'
[0.885s] Level 5:colcon.colcon_core.verb:set package 'iiwa7_moveit_config' build argument 'cmake_clean_first' from command line to 'False'
[0.885s] Level 5:colcon.colcon_core.verb:set package 'iiwa7_moveit_config' build argument 'cmake_force_configure' from command line to 'False'
[0.885s] Level 5:colcon.colcon_core.verb:set package 'iiwa7_moveit_config' build argument 'ament_cmake_args' from command line to 'None'
[0.885s] Level 5:colcon.colcon_core.verb:set package 'iiwa7_moveit_config' build argument 'catkin_cmake_args' from command line to 'None'
[0.885s] Level 5:colcon.colcon_core.verb:set package 'iiwa7_moveit_config' build argument 'catkin_skip_building_tests' from command line to 'False'
[0.885s] DEBUG:colcon.colcon_core.verb:Building package 'iiwa7_moveit_config' with the following arguments: {'ament_cmake_args': None, 'build_base': '/home/khamrouni/lbr-stack/src/lbr_fri_ros2_stack/build/iiwa7_moveit_config', 'catkin_cmake_args': None, 'catkin_skip_building_tests': False, 'cmake_args': None, 'cmake_clean_cache': False, 'cmake_clean_first': False, 'cmake_force_configure': False, 'cmake_target': None, 'cmake_target_skip_unavailable': False, 'install_base': '/home/khamrouni/lbr-stack/src/lbr_fri_ros2_stack/install/iiwa7_moveit_config', 'merge_install': False, 'path': '/home/khamrouni/lbr-stack/src/lbr_fri_ros2_stack/lbr_moveit_config/iiwa7_moveit_config', 'symlink_install': False, 'test_result_base': None}
[0.886s] Level 5:colcon.colcon_core.verb:set package 'lbr_fri_ros2' build argument 'cmake_args' from command line to 'None'
[0.886s] Level 5:colcon.colcon_core.verb:set package 'lbr_fri_ros2' build argument 'cmake_target' from command line to 'None'
[0.886s] Level 5:colcon.colcon_core.verb:set package 'lbr_fri_ros2' build argument 'cmake_target_skip_unavailable' from command line to 'False'
[0.886s] Level 5:colcon.colcon_core.verb:set package 'lbr_fri_ros2' build argument 'cmake_clean_cache' from command line to 'False'
[0.886s] Level 5:colcon.colcon_core.verb:set package 'lbr_fri_ros2' build argument 'cmake_clean_first' from command line to 'False'
[0.887s] Level 5:colcon.colcon_core.verb:set package 'lbr_fri_ros2' build argument 'cmake_force_configure' from command line to 'False'
[0.887s] Level 5:colcon.colcon_core.verb:set package 'lbr_fri_ros2' build argument 'ament_cmake_args' from command line to 'None'
[0.887s] Level 5:colcon.colcon_core.verb:set package 'lbr_fri_ros2' build argument 'catkin_cmake_args' from command line to 'None'
[0.887s] Level 5:colcon.colcon_core.verb:set package 'lbr_fri_ros2' build argument 'catkin_skip_building_tests' from command line to 'False'
[0.887s] DEBUG:colcon.colcon_core.verb:Building package 'lbr_fri_ros2' with the following arguments: {'ament_cmake_args': None, 'build_base': '/home/khamrouni/lbr-stack/src/lbr_fri_ros2_stack/build/lbr_fri_ros2', 'catkin_cmake_args': None, 'catkin_skip_building_tests': False, 'cmake_args': None, 'cmake_clean_cache': False, 'cmake_clean_first': False, 'cmake_force_configure': False, 'cmake_target': None, 'cmake_target_skip_unavailable': False, 'install_base': '/home/khamrouni/lbr-stack/src/lbr_fri_ros2_stack/install/lbr_fri_ros2', 'merge_install': False, 'path': '/home/khamrouni/lbr-stack/src/lbr_fri_ros2_stack/lbr_fri_ros2', 'symlink_install': False, 'test_result_base': None}
[0.888s] Level 5:colcon.colcon_core.verb:set package 'med14_moveit_config' build argument 'cmake_args' from command line to 'None'
[0.888s] Level 5:colcon.colcon_core.verb:set package 'med14_moveit_config' build argument 'cmake_target' from command line to 'None'
[0.888s] Level 5:colcon.colcon_core.verb:set package 'med14_moveit_config' build argument 'cmake_target_skip_unavailable' from command line to 'False'
[0.888s] Level 5:colcon.colcon_core.verb:set package 'med14_moveit_config' build argument 'cmake_clean_cache' from command line to 'False'
[0.888s] Level 5:colcon.colcon_core.verb:set package 'med14_moveit_config' build argument 'cmake_clean_first' from command line to 'False'
[0.888s] Level 5:colcon.colcon_core.verb:set package 'med14_moveit_config' build argument 'cmake_force_configure' from command line to 'False'
[0.888s] Level 5:colcon.colcon_core.verb:set package 'med14_moveit_config' build argument 'ament_cmake_args' from command line to 'None'
[0.888s] Level 5:colcon.colcon_core.verb:set package 'med14_moveit_config' build argument 'catkin_cmake_args' from command line to 'None'
[0.888s] Level 5:colcon.colcon_core.verb:set package 'med14_moveit_config' build argument 'catkin_skip_building_tests' from command line to 'False'
[0.888s] DEBUG:colcon.colcon_core.verb:Building package 'med14_moveit_config' with the following arguments: {'ament_cmake_args': None, 'build_base': '/home/khamrouni/lbr-stack/src/lbr_fri_ros2_stack/build/med14_moveit_config', 'catkin_cmake_args': None, 'catkin_skip_building_tests': False, 'cmake_args': None, 'cmake_clean_cache': False, 'cmake_clean_first': False, 'cmake_force_configure': False, 'cmake_target': None, 'cmake_target_skip_unavailable': False, 'install_base': '/home/khamrouni/lbr-stack/src/lbr_fri_ros2_stack/install/med14_moveit_config', 'merge_install': False, 'path': '/home/khamrouni/lbr-stack/src/lbr_fri_ros2_stack/lbr_moveit_config/med14_moveit_config', 'symlink_install': False, 'test_result_base': None}
[0.889s] Level 5:colcon.colcon_core.verb:set package 'med7_moveit_config' build argument 'cmake_args' from command line to 'None'
[0.889s] Level 5:colcon.colcon_core.verb:set package 'med7_moveit_config' build argument 'cmake_target' from command line to 'None'
[0.889s] Level 5:colcon.colcon_core.verb:set package 'med7_moveit_config' build argument 'cmake_target_skip_unavailable' from command line to 'False'
[0.889s] Level 5:colcon.colcon_core.verb:set package 'med7_moveit_config' build argument 'cmake_clean_cache' from command line to 'False'
[0.890s] Level 5:colcon.colcon_core.verb:set package 'med7_moveit_config' build argument 'cmake_clean_first' from command line to 'False'
[0.890s] Level 5:colcon.colcon_core.verb:set package 'med7_moveit_config' build argument 'cmake_force_configure' from command line to 'False'
[0.890s] Level 5:colcon.colcon_core.verb:set package 'med7_moveit_config' build argument 'ament_cmake_args' from command line to 'None'
[0.890s] Level 5:colcon.colcon_core.verb:set package 'med7_moveit_config' build argument 'catkin_cmake_args' from command line to 'None'
[0.890s] Level 5:colcon.colcon_core.verb:set package 'med7_moveit_config' build argument 'catkin_skip_building_tests' from command line to 'False'
[0.890s] DEBUG:colcon.colcon_core.verb:Building package 'med7_moveit_config' with the following arguments: {'ament_cmake_args': None, 'build_base': '/home/khamrouni/lbr-stack/src/lbr_fri_ros2_stack/build/med7_moveit_config', 'catkin_cmake_args': None, 'catkin_skip_building_tests': False, 'cmake_args': None, 'cmake_clean_cache': False, 'cmake_clean_first': False, 'cmake_force_configure': False, 'cmake_target': None, 'cmake_target_skip_unavailable': False, 'install_base': '/home/khamrouni/lbr-stack/src/lbr_fri_ros2_stack/install/med7_moveit_config', 'merge_install': False, 'path': '/home/khamrouni/lbr-stack/src/lbr_fri_ros2_stack/lbr_moveit_config/med7_moveit_config', 'symlink_install': False, 'test_result_base': None}
[0.891s] Level 5:colcon.colcon_core.verb:set package 'lbr_demos_advanced_cpp' build argument 'cmake_args' from command line to 'None'
[0.891s] Level 5:colcon.colcon_core.verb:set package 'lbr_demos_advanced_cpp' build argument 'cmake_target' from command line to 'None'
[0.891s] Level 5:colcon.colcon_core.verb:set package 'lbr_demos_advanced_cpp' build argument 'cmake_target_skip_unavailable' from command line to 'False'
[0.891s] Level 5:colcon.colcon_core.verb:set package 'lbr_demos_advanced_cpp' build argument 'cmake_clean_cache' from command line to 'False'
[0.891s] Level 5:colcon.colcon_core.verb:set package 'lbr_demos_advanced_cpp' build argument 'cmake_clean_first' from command line to 'False'
[0.891s] Level 5:colcon.colcon_core.verb:set package 'lbr_demos_advanced_cpp' build argument 'cmake_force_configure' from command line to 'False'
[0.891s] Level 5:colcon.colcon_core.verb:set package 'lbr_demos_advanced_cpp' build argument 'ament_cmake_args' from command line to 'None'
[0.891s] Level 5:colcon.colcon_core.verb:set package 'lbr_demos_advanced_cpp' build argument 'catkin_cmake_args' from command line to 'None'
[0.891s] Level 5:colcon.colcon_core.verb:set package 'lbr_demos_advanced_cpp' build argument 'catkin_skip_building_tests' from command line to 'False'
[0.891s] DEBUG:colcon.colcon_core.verb:Building package 'lbr_demos_advanced_cpp' with the following arguments: {'ament_cmake_args': None, 'build_base': '/home/khamrouni/lbr-stack/src/lbr_fri_ros2_stack/build/lbr_demos_advanced_cpp', 'catkin_cmake_args': None, 'catkin_skip_building_tests': False, 'cmake_args': None, 'cmake_clean_cache': False, 'cmake_clean_first': False, 'cmake_force_configure': False, 'cmake_target': None, 'cmake_target_skip_unavailable': False, 'install_base': '/home/khamrouni/lbr-stack/src/lbr_fri_ros2_stack/install/lbr_demos_advanced_cpp', 'merge_install': False, 'path': '/home/khamrouni/lbr-stack/src/lbr_fri_ros2_stack/lbr_demos/lbr_demos_advanced_cpp', 'symlink_install': False, 'test_result_base': None}
[0.892s] Level 5:colcon.colcon_core.verb:set package 'lbr_demos_advanced_py' build argument 'cmake_args' from command line to 'None'
[0.892s] Level 5:colcon.colcon_core.verb:set package 'lbr_demos_advanced_py' build argument 'cmake_target' from command line to 'None'
[0.892s] Level 5:colcon.colcon_core.verb:set package 'lbr_demos_advanced_py' build argument 'cmake_target_skip_unavailable' from command line to 'False'
[0.892s] Level 5:colcon.colcon_core.verb:set package 'lbr_demos_advanced_py' build argument 'cmake_clean_cache' from command line to 'False'
[0.893s] Level 5:colcon.colcon_core.verb:set package 'lbr_demos_advanced_py' build argument 'cmake_clean_first' from command line to 'False'
[0.893s] Level 5:colcon.colcon_core.verb:set package 'lbr_demos_advanced_py' build argument 'cmake_force_configure' from command line to 'False'
[0.893s] Level 5:colcon.colcon_core.verb:set package 'lbr_demos_advanced_py' build argument 'ament_cmake_args' from command line to 'None'
[0.893s] Level 5:colcon.colcon_core.verb:set package 'lbr_demos_advanced_py' build argument 'catkin_cmake_args' from command line to 'None'
[0.893s] Level 5:colcon.colcon_core.verb:set package 'lbr_demos_advanced_py' build argument 'catkin_skip_building_tests' from command line to 'False'
[0.893s] DEBUG:colcon.colcon_core.verb:Building package 'lbr_demos_advanced_py' with the following arguments: {'ament_cmake_args': None, 'build_base': '/home/khamrouni/lbr-stack/src/lbr_fri_ros2_stack/build/lbr_demos_advanced_py', 'catkin_cmake_args': None, 'catkin_skip_building_tests': False, 'cmake_args': None, 'cmake_clean_cache': False, 'cmake_clean_first': False, 'cmake_force_configure': False, 'cmake_target': None, 'cmake_target_skip_unavailable': False, 'install_base': '/home/khamrouni/lbr-stack/src/lbr_fri_ros2_stack/install/lbr_demos_advanced_py', 'merge_install': False, 'path': '/home/khamrouni/lbr-stack/src/lbr_fri_ros2_stack/lbr_demos/lbr_demos_advanced_py', 'symlink_install': False, 'test_result_base': None}
[0.894s] Level 5:colcon.colcon_core.verb:set package 'lbr_ros2_control' build argument 'cmake_args' from command line to 'None'
[0.894s] Level 5:colcon.colcon_core.verb:set package 'lbr_ros2_control' build argument 'cmake_target' from command line to 'None'
[0.894s] Level 5:colcon.colcon_core.verb:set package 'lbr_ros2_control' build argument 'cmake_target_skip_unavailable' from command line to 'False'
[0.894s] Level 5:colcon.colcon_core.verb:set package 'lbr_ros2_control' build argument 'cmake_clean_cache' from command line to 'False'
[0.894s] Level 5:colcon.colcon_core.verb:set package 'lbr_ros2_control' build argument 'cmake_clean_first' from command line to 'False'
[0.894s] Level 5:colcon.colcon_core.verb:set package 'lbr_ros2_control' build argument 'cmake_force_configure' from command line to 'False'
[0.894s] Level 5:colcon.colcon_core.verb:set package 'lbr_ros2_control' build argument 'ament_cmake_args' from command line to 'None'
[0.894s] Level 5:colcon.colcon_core.verb:set package 'lbr_ros2_control' build argument 'catkin_cmake_args' from command line to 'None'
[0.894s] Level 5:colcon.colcon_core.verb:set package 'lbr_ros2_control' build argument 'catkin_skip_building_tests' from command line to 'False'
[0.894s] DEBUG:colcon.colcon_core.verb:Building package 'lbr_ros2_control' with the following arguments: {'ament_cmake_args': None, 'build_base': '/home/khamrouni/lbr-stack/src/lbr_fri_ros2_stack/build/lbr_ros2_control', 'catkin_cmake_args': None, 'catkin_skip_building_tests': False, 'cmake_args': None, 'cmake_clean_cache': False, 'cmake_clean_first': False, 'cmake_force_configure': False, 'cmake_target': None, 'cmake_target_skip_unavailable': False, 'install_base': '/home/khamrouni/lbr-stack/src/lbr_fri_ros2_stack/install/lbr_ros2_control', 'merge_install': False, 'path': '/home/khamrouni/lbr-stack/src/lbr_fri_ros2_stack/lbr_ros2_control', 'symlink_install': False, 'test_result_base': None}
[0.895s] Level 5:colcon.colcon_core.verb:set package 'lbr_bringup' build argument 'cmake_args' from command line to 'None'
[0.895s] Level 5:colcon.colcon_core.verb:set package 'lbr_bringup' build argument 'cmake_target' from command line to 'None'
[0.895s] Level 5:colcon.colcon_core.verb:set package 'lbr_bringup' build argument 'cmake_target_skip_unavailable' from command line to 'False'
[0.895s] Level 5:colcon.colcon_core.verb:set package 'lbr_bringup' build argument 'cmake_clean_cache' from command line to 'False'
[0.895s] Level 5:colcon.colcon_core.verb:set package 'lbr_bringup' build argument 'cmake_clean_first' from command line to 'False'
[0.896s] Level 5:colcon.colcon_core.verb:set package 'lbr_bringup' build argument 'cmake_force_configure' from command line to 'False'
[0.896s] Level 5:colcon.colcon_core.verb:set package 'lbr_bringup' build argument 'ament_cmake_args' from command line to 'None'
[0.896s] Level 5:colcon.colcon_core.verb:set package 'lbr_bringup' build argument 'catkin_cmake_args' from command line to 'None'
[0.896s] Level 5:colcon.colcon_core.verb:set package 'lbr_bringup' build argument 'catkin_skip_building_tests' from command line to 'False'
[0.896s] DEBUG:colcon.colcon_core.verb:Building package 'lbr_bringup' with the following arguments: {'ament_cmake_args': None, 'build_base': '/home/khamrouni/lbr-stack/src/lbr_fri_ros2_stack/build/lbr_bringup', 'catkin_cmake_args': None, 'catkin_skip_building_tests': False, 'cmake_args': None, 'cmake_clean_cache': False, 'cmake_clean_first': False, 'cmake_force_configure': False, 'cmake_target': None, 'cmake_target_skip_unavailable': False, 'install_base': '/home/khamrouni/lbr-stack/src/lbr_fri_ros2_stack/install/lbr_bringup', 'merge_install': False, 'path': '/home/khamrouni/lbr-stack/src/lbr_fri_ros2_stack/lbr_bringup', 'symlink_install': False, 'test_result_base': None}
[0.897s] Level 5:colcon.colcon_core.verb:set package 'lbr_demos_cpp' build argument 'cmake_args' from command line to 'None'
[0.897s] Level 5:colcon.colcon_core.verb:set package 'lbr_demos_cpp' build argument 'cmake_target' from command line to 'None'
[0.897s] Level 5:colcon.colcon_core.verb:set package 'lbr_demos_cpp' build argument 'cmake_target_skip_unavailable' from command line to 'False'
[0.897s] Level 5:colcon.colcon_core.verb:set package 'lbr_demos_cpp' build argument 'cmake_clean_cache' from command line to 'False'
[0.897s] Level 5:colcon.colcon_core.verb:set package 'lbr_demos_cpp' build argument 'cmake_clean_first' from command line to 'False'
[0.897s] Level 5:colcon.colcon_core.verb:set package 'lbr_demos_cpp' build argument 'cmake_force_configure' from command line to 'False'
[0.897s] Level 5:colcon.colcon_core.verb:set package 'lbr_demos_cpp' build argument 'ament_cmake_args' from command line to 'None'
[0.897s] Level 5:colcon.colcon_core.verb:set package 'lbr_demos_cpp' build argument 'catkin_cmake_args' from command line to 'None'
[0.897s] Level 5:colcon.colcon_core.verb:set package 'lbr_demos_cpp' build argument 'catkin_skip_building_tests' from command line to 'False'
[0.897s] DEBUG:colcon.colcon_core.verb:Building package 'lbr_demos_cpp' with the following arguments: {'ament_cmake_args': None, 'build_base': '/home/khamrouni/lbr-stack/src/lbr_fri_ros2_stack/build/lbr_demos_cpp', 'catkin_cmake_args': None, 'catkin_skip_building_tests': False, 'cmake_args': None, 'cmake_clean_cache': False, 'cmake_clean_first': False, 'cmake_force_configure': False, 'cmake_target': None, 'cmake_target_skip_unavailable': False, 'install_base': '/home/khamrouni/lbr-stack/src/lbr_fri_ros2_stack/install/lbr_demos_cpp', 'merge_install': False, 'path': '/home/khamrouni/lbr-stack/src/lbr_fri_ros2_stack/lbr_demos/lbr_demos_cpp', 'symlink_install': False, 'test_result_base': None}
[0.898s] Level 5:colcon.colcon_core.verb:set package 'lbr_demos_py' build argument 'cmake_args' from command line to 'None'
[0.898s] Level 5:colcon.colcon_core.verb:set package 'lbr_demos_py' build argument 'cmake_target' from command line to 'None'
[0.898s] Level 5:colcon.colcon_core.verb:set package 'lbr_demos_py' build argument 'cmake_target_skip_unavailable' from command line to 'False'
[0.898s] Level 5:colcon.colcon_core.verb:set package 'lbr_demos_py' build argument 'cmake_clean_cache' from command line to 'False'
[0.898s] Level 5:colcon.colcon_core.verb:set package 'lbr_demos_py' build argument 'cmake_clean_first' from command line to 'False'
[0.899s] Level 5:colcon.colcon_core.verb:set package 'lbr_demos_py' build argument 'cmake_force_configure' from command line to 'False'
[0.899s] Level 5:colcon.colcon_core.verb:set package 'lbr_demos_py' build argument 'ament_cmake_args' from command line to 'None'
[0.899s] Level 5:colcon.colcon_core.verb:set package 'lbr_demos_py' build argument 'catkin_cmake_args' from command line to 'None'
[0.899s] Level 5:colcon.colcon_core.verb:set package 'lbr_demos_py' build argument 'catkin_skip_building_tests' from command line to 'False'
[0.899s] DEBUG:colcon.colcon_core.verb:Building package 'lbr_demos_py' with the following arguments: {'ament_cmake_args': None, 'build_base': '/home/khamrouni/lbr-stack/src/lbr_fri_ros2_stack/build/lbr_demos_py', 'catkin_cmake_args': None, 'catkin_skip_building_tests': False, 'cmake_args': None, 'cmake_clean_cache': False, 'cmake_clean_first': False, 'cmake_force_configure': False, 'cmake_target': None, 'cmake_target_skip_unavailable': False, 'install_base': '/home/khamrouni/lbr-stack/src/lbr_fri_ros2_stack/install/lbr_demos_py', 'merge_install': False, 'path': '/home/khamrouni/lbr-stack/src/lbr_fri_ros2_stack/lbr_demos/lbr_demos_py', 'symlink_install': False, 'test_result_base': None}
[0.900s] Level 5:colcon.colcon_core.verb:set package 'lbr_fri_ros2_stack' build argument 'cmake_args' from command line to 'None'
[0.900s] Level 5:colcon.colcon_core.verb:set package 'lbr_fri_ros2_stack' build argument 'cmake_target' from command line to 'None'
[0.900s] Level 5:colcon.colcon_core.verb:set package 'lbr_fri_ros2_stack' build argument 'cmake_target_skip_unavailable' from command line to 'False'
[0.900s] Level 5:colcon.colcon_core.verb:set package 'lbr_fri_ros2_stack' build argument 'cmake_clean_cache' from command line to 'False'
[0.900s] Level 5:colcon.colcon_core.verb:set package 'lbr_fri_ros2_stack' build argument 'cmake_clean_first' from command line to 'False'
[0.900s] Level 5:colcon.colcon_core.verb:set package 'lbr_fri_ros2_stack' build argument 'cmake_force_configure' from command line to 'False'
[0.900s] Level 5:colcon.colcon_core.verb:set package 'lbr_fri_ros2_stack' build argument 'ament_cmake_args' from command line to 'None'
[0.900s] Level 5:colcon.colcon_core.verb:set package 'lbr_fri_ros2_stack' build argument 'catkin_cmake_args' from command line to 'None'
[0.900s] Level 5:colcon.colcon_core.verb:set package 'lbr_fri_ros2_stack' build argument 'catkin_skip_building_tests' from command line to 'False'
[0.900s] DEBUG:colcon.colcon_core.verb:Building package 'lbr_fri_ros2_stack' with the following arguments: {'ament_cmake_args': None, 'build_base': '/home/khamrouni/lbr-stack/src/lbr_fri_ros2_stack/build/lbr_fri_ros2_stack', 'catkin_cmake_args': None, 'catkin_skip_building_tests': False, 'cmake_args': None, 'cmake_clean_cache': False, 'cmake_clean_first': False, 'cmake_force_configure': False, 'cmake_target': None, 'cmake_target_skip_unavailable': False, 'install_base': '/home/khamrouni/lbr-stack/src/lbr_fri_ros2_stack/install/lbr_fri_ros2_stack', 'merge_install': False, 'path': '/home/khamrouni/lbr-stack/src/lbr_fri_ros2_stack/lbr_fri_ros2_stack', 'symlink_install': False, 'test_result_base': None}
[0.901s] INFO:colcon.colcon_core.executor:Executing jobs using 'parallel' executor
[0.903s] DEBUG:colcon.colcon_parallel_executor.executor.parallel:run_until_complete
[0.903s] INFO:colcon.colcon_ros.task.ament_cmake.build:Building ROS package in '/home/khamrouni/lbr-stack/src/lbr_fri_ros2_stack/lbr_description' with build type 'ament_cmake'
[0.903s] INFO:colcon.colcon_cmake.task.cmake.build:Building CMake package in '/home/khamrouni/lbr-stack/src/lbr_fri_ros2_stack/lbr_description'
[0.908s] INFO:colcon.colcon_core.plugin_system:Skipping extension 'colcon_core.shell.bat': Not used on non-Windows systems
[0.908s] INFO:colcon.colcon_core.shell:Skip shell extension 'powershell' for command environment: Not usable outside of PowerShell
[0.908s] DEBUG:colcon.colcon_core.shell:Skip shell extension 'dsv' for command environment
[0.922s] INFO:colcon.colcon_ros.task.ament_python.build:Building ROS package in '/home/khamrouni/lbr-stack/src/lbr_fri_ros2_stack/lbr_demos/lbr_moveit' with build type 'ament_python'
[0.922s] Level 1:colcon.colcon_core.shell:create_environment_hook('lbr_moveit', 'ament_prefix_path')
[0.922s] INFO:colcon.colcon_core.shell:Creating environment hook '/home/khamrouni/lbr-stack/src/lbr_fri_ros2_stack/install/lbr_moveit/share/lbr_moveit/hook/ament_prefix_path.ps1'
[0.923s] INFO:colcon.colcon_core.shell:Creating environment descriptor '/home/khamrouni/lbr-stack/src/lbr_fri_ros2_stack/install/lbr_moveit/share/lbr_moveit/hook/ament_prefix_path.dsv'
[0.924s] INFO:colcon.colcon_core.shell:Creating environment hook '/home/khamrouni/lbr-stack/src/lbr_fri_ros2_stack/install/lbr_moveit/share/lbr_moveit/hook/ament_prefix_path.sh'
[0.925s] INFO:colcon.colcon_core.shell:Skip shell extension 'powershell' for command environment: Not usable outside of PowerShell
[0.926s] DEBUG:colcon.colcon_core.shell:Skip shell extension 'dsv' for command environment
[0.941s] INFO:colcon.colcon_ros.task.ament_cmake.build:Building ROS package in '/home/khamrouni/lbr-stack/src/lbr_fri_ros2_stack/lbr_demos/lbr_moveit_cpp' with build type 'ament_cmake'
[0.941s] INFO:colcon.colcon_cmake.task.cmake.build:Building CMake package in '/home/khamrouni/lbr-stack/src/lbr_fri_ros2_stack/lbr_demos/lbr_moveit_cpp'
[0.942s] INFO:colcon.colcon_core.shell:Skip shell extension 'powershell' for command environment: Not usable outside of PowerShell
[0.942s] DEBUG:colcon.colcon_core.shell:Skip shell extension 'dsv' for command environment
[0.965s] DEBUG:colcon.colcon_core.event_handler.log_command:Invoking command in '/home/khamrouni/lbr-stack/src/lbr_fri_ros2_stack/build/lbr_description': CMAKE_PREFIX_PATH=${CMAKE_PREFIX_PATH}:/home/khamrouni/ws_moveit/install/moveit_configs_utils:/home/khamrouni/ws_moveit/install/launch_param_builder:/opt/ros/humble /usr/bin/cmake /home/khamrouni/lbr-stack/src/lbr_fri_ros2_stack/lbr_description -DCMAKE_INSTALL_PREFIX=/home/khamrouni/lbr-stack/src/lbr_fri_ros2_stack/install/lbr_description
[1.541s] INFO:colcon.colcon_core.task.python.build:Building Python package in '/home/khamrouni/lbr-stack/src/lbr_fri_ros2_stack/lbr_demos/lbr_moveit'
[1.541s] INFO:colcon.colcon_core.shell:Skip shell extension 'powershell' for command environment: Not usable outside of PowerShell
[1.541s] DEBUG:colcon.colcon_core.shell:Skip shell extension 'dsv' for command environment
[1.567s] DEBUG:colcon.colcon_core.event_handler.log_command:Invoking command in '/home/khamrouni/lbr-stack/src/lbr_fri_ros2_stack/build/lbr_moveit_cpp': CMAKE_PREFIX_PATH=${CMAKE_PREFIX_PATH}:/home/khamrouni/ws_moveit/install/moveit_configs_utils:/home/khamrouni/ws_moveit/install/launch_param_builder:/opt/ros/humble /usr/bin/cmake /home/khamrouni/lbr-stack/src/lbr_fri_ros2_stack/lbr_demos/lbr_moveit_cpp -DCMAKE_INSTALL_PREFIX=/home/khamrouni/lbr-stack/src/lbr_fri_ros2_stack/install/lbr_moveit_cpp
[2.382s] DEBUG:colcon.colcon_core.event_handler.log_command:Invoking command in '/home/khamrouni/lbr-stack/src/lbr_fri_ros2_stack/lbr_demos/lbr_moveit': PYTHONPATH=/home/khamrouni/lbr-stack/src/lbr_fri_ros2_stack/build/lbr_moveit/prefix_override:/usr/lib/python3/dist-packages/colcon_core/task/python/colcon_distutils_commands:/home/khamrouni/lbr-stack/src/lbr_fri_ros2_stack/install/lbr_moveit/lib/python3.10/site-packages:${PYTHONPATH} /usr/bin/python3 -W ignore:setup.py install is deprecated -W ignore:easy_install command is deprecated setup.py egg_info --egg-base ../../build/lbr_moveit build --build-base /home/khamrouni/lbr-stack/src/lbr_fri_ros2_stack/build/lbr_moveit/build install --record /home/khamrouni/lbr-stack/src/lbr_fri_ros2_stack/build/lbr_moveit/install.log --single-version-externally-managed install_data
[3.019s] DEBUG:colcon.colcon_core.event_handler.log_command:Invoked command in '/home/khamrouni/lbr-stack/src/lbr_fri_ros2_stack/build/lbr_description' returned '0': CMAKE_PREFIX_PATH=${CMAKE_PREFIX_PATH}:/home/khamrouni/ws_moveit/install/moveit_configs_utils:/home/khamrouni/ws_moveit/install/launch_param_builder:/opt/ros/humble /usr/bin/cmake /home/khamrouni/lbr-stack/src/lbr_fri_ros2_stack/lbr_description -DCMAKE_INSTALL_PREFIX=/home/khamrouni/lbr-stack/src/lbr_fri_ros2_stack/install/lbr_description
[3.025s] DEBUG:colcon.colcon_core.event_handler.log_command:Invoking command in '/home/khamrouni/lbr-stack/src/lbr_fri_ros2_stack/build/lbr_description': CMAKE_PREFIX_PATH=${CMAKE_PREFIX_PATH}:/home/khamrouni/ws_moveit/install/moveit_configs_utils:/home/khamrouni/ws_moveit/install/launch_param_builder:/opt/ros/humble /usr/bin/cmake --build /home/khamrouni/lbr-stack/src/lbr_fri_ros2_stack/build/lbr_description -- -j8 -l8
[3.029s] DEBUG:colcon.colcon_core.event_handler.log_command:Invoked command in '/home/khamrouni/lbr-stack/src/lbr_fri_ros2_stack/lbr_demos/lbr_moveit' returned '0': PYTHONPATH=/home/khamrouni/lbr-stack/src/lbr_fri_ros2_stack/build/lbr_moveit/prefix_override:/usr/lib/python3/dist-packages/colcon_core/task/python/colcon_distutils_commands:/home/khamrouni/lbr-stack/src/lbr_fri_ros2_stack/install/lbr_moveit/lib/python3.10/site-packages:${PYTHONPATH} /usr/bin/python3 -W ignore:setup.py install is deprecated -W ignore:easy_install command is deprecated setup.py egg_info --egg-base ../../build/lbr_moveit build --build-base /home/khamrouni/lbr-stack/src/lbr_fri_ros2_stack/build/lbr_moveit/build install --record /home/khamrouni/lbr-stack/src/lbr_fri_ros2_stack/build/lbr_moveit/install.log --single-version-externally-managed install_data
[3.034s] Level 1:colcon.colcon_core.environment:checking '/home/khamrouni/lbr-stack/src/lbr_fri_ros2_stack/install/lbr_moveit' for CMake module files
[3.035s] Level 1:colcon.colcon_core.environment:checking '/home/khamrouni/lbr-stack/src/lbr_fri_ros2_stack/install/lbr_moveit' for CMake config files
[3.037s] Level 1:colcon.colcon_core.environment:checking '/home/khamrouni/lbr-stack/src/lbr_fri_ros2_stack/install/lbr_moveit/lib'
[3.038s] Level 1:colcon.colcon_core.environment:checking '/home/khamrouni/lbr-stack/src/lbr_fri_ros2_stack/install/lbr_moveit/bin'
[3.038s] Level 1:colcon.colcon_core.environment:checking '/home/khamrouni/lbr-stack/src/lbr_fri_ros2_stack/install/lbr_moveit/lib/pkgconfig/lbr_moveit.pc'
[3.039s] Level 1:colcon.colcon_core.environment:checking '/home/khamrouni/lbr-stack/src/lbr_fri_ros2_stack/install/lbr_moveit/lib/python3.10/site-packages'
[3.039s] Level 1:colcon.colcon_core.shell:create_environment_hook('lbr_moveit', 'pythonpath')
[3.039s] INFO:colcon.colcon_core.shell:Creating environment hook '/home/khamrouni/lbr-stack/src/lbr_fri_ros2_stack/install/lbr_moveit/share/lbr_moveit/hook/pythonpath.ps1'
[3.040s] INFO:colcon.colcon_core.shell:Creating environment descriptor '/home/khamrouni/lbr-stack/src/lbr_fri_ros2_stack/install/lbr_moveit/share/lbr_moveit/hook/pythonpath.dsv'
[3.041s] INFO:colcon.colcon_core.shell:Creating environment hook '/home/khamrouni/lbr-stack/src/lbr_fri_ros2_stack/install/lbr_moveit/share/lbr_moveit/hook/pythonpath.sh'
[3.043s] Level 1:colcon.colcon_core.environment:checking '/home/khamrouni/lbr-stack/src/lbr_fri_ros2_stack/install/lbr_moveit/bin'
[3.043s] Level 1:colcon.colcon_core.environment:create_environment_scripts_only(lbr_moveit)
[3.044s] INFO:colcon.colcon_core.shell:Creating package script '/home/khamrouni/lbr-stack/src/lbr_fri_ros2_stack/install/lbr_moveit/share/lbr_moveit/package.ps1'
[3.047s] INFO:colcon.colcon_core.shell:Creating package descriptor '/home/khamrouni/lbr-stack/src/lbr_fri_ros2_stack/install/lbr_moveit/share/lbr_moveit/package.dsv'
[3.048s] INFO:colcon.colcon_core.shell:Creating package script '/home/khamrouni/lbr-stack/src/lbr_fri_ros2_stack/install/lbr_moveit/share/lbr_moveit/package.sh'
[3.051s] INFO:colcon.colcon_core.shell:Creating package script '/home/khamrouni/lbr-stack/src/lbr_fri_ros2_stack/install/lbr_moveit/share/lbr_moveit/package.bash'
[3.053s] INFO:colcon.colcon_core.shell:Creating package script '/home/khamrouni/lbr-stack/src/lbr_fri_ros2_stack/install/lbr_moveit/share/lbr_moveit/package.zsh'
[3.055s] Level 1:colcon.colcon_core.environment:create_file_with_runtime_dependencies(/home/khamrouni/lbr-stack/src/lbr_fri_ros2_stack/install/lbr_moveit/share/colcon-core/packages/lbr_moveit)
[3.106s] DEBUG:colcon.colcon_core.event_handler.log_command:Invoked command in '/home/khamrouni/lbr-stack/src/lbr_fri_ros2_stack/build/lbr_description' returned '0': CMAKE_PREFIX_PATH=${CMAKE_PREFIX_PATH}:/home/khamrouni/ws_moveit/install/moveit_configs_utils:/home/khamrouni/ws_moveit/install/launch_param_builder:/opt/ros/humble /usr/bin/cmake --build /home/khamrouni/lbr-stack/src/lbr_fri_ros2_stack/build/lbr_description -- -j8 -l8
[3.128s] DEBUG:colcon.colcon_core.event_handler.log_command:Invoking command in '/home/khamrouni/lbr-stack/src/lbr_fri_ros2_stack/build/lbr_description': CMAKE_PREFIX_PATH=${CMAKE_PREFIX_PATH}:/home/khamrouni/ws_moveit/install/moveit_configs_utils:/home/khamrouni/ws_moveit/install/launch_param_builder:/opt/ros/humble /usr/bin/cmake --install /home/khamrouni/lbr-stack/src/lbr_fri_ros2_stack/build/lbr_description
[3.212s] Level 1:colcon.colcon_core.environment:create_environment_scripts_only(lbr_description)
[3.213s] DEBUG:colcon.colcon_core.event_handler.log_command:Invoked command in '/home/khamrouni/lbr-stack/src/lbr_fri_ros2_stack/build/lbr_description' returned '0': CMAKE_PREFIX_PATH=${CMAKE_PREFIX_PATH}:/home/khamrouni/ws_moveit/install/moveit_configs_utils:/home/khamrouni/ws_moveit/install/launch_param_builder:/opt/ros/humble /usr/bin/cmake --install /home/khamrouni/lbr-stack/src/lbr_fri_ros2_stack/build/lbr_description
[3.213s] Level 1:colcon.colcon_core.environment:checking '/home/khamrouni/lbr-stack/src/lbr_fri_ros2_stack/install/lbr_description' for CMake module files
[3.214s] Level 1:colcon.colcon_core.environment:checking '/home/khamrouni/lbr-stack/src/lbr_fri_ros2_stack/install/lbr_description' for CMake config files
[3.214s] Level 1:colcon.colcon_core.shell:create_environment_hook('lbr_description', 'cmake_prefix_path')
[3.215s] INFO:colcon.colcon_core.shell:Creating environment hook '/home/khamrouni/lbr-stack/src/lbr_fri_ros2_stack/install/lbr_description/share/lbr_description/hook/cmake_prefix_path.ps1'
[3.216s] INFO:colcon.colcon_core.shell:Creating environment descriptor '/home/khamrouni/lbr-stack/src/lbr_fri_ros2_stack/install/lbr_description/share/lbr_description/hook/cmake_prefix_path.dsv'
[3.216s] INFO:colcon.colcon_core.shell:Creating environment hook '/home/khamrouni/lbr-stack/src/lbr_fri_ros2_stack/install/lbr_description/share/lbr_description/hook/cmake_prefix_path.sh'
[3.217s] Level 1:colcon.colcon_core.environment:checking '/home/khamrouni/lbr-stack/src/lbr_fri_ros2_stack/install/lbr_description/bin'
[3.217s] Level 1:colcon.colcon_core.environment:checking '/home/khamrouni/lbr-stack/src/lbr_fri_ros2_stack/install/lbr_description/lib/pkgconfig/lbr_description.pc'
[3.217s] Level 1:colcon.colcon_core.environment:checking '/home/khamrouni/lbr-stack/src/lbr_fri_ros2_stack/install/lbr_description/lib/python3.10/site-packages'
[3.218s] Level 1:colcon.colcon_core.environment:checking '/home/khamrouni/lbr-stack/src/lbr_fri_ros2_stack/install/lbr_description/bin'
[3.219s] INFO:colcon.colcon_core.shell:Creating package script '/home/khamrouni/lbr-stack/src/lbr_fri_ros2_stack/install/lbr_description/share/lbr_description/package.ps1'
[3.220s] INFO:colcon.colcon_core.shell:Creating package descriptor '/home/khamrouni/lbr-stack/src/lbr_fri_ros2_stack/install/lbr_description/share/lbr_description/package.dsv'
[3.220s] INFO:colcon.colcon_core.shell:Creating package script '/home/khamrouni/lbr-stack/src/lbr_fri_ros2_stack/install/lbr_description/share/lbr_description/package.sh'
[3.221s] INFO:colcon.colcon_core.shell:Creating package script '/home/khamrouni/lbr-stack/src/lbr_fri_ros2_stack/install/lbr_description/share/lbr_description/package.bash'
[3.222s] INFO:colcon.colcon_core.shell:Creating package script '/home/khamrouni/lbr-stack/src/lbr_fri_ros2_stack/install/lbr_description/share/lbr_description/package.zsh'
[3.222s] Level 1:colcon.colcon_core.environment:create_file_with_runtime_dependencies(/home/khamrouni/lbr-stack/src/lbr_fri_ros2_stack/install/lbr_description/share/colcon-core/packages/lbr_description)
[3.223s] Level 1:colcon.colcon_core.environment:create_environment_scripts_only(lbr_description)
[3.224s] Level 1:colcon.colcon_core.environment:checking '/home/khamrouni/lbr-stack/src/lbr_fri_ros2_stack/install/lbr_description' for CMake module files
[3.224s] Level 1:colcon.colcon_core.environment:checking '/home/khamrouni/lbr-stack/src/lbr_fri_ros2_stack/install/lbr_description' for CMake config files
[3.225s] Level 1:colcon.colcon_core.shell:create_environment_hook('lbr_description', 'cmake_prefix_path')
[3.225s] INFO:colcon.colcon_core.shell:Creating environment hook '/home/khamrouni/lbr-stack/src/lbr_fri_ros2_stack/install/lbr_description/share/lbr_description/hook/cmake_prefix_path.ps1'
[3.226s] INFO:colcon.colcon_core.shell:Creating environment descriptor '/home/khamrouni/lbr-stack/src/lbr_fri_ros2_stack/install/lbr_description/share/lbr_description/hook/cmake_prefix_path.dsv'
[3.226s] INFO:colcon.colcon_core.shell:Creating environment hook '/home/khamrouni/lbr-stack/src/lbr_fri_ros2_stack/install/lbr_description/share/lbr_description/hook/cmake_prefix_path.sh'
[3.227s] Level 1:colcon.colcon_core.environment:checking '/home/khamrouni/lbr-stack/src/lbr_fri_ros2_stack/install/lbr_description/bin'
[3.227s] Level 1:colcon.colcon_core.environment:checking '/home/khamrouni/lbr-stack/src/lbr_fri_ros2_stack/install/lbr_description/lib/pkgconfig/lbr_description.pc'
[3.228s] Level 1:colcon.colcon_core.environment:checking '/home/khamrouni/lbr-stack/src/lbr_fri_ros2_stack/install/lbr_description/lib/python3.10/site-packages'
[3.228s] Level 1:colcon.colcon_core.environment:checking '/home/khamrouni/lbr-stack/src/lbr_fri_ros2_stack/install/lbr_description/bin'
[3.229s] INFO:colcon.colcon_core.shell:Creating package script '/home/khamrouni/lbr-stack/src/lbr_fri_ros2_stack/install/lbr_description/share/lbr_description/package.ps1'
[3.229s] INFO:colcon.colcon_core.shell:Creating package descriptor '/home/khamrouni/lbr-stack/src/lbr_fri_ros2_stack/install/lbr_description/share/lbr_description/package.dsv'
[3.230s] INFO:colcon.colcon_core.shell:Creating package script '/home/khamrouni/lbr-stack/src/lbr_fri_ros2_stack/install/lbr_description/share/lbr_description/package.sh'
[3.231s] INFO:colcon.colcon_core.shell:Creating package script '/home/khamrouni/lbr-stack/src/lbr_fri_ros2_stack/install/lbr_description/share/lbr_description/package.bash'
[3.232s] INFO:colcon.colcon_core.shell:Creating package script '/home/khamrouni/lbr-stack/src/lbr_fri_ros2_stack/install/lbr_description/share/lbr_description/package.zsh'
[3.232s] Level 1:colcon.colcon_core.environment:create_file_with_runtime_dependencies(/home/khamrouni/lbr-stack/src/lbr_fri_ros2_stack/install/lbr_description/share/colcon-core/packages/lbr_description)
[3.233s] INFO:colcon.colcon_ros.task.ament_cmake.build:Building ROS package in '/home/khamrouni/lbr-stack/src/lbr_fri_ros2_stack/lbr_fri_ros2' with build type 'ament_cmake'
[3.233s] INFO:colcon.colcon_cmake.task.cmake.build:Building CMake package in '/home/khamrouni/lbr-stack/src/lbr_fri_ros2_stack/lbr_fri_ros2'
[3.234s] INFO:colcon.colcon_core.shell:Skip shell extension 'powershell' for command environment: Not usable outside of PowerShell
[3.234s] DEBUG:colcon.colcon_core.shell:Skip shell extension 'dsv' for command environment
[3.249s] INFO:colcon.colcon_ros.task.ament_cmake.build:Building ROS package in '/home/khamrouni/lbr-stack/src/lbr_fri_ros2_stack/lbr_moveit_config/iiwa14_moveit_config' with build type 'ament_cmake'
[3.249s] INFO:colcon.colcon_cmake.task.cmake.build:Building CMake package in '/home/khamrouni/lbr-stack/src/lbr_fri_ros2_stack/lbr_moveit_config/iiwa14_moveit_config'
[3.249s] INFO:colcon.colcon_core.shell:Skip shell extension 'powershell' for command environment: Not usable outside of PowerShell
[3.250s] DEBUG:colcon.colcon_core.shell:Skip shell extension 'dsv' for command environment
[3.264s] INFO:colcon.colcon_ros.task.ament_cmake.build:Building ROS package in '/home/khamrouni/lbr-stack/src/lbr_fri_ros2_stack/lbr_moveit_config/iiwa7_moveit_config' with build type 'ament_cmake'
[3.264s] INFO:colcon.colcon_cmake.task.cmake.build:Building CMake package in '/home/khamrouni/lbr-stack/src/lbr_fri_ros2_stack/lbr_moveit_config/iiwa7_moveit_config'
[3.264s] INFO:colcon.colcon_core.shell:Skip shell extension 'powershell' for command environment: Not usable outside of PowerShell
[3.265s] DEBUG:colcon.colcon_core.shell:Skip shell extension 'dsv' for command environment
[3.278s] INFO:colcon.colcon_ros.task.ament_cmake.build:Building ROS package in '/home/khamrouni/lbr-stack/src/lbr_fri_ros2_stack/lbr_moveit_config/med14_moveit_config' with build type 'ament_cmake'
[3.279s] INFO:colcon.colcon_cmake.task.cmake.build:Building CMake package in '/home/khamrouni/lbr-stack/src/lbr_fri_ros2_stack/lbr_moveit_config/med14_moveit_config'
[3.280s] INFO:colcon.colcon_core.shell:Skip shell extension 'powershell' for command environment: Not usable outside of PowerShell
[3.280s] DEBUG:colcon.colcon_core.shell:Skip shell extension 'dsv' for command environment
[3.297s] INFO:colcon.colcon_ros.task.ament_cmake.build:Building ROS package in '/home/khamrouni/lbr-stack/src/lbr_fri_ros2_stack/lbr_moveit_config/med7_moveit_config' with build type 'ament_cmake'
[3.297s] INFO:colcon.colcon_cmake.task.cmake.build:Building CMake package in '/home/khamrouni/lbr-stack/src/lbr_fri_ros2_stack/lbr_moveit_config/med7_moveit_config'
[3.298s] INFO:colcon.colcon_core.shell:Skip shell extension 'powershell' for command environment: Not usable outside of PowerShell
[3.298s] DEBUG:colcon.colcon_core.shell:Skip shell extension 'dsv' for command environment
[3.333s] DEBUG:colcon.colcon_core.event_handler.log_command:Invoking command in '/home/khamrouni/lbr-stack/src/lbr_fri_ros2_stack/build/lbr_fri_ros2': AMENT_PREFIX_PATH=/home/khamrouni/lbr-stack/src/lbr_fri_ros2_stack/install/lbr_description:${AMENT_PREFIX_PATH} CMAKE_PREFIX_PATH=/home/khamrouni/lbr-stack/src/lbr_fri_ros2_stack/install/lbr_description:/home/khamrouni/ws_moveit/install/pilz_industrial_motion_planner_testutils:/home/khamrouni/ws_moveit/install/moveit_runtime:/home/khamrouni/ws_moveit/install/moveit2_tutorials:/home/khamrouni/ws_moveit/install/moveit:/home/khamrouni/ws_moveit/install/moveit_planners:/home/khamrouni/ws_moveit/install/pilz_industrial_motion_planner:/home/khamrouni/ws_moveit/install/moveit_visual_tools:/home/khamrouni/ws_moveit/install/moveit_task_constructor_visualization:/home/khamrouni/ws_moveit/install/moveit_task_constructor_demo:/home/khamrouni/ws_moveit/install/moveit_task_constructor_capabilities:/home/khamrouni/ws_moveit/install/moveit_task_constructor_core:/home/khamrouni/ws_moveit/install/moveit_ros_control_interface:/home/khamrouni/ws_moveit/install/moveit_plugins:/home/khamrouni/ws_moveit/install/moveit_simple_controller_manager:/home/khamrouni/ws_moveit/install/moveit_setup_assistant:/home/khamrouni/ws_moveit/install/moveit_setup_srdf_plugins:/home/khamrouni/ws_moveit/install/moveit_setup_core_plugins:/home/khamrouni/ws_moveit/install/moveit_setup_controllers:/home/khamrouni/ws_moveit/install/moveit_setup_app_plugins:/home/khamrouni/ws_moveit/install/moveit_setup_framework:/home/khamrouni/ws_moveit/install/moveit_servo:/home/khamrouni/ws_moveit/install/moveit_ros:/home/khamrouni/ws_moveit/install/moveit_ros_visualization:/home/khamrouni/ws_moveit/install/moveit_hybrid_planning:/home/khamrouni/ws_moveit/install/move_program:/home/khamrouni/ws_moveit/install/hello_moveit:/home/khamrouni/ws_moveit/install/moveit_ros_planning_interface:/home/khamrouni/ws_moveit/install/moveit_ros_benchmarks:/home/khamrouni/ws_moveit/install/moveit_ros_warehouse:/home/khamrouni/ws_moveit/install/moveit_ros_robot_interaction:/home/khamrouni/ws_moveit/install/moveit_ros_perception:/home/khamrouni/ws_moveit/install/moveit_resources_prbt_pg70_support:/home/khamrouni/ws_moveit/install/moveit_resources_prbt_moveit_config:/home/khamrouni/ws_moveit/install/moveit_ros_move_group:/home/khamrouni/ws_moveit/install/moveit_planners_ompl:/home/khamrouni/ws_moveit/install/moveit_ros_planning:/home/khamrouni/ws_moveit/install/moveit_ros_occupancy_map_monitor:/home/khamrouni/ws_moveit/install/moveit_resources_prbt_ikfast_manipulator_plugin:/home/khamrouni/ws_moveit/install/moveit_planners_chomp:/home/khamrouni/ws_moveit/install/moveit_kinematics:/home/khamrouni/ws_moveit/install/moveit_chomp_optimizer_adapter:/home/khamrouni/ws_moveit/install/chomp_motion_planner:/home/khamrouni/ws_moveit/install/moveit_core:/home/khamrouni/ws_moveit/install/srdfdom:/home/khamrouni/ws_moveit/install/rviz_marker_tools:/home/khamrouni/ws_moveit/install/rosparam_shortcuts:/home/khamrouni/ws_moveit/install/moveit_task_constructor_msgs:/home/khamrouni/ws_moveit/install/moveit_resources_prbt_support:/home/khamrouni/ws_moveit/install/moveit_resources:/home/khamrouni/ws_moveit/install/moveit_resources_pr2_description:/home/khamrouni/ws_moveit/install/moveit_resources_panda_moveit_config:/home/khamrouni/ws_moveit/install/moveit_resources_panda_description:/home/khamrouni/ws_moveit/install/moveit_resources_fanuc_moveit_config:/home/khamrouni/ws_moveit/install/moveit_resources_fanuc_description:/home/khamrouni/ws_moveit/install/moveit_common:/home/khamrouni/robot_ws/install/iiwa_description:/home/khamrouni/ros2_ws/install/polygon_base:/home/khamrouni/ros2_ws/install/iiwa_bringup:/home/khamrouni/ros2_ws/install/iiwa_description:/home/khamrouni/ros2_ws/install/examples_rclcpp_minimal_action_client:/home/khamrouni/ros2_ws/install/examples_rclcpp_cbg_executor:/home/khamrouni/ros2_ws/install/examples_rclcpp_async_client:/home/khamrouni/ros2_ws/install/cpp_parameters:/home/khamrouni/ws_moveit/install/moveit_configs_utils:/home/khamrouni/ws_moveit/install/launch_param_builder:/opt/ros/humble /usr/bin/cmake /home/khamrouni/lbr-stack/src/lbr_fri_ros2_stack/lbr_fri_ros2 -DCMAKE_INSTALL_PREFIX=/home/khamrouni/lbr-stack/src/lbr_fri_ros2_stack/install/lbr_fri_ros2
[3.338s] DEBUG:colcon.colcon_core.event_handler.log_command:Invoking command in '/home/khamrouni/lbr-stack/src/lbr_fri_ros2_stack/build/iiwa14_moveit_config': AMENT_PREFIX_PATH=/home/khamrouni/lbr-stack/src/lbr_fri_ros2_stack/install/lbr_description:${AMENT_PREFIX_PATH} CMAKE_PREFIX_PATH=/home/khamrouni/lbr-stack/src/lbr_fri_ros2_stack/install/lbr_description:/home/khamrouni/ws_moveit/install/pilz_industrial_motion_planner_testutils:/home/khamrouni/ws_moveit/install/moveit_runtime:/home/khamrouni/ws_moveit/install/moveit2_tutorials:/home/khamrouni/ws_moveit/install/moveit:/home/khamrouni/ws_moveit/install/moveit_planners:/home/khamrouni/ws_moveit/install/pilz_industrial_motion_planner:/home/khamrouni/ws_moveit/install/moveit_visual_tools:/home/khamrouni/ws_moveit/install/moveit_task_constructor_visualization:/home/khamrouni/ws_moveit/install/moveit_task_constructor_demo:/home/khamrouni/ws_moveit/install/moveit_task_constructor_capabilities:/home/khamrouni/ws_moveit/install/moveit_task_constructor_core:/home/khamrouni/ws_moveit/install/moveit_ros_control_interface:/home/khamrouni/ws_moveit/install/moveit_plugins:/home/khamrouni/ws_moveit/install/moveit_simple_controller_manager:/home/khamrouni/ws_moveit/install/moveit_setup_assistant:/home/khamrouni/ws_moveit/install/moveit_setup_srdf_plugins:/home/khamrouni/ws_moveit/install/moveit_setup_core_plugins:/home/khamrouni/ws_moveit/install/moveit_setup_controllers:/home/khamrouni/ws_moveit/install/moveit_setup_app_plugins:/home/khamrouni/ws_moveit/install/moveit_setup_framework:/home/khamrouni/ws_moveit/install/moveit_servo:/home/khamrouni/ws_moveit/install/moveit_ros:/home/khamrouni/ws_moveit/install/moveit_ros_visualization:/home/khamrouni/ws_moveit/install/moveit_hybrid_planning:/home/khamrouni/ws_moveit/install/move_program:/home/khamrouni/ws_moveit/install/hello_moveit:/home/khamrouni/ws_moveit/install/moveit_ros_planning_interface:/home/khamrouni/ws_moveit/install/moveit_ros_benchmarks:/home/khamrouni/ws_moveit/install/moveit_ros_warehouse:/home/khamrouni/ws_moveit/install/moveit_ros_robot_interaction:/home/khamrouni/ws_moveit/install/moveit_ros_perception:/home/khamrouni/ws_moveit/install/moveit_resources_prbt_pg70_support:/home/khamrouni/ws_moveit/install/moveit_resources_prbt_moveit_config:/home/khamrouni/ws_moveit/install/moveit_ros_move_group:/home/khamrouni/ws_moveit/install/moveit_planners_ompl:/home/khamrouni/ws_moveit/install/moveit_ros_planning:/home/khamrouni/ws_moveit/install/moveit_ros_occupancy_map_monitor:/home/khamrouni/ws_moveit/install/moveit_resources_prbt_ikfast_manipulator_plugin:/home/khamrouni/ws_moveit/install/moveit_planners_chomp:/home/khamrouni/ws_moveit/install/moveit_kinematics:/home/khamrouni/ws_moveit/install/moveit_chomp_optimizer_adapter:/home/khamrouni/ws_moveit/install/chomp_motion_planner:/home/khamrouni/ws_moveit/install/moveit_core:/home/khamrouni/ws_moveit/install/srdfdom:/home/khamrouni/ws_moveit/install/rviz_marker_tools:/home/khamrouni/ws_moveit/install/rosparam_shortcuts:/home/khamrouni/ws_moveit/install/moveit_task_constructor_msgs:/home/khamrouni/ws_moveit/install/moveit_resources_prbt_support:/home/khamrouni/ws_moveit/install/moveit_resources:/home/khamrouni/ws_moveit/install/moveit_resources_pr2_description:/home/khamrouni/ws_moveit/install/moveit_resources_panda_moveit_config:/home/khamrouni/ws_moveit/install/moveit_resources_panda_description:/home/khamrouni/ws_moveit/install/moveit_resources_fanuc_moveit_config:/home/khamrouni/ws_moveit/install/moveit_resources_fanuc_description:/home/khamrouni/ws_moveit/install/moveit_common:/home/khamrouni/robot_ws/install/iiwa_description:/home/khamrouni/ros2_ws/install/polygon_base:/home/khamrouni/ros2_ws/install/iiwa_bringup:/home/khamrouni/ros2_ws/install/iiwa_description:/home/khamrouni/ros2_ws/install/examples_rclcpp_minimal_action_client:/home/khamrouni/ros2_ws/install/examples_rclcpp_cbg_executor:/home/khamrouni/ros2_ws/install/examples_rclcpp_async_client:/home/khamrouni/ros2_ws/install/cpp_parameters:/home/khamrouni/ws_moveit/install/moveit_configs_utils:/home/khamrouni/ws_moveit/install/launch_param_builder:/opt/ros/humble /usr/bin/cmake /home/khamrouni/lbr-stack/src/lbr_fri_ros2_stack/lbr_moveit_config/iiwa14_moveit_config -DCMAKE_INSTALL_PREFIX=/home/khamrouni/lbr-stack/src/lbr_fri_ros2_stack/install/iiwa14_moveit_config
[3.343s] DEBUG:colcon.colcon_core.event_handler.log_command:Invoking command in '/home/khamrouni/lbr-stack/src/lbr_fri_ros2_stack/build/iiwa7_moveit_config': AMENT_PREFIX_PATH=/home/khamrouni/lbr-stack/src/lbr_fri_ros2_stack/install/lbr_description:${AMENT_PREFIX_PATH} CMAKE_PREFIX_PATH=/home/khamrouni/lbr-stack/src/lbr_fri_ros2_stack/install/lbr_description:/home/khamrouni/ws_moveit/install/pilz_industrial_motion_planner_testutils:/home/khamrouni/ws_moveit/install/moveit_runtime:/home/khamrouni/ws_moveit/install/moveit2_tutorials:/home/khamrouni/ws_moveit/install/moveit:/home/khamrouni/ws_moveit/install/moveit_planners:/home/khamrouni/ws_moveit/install/pilz_industrial_motion_planner:/home/khamrouni/ws_moveit/install/moveit_visual_tools:/home/khamrouni/ws_moveit/install/moveit_task_constructor_visualization:/home/khamrouni/ws_moveit/install/moveit_task_constructor_demo:/home/khamrouni/ws_moveit/install/moveit_task_constructor_capabilities:/home/khamrouni/ws_moveit/install/moveit_task_constructor_core:/home/khamrouni/ws_moveit/install/moveit_ros_control_interface:/home/khamrouni/ws_moveit/install/moveit_plugins:/home/khamrouni/ws_moveit/install/moveit_simple_controller_manager:/home/khamrouni/ws_moveit/install/moveit_setup_assistant:/home/khamrouni/ws_moveit/install/moveit_setup_srdf_plugins:/home/khamrouni/ws_moveit/install/moveit_setup_core_plugins:/home/khamrouni/ws_moveit/install/moveit_setup_controllers:/home/khamrouni/ws_moveit/install/moveit_setup_app_plugins:/home/khamrouni/ws_moveit/install/moveit_setup_framework:/home/khamrouni/ws_moveit/install/moveit_servo:/home/khamrouni/ws_moveit/install/moveit_ros:/home/khamrouni/ws_moveit/install/moveit_ros_visualization:/home/khamrouni/ws_moveit/install/moveit_hybrid_planning:/home/khamrouni/ws_moveit/install/move_program:/home/khamrouni/ws_moveit/install/hello_moveit:/home/khamrouni/ws_moveit/install/moveit_ros_planning_interface:/home/khamrouni/ws_moveit/install/moveit_ros_benchmarks:/home/khamrouni/ws_moveit/install/moveit_ros_warehouse:/home/khamrouni/ws_moveit/install/moveit_ros_robot_interaction:/home/khamrouni/ws_moveit/install/moveit_ros_perception:/home/khamrouni/ws_moveit/install/moveit_resources_prbt_pg70_support:/home/khamrouni/ws_moveit/install/moveit_resources_prbt_moveit_config:/home/khamrouni/ws_moveit/install/moveit_ros_move_group:/home/khamrouni/ws_moveit/install/moveit_planners_ompl:/home/khamrouni/ws_moveit/install/moveit_ros_planning:/home/khamrouni/ws_moveit/install/moveit_ros_occupancy_map_monitor:/home/khamrouni/ws_moveit/install/moveit_resources_prbt_ikfast_manipulator_plugin:/home/khamrouni/ws_moveit/install/moveit_planners_chomp:/home/khamrouni/ws_moveit/install/moveit_kinematics:/home/khamrouni/ws_moveit/install/moveit_chomp_optimizer_adapter:/home/khamrouni/ws_moveit/install/chomp_motion_planner:/home/khamrouni/ws_moveit/install/moveit_core:/home/khamrouni/ws_moveit/install/srdfdom:/home/khamrouni/ws_moveit/install/rviz_marker_tools:/home/khamrouni/ws_moveit/install/rosparam_shortcuts:/home/khamrouni/ws_moveit/install/moveit_task_constructor_msgs:/home/khamrouni/ws_moveit/install/moveit_resources_prbt_support:/home/khamrouni/ws_moveit/install/moveit_resources:/home/khamrouni/ws_moveit/install/moveit_resources_pr2_description:/home/khamrouni/ws_moveit/install/moveit_resources_panda_moveit_config:/home/khamrouni/ws_moveit/install/moveit_resources_panda_description:/home/khamrouni/ws_moveit/install/moveit_resources_fanuc_moveit_config:/home/khamrouni/ws_moveit/install/moveit_resources_fanuc_description:/home/khamrouni/ws_moveit/install/moveit_common:/home/khamrouni/robot_ws/install/iiwa_description:/home/khamrouni/ros2_ws/install/polygon_base:/home/khamrouni/ros2_ws/install/iiwa_bringup:/home/khamrouni/ros2_ws/install/iiwa_description:/home/khamrouni/ros2_ws/install/examples_rclcpp_minimal_action_client:/home/khamrouni/ros2_ws/install/examples_rclcpp_cbg_executor:/home/khamrouni/ros2_ws/install/examples_rclcpp_async_client:/home/khamrouni/ros2_ws/install/cpp_parameters:/home/khamrouni/ws_moveit/install/moveit_configs_utils:/home/khamrouni/ws_moveit/install/launch_param_builder:/opt/ros/humble /usr/bin/cmake /home/khamrouni/lbr-stack/src/lbr_fri_ros2_stack/lbr_moveit_config/iiwa7_moveit_config -DCMAKE_INSTALL_PREFIX=/home/khamrouni/lbr-stack/src/lbr_fri_ros2_stack/install/iiwa7_moveit_config
[3.349s] DEBUG:colcon.colcon_core.event_handler.log_command:Invoking command in '/home/khamrouni/lbr-stack/src/lbr_fri_ros2_stack/build/med14_moveit_config': AMENT_PREFIX_PATH=/home/khamrouni/lbr-stack/src/lbr_fri_ros2_stack/install/lbr_description:${AMENT_PREFIX_PATH} CMAKE_PREFIX_PATH=/home/khamrouni/lbr-stack/src/lbr_fri_ros2_stack/install/lbr_description:/home/khamrouni/ws_moveit/install/pilz_industrial_motion_planner_testutils:/home/khamrouni/ws_moveit/install/moveit_runtime:/home/khamrouni/ws_moveit/install/moveit2_tutorials:/home/khamrouni/ws_moveit/install/moveit:/home/khamrouni/ws_moveit/install/moveit_planners:/home/khamrouni/ws_moveit/install/pilz_industrial_motion_planner:/home/khamrouni/ws_moveit/install/moveit_visual_tools:/home/khamrouni/ws_moveit/install/moveit_task_constructor_visualization:/home/khamrouni/ws_moveit/install/moveit_task_constructor_demo:/home/khamrouni/ws_moveit/install/moveit_task_constructor_capabilities:/home/khamrouni/ws_moveit/install/moveit_task_constructor_core:/home/khamrouni/ws_moveit/install/moveit_ros_control_interface:/home/khamrouni/ws_moveit/install/moveit_plugins:/home/khamrouni/ws_moveit/install/moveit_simple_controller_manager:/home/khamrouni/ws_moveit/install/moveit_setup_assistant:/home/khamrouni/ws_moveit/install/moveit_setup_srdf_plugins:/home/khamrouni/ws_moveit/install/moveit_setup_core_plugins:/home/khamrouni/ws_moveit/install/moveit_setup_controllers:/home/khamrouni/ws_moveit/install/moveit_setup_app_plugins:/home/khamrouni/ws_moveit/install/moveit_setup_framework:/home/khamrouni/ws_moveit/install/moveit_servo:/home/khamrouni/ws_moveit/install/moveit_ros:/home/khamrouni/ws_moveit/install/moveit_ros_visualization:/home/khamrouni/ws_moveit/install/moveit_hybrid_planning:/home/khamrouni/ws_moveit/install/move_program:/home/khamrouni/ws_moveit/install/hello_moveit:/home/khamrouni/ws_moveit/install/moveit_ros_planning_interface:/home/khamrouni/ws_moveit/install/moveit_ros_benchmarks:/home/khamrouni/ws_moveit/install/moveit_ros_warehouse:/home/khamrouni/ws_moveit/install/moveit_ros_robot_interaction:/home/khamrouni/ws_moveit/install/moveit_ros_perception:/home/khamrouni/ws_moveit/install/moveit_resources_prbt_pg70_support:/home/khamrouni/ws_moveit/install/moveit_resources_prbt_moveit_config:/home/khamrouni/ws_moveit/install/moveit_ros_move_group:/home/khamrouni/ws_moveit/install/moveit_planners_ompl:/home/khamrouni/ws_moveit/install/moveit_ros_planning:/home/khamrouni/ws_moveit/install/moveit_ros_occupancy_map_monitor:/home/khamrouni/ws_moveit/install/moveit_resources_prbt_ikfast_manipulator_plugin:/home/khamrouni/ws_moveit/install/moveit_planners_chomp:/home/khamrouni/ws_moveit/install/moveit_kinematics:/home/khamrouni/ws_moveit/install/moveit_chomp_optimizer_adapter:/home/khamrouni/ws_moveit/install/chomp_motion_planner:/home/khamrouni/ws_moveit/install/moveit_core:/home/khamrouni/ws_moveit/install/srdfdom:/home/khamrouni/ws_moveit/install/rviz_marker_tools:/home/khamrouni/ws_moveit/install/rosparam_shortcuts:/home/khamrouni/ws_moveit/install/moveit_task_constructor_msgs:/home/khamrouni/ws_moveit/install/moveit_resources_prbt_support:/home/khamrouni/ws_moveit/install/moveit_resources:/home/khamrouni/ws_moveit/install/moveit_resources_pr2_description:/home/khamrouni/ws_moveit/install/moveit_resources_panda_moveit_config:/home/khamrouni/ws_moveit/install/moveit_resources_panda_description:/home/khamrouni/ws_moveit/install/moveit_resources_fanuc_moveit_config:/home/khamrouni/ws_moveit/install/moveit_resources_fanuc_description:/home/khamrouni/ws_moveit/install/moveit_common:/home/khamrouni/robot_ws/install/iiwa_description:/home/khamrouni/ros2_ws/install/polygon_base:/home/khamrouni/ros2_ws/install/iiwa_bringup:/home/khamrouni/ros2_ws/install/iiwa_description:/home/khamrouni/ros2_ws/install/examples_rclcpp_minimal_action_client:/home/khamrouni/ros2_ws/install/examples_rclcpp_cbg_executor:/home/khamrouni/ros2_ws/install/examples_rclcpp_async_client:/home/khamrouni/ros2_ws/install/cpp_parameters:/home/khamrouni/ws_moveit/install/moveit_configs_utils:/home/khamrouni/ws_moveit/install/launch_param_builder:/opt/ros/humble /usr/bin/cmake /home/khamrouni/lbr-stack/src/lbr_fri_ros2_stack/lbr_moveit_config/med14_moveit_config -DCMAKE_INSTALL_PREFIX=/home/khamrouni/lbr-stack/src/lbr_fri_ros2_stack/install/med14_moveit_config
[3.363s] DEBUG:colcon.colcon_core.event_handler.log_command:Invoking command in '/home/khamrouni/lbr-stack/src/lbr_fri_ros2_stack/build/med7_moveit_config': AMENT_PREFIX_PATH=/home/khamrouni/lbr-stack/src/lbr_fri_ros2_stack/install/lbr_description:${AMENT_PREFIX_PATH} CMAKE_PREFIX_PATH=/home/khamrouni/lbr-stack/src/lbr_fri_ros2_stack/install/lbr_description:/home/khamrouni/ws_moveit/install/pilz_industrial_motion_planner_testutils:/home/khamrouni/ws_moveit/install/moveit_runtime:/home/khamrouni/ws_moveit/install/moveit2_tutorials:/home/khamrouni/ws_moveit/install/moveit:/home/khamrouni/ws_moveit/install/moveit_planners:/home/khamrouni/ws_moveit/install/pilz_industrial_motion_planner:/home/khamrouni/ws_moveit/install/moveit_visual_tools:/home/khamrouni/ws_moveit/install/moveit_task_constructor_visualization:/home/khamrouni/ws_moveit/install/moveit_task_constructor_demo:/home/khamrouni/ws_moveit/install/moveit_task_constructor_capabilities:/home/khamrouni/ws_moveit/install/moveit_task_constructor_core:/home/khamrouni/ws_moveit/install/moveit_ros_control_interface:/home/khamrouni/ws_moveit/install/moveit_plugins:/home/khamrouni/ws_moveit/install/moveit_simple_controller_manager:/home/khamrouni/ws_moveit/install/moveit_setup_assistant:/home/khamrouni/ws_moveit/install/moveit_setup_srdf_plugins:/home/khamrouni/ws_moveit/install/moveit_setup_core_plugins:/home/khamrouni/ws_moveit/install/moveit_setup_controllers:/home/khamrouni/ws_moveit/install/moveit_setup_app_plugins:/home/khamrouni/ws_moveit/install/moveit_setup_framework:/home/khamrouni/ws_moveit/install/moveit_servo:/home/khamrouni/ws_moveit/install/moveit_ros:/home/khamrouni/ws_moveit/install/moveit_ros_visualization:/home/khamrouni/ws_moveit/install/moveit_hybrid_planning:/home/khamrouni/ws_moveit/install/move_program:/home/khamrouni/ws_moveit/install/hello_moveit:/home/khamrouni/ws_moveit/install/moveit_ros_planning_interface:/home/khamrouni/ws_moveit/install/moveit_ros_benchmarks:/home/khamrouni/ws_moveit/install/moveit_ros_warehouse:/home/khamrouni/ws_moveit/install/moveit_ros_robot_interaction:/home/khamrouni/ws_moveit/install/moveit_ros_perception:/home/khamrouni/ws_moveit/install/moveit_resources_prbt_pg70_support:/home/khamrouni/ws_moveit/install/moveit_resources_prbt_moveit_config:/home/khamrouni/ws_moveit/install/moveit_ros_move_group:/home/khamrouni/ws_moveit/install/moveit_planners_ompl:/home/khamrouni/ws_moveit/install/moveit_ros_planning:/home/khamrouni/ws_moveit/install/moveit_ros_occupancy_map_monitor:/home/khamrouni/ws_moveit/install/moveit_resources_prbt_ikfast_manipulator_plugin:/home/khamrouni/ws_moveit/install/moveit_planners_chomp:/home/khamrouni/ws_moveit/install/moveit_kinematics:/home/khamrouni/ws_moveit/install/moveit_chomp_optimizer_adapter:/home/khamrouni/ws_moveit/install/chomp_motion_planner:/home/khamrouni/ws_moveit/install/moveit_core:/home/khamrouni/ws_moveit/install/srdfdom:/home/khamrouni/ws_moveit/install/rviz_marker_tools:/home/khamrouni/ws_moveit/install/rosparam_shortcuts:/home/khamrouni/ws_moveit/install/moveit_task_constructor_msgs:/home/khamrouni/ws_moveit/install/moveit_resources_prbt_support:/home/khamrouni/ws_moveit/install/moveit_resources:/home/khamrouni/ws_moveit/install/moveit_resources_pr2_description:/home/khamrouni/ws_moveit/install/moveit_resources_panda_moveit_config:/home/khamrouni/ws_moveit/install/moveit_resources_panda_description:/home/khamrouni/ws_moveit/install/moveit_resources_fanuc_moveit_config:/home/khamrouni/ws_moveit/install/moveit_resources_fanuc_description:/home/khamrouni/ws_moveit/install/moveit_common:/home/khamrouni/robot_ws/install/iiwa_description:/home/khamrouni/ros2_ws/install/polygon_base:/home/khamrouni/ros2_ws/install/iiwa_bringup:/home/khamrouni/ros2_ws/install/iiwa_description:/home/khamrouni/ros2_ws/install/examples_rclcpp_minimal_action_client:/home/khamrouni/ros2_ws/install/examples_rclcpp_cbg_executor:/home/khamrouni/ros2_ws/install/examples_rclcpp_async_client:/home/khamrouni/ros2_ws/install/cpp_parameters:/home/khamrouni/ws_moveit/install/moveit_configs_utils:/home/khamrouni/ws_moveit/install/launch_param_builder:/opt/ros/humble /usr/bin/cmake /home/khamrouni/lbr-stack/src/lbr_fri_ros2_stack/lbr_moveit_config/med7_moveit_config -DCMAKE_INSTALL_PREFIX=/home/khamrouni/lbr-stack/src/lbr_fri_ros2_stack/install/med7_moveit_config
[5.317s] DEBUG:colcon.colcon_core.event_handler.log_command:Invoked command in '/home/khamrouni/lbr-stack/src/lbr_fri_ros2_stack/build/lbr_fri_ros2' returned '1': AMENT_PREFIX_PATH=/home/khamrouni/lbr-stack/src/lbr_fri_ros2_stack/install/lbr_description:${AMENT_PREFIX_PATH} CMAKE_PREFIX_PATH=/home/khamrouni/lbr-stack/src/lbr_fri_ros2_stack/install/lbr_description:/home/khamrouni/ws_moveit/install/pilz_industrial_motion_planner_testutils:/home/khamrouni/ws_moveit/install/moveit_runtime:/home/khamrouni/ws_moveit/install/moveit2_tutorials:/home/khamrouni/ws_moveit/install/moveit:/home/khamrouni/ws_moveit/install/moveit_planners:/home/khamrouni/ws_moveit/install/pilz_industrial_motion_planner:/home/khamrouni/ws_moveit/install/moveit_visual_tools:/home/khamrouni/ws_moveit/install/moveit_task_constructor_visualization:/home/khamrouni/ws_moveit/install/moveit_task_constructor_demo:/home/khamrouni/ws_moveit/install/moveit_task_constructor_capabilities:/home/khamrouni/ws_moveit/install/moveit_task_constructor_core:/home/khamrouni/ws_moveit/install/moveit_ros_control_interface:/home/khamrouni/ws_moveit/install/moveit_plugins:/home/khamrouni/ws_moveit/install/moveit_simple_controller_manager:/home/khamrouni/ws_moveit/install/moveit_setup_assistant:/home/khamrouni/ws_moveit/install/moveit_setup_srdf_plugins:/home/khamrouni/ws_moveit/install/moveit_setup_core_plugins:/home/khamrouni/ws_moveit/install/moveit_setup_controllers:/home/khamrouni/ws_moveit/install/moveit_setup_app_plugins:/home/khamrouni/ws_moveit/install/moveit_setup_framework:/home/khamrouni/ws_moveit/install/moveit_servo:/home/khamrouni/ws_moveit/install/moveit_ros:/home/khamrouni/ws_moveit/install/moveit_ros_visualization:/home/khamrouni/ws_moveit/install/moveit_hybrid_planning:/home/khamrouni/ws_moveit/install/move_program:/home/khamrouni/ws_moveit/install/hello_moveit:/home/khamrouni/ws_moveit/install/moveit_ros_planning_interface:/home/khamrouni/ws_moveit/install/moveit_ros_benchmarks:/home/khamrouni/ws_moveit/install/moveit_ros_warehouse:/home/khamrouni/ws_moveit/install/moveit_ros_robot_interaction:/home/khamrouni/ws_moveit/install/moveit_ros_perception:/home/khamrouni/ws_moveit/install/moveit_resources_prbt_pg70_support:/home/khamrouni/ws_moveit/install/moveit_resources_prbt_moveit_config:/home/khamrouni/ws_moveit/install/moveit_ros_move_group:/home/khamrouni/ws_moveit/install/moveit_planners_ompl:/home/khamrouni/ws_moveit/install/moveit_ros_planning:/home/khamrouni/ws_moveit/install/moveit_ros_occupancy_map_monitor:/home/khamrouni/ws_moveit/install/moveit_resources_prbt_ikfast_manipulator_plugin:/home/khamrouni/ws_moveit/install/moveit_planners_chomp:/home/khamrouni/ws_moveit/install/moveit_kinematics:/home/khamrouni/ws_moveit/install/moveit_chomp_optimizer_adapter:/home/khamrouni/ws_moveit/install/chomp_motion_planner:/home/khamrouni/ws_moveit/install/moveit_core:/home/khamrouni/ws_moveit/install/srdfdom:/home/khamrouni/ws_moveit/install/rviz_marker_tools:/home/khamrouni/ws_moveit/install/rosparam_shortcuts:/home/khamrouni/ws_moveit/install/moveit_task_constructor_msgs:/home/khamrouni/ws_moveit/install/moveit_resources_prbt_support:/home/khamrouni/ws_moveit/install/moveit_resources:/home/khamrouni/ws_moveit/install/moveit_resources_pr2_description:/home/khamrouni/ws_moveit/install/moveit_resources_panda_moveit_config:/home/khamrouni/ws_moveit/install/moveit_resources_panda_description:/home/khamrouni/ws_moveit/install/moveit_resources_fanuc_moveit_config:/home/khamrouni/ws_moveit/install/moveit_resources_fanuc_description:/home/khamrouni/ws_moveit/install/moveit_common:/home/khamrouni/robot_ws/install/iiwa_description:/home/khamrouni/ros2_ws/install/polygon_base:/home/khamrouni/ros2_ws/install/iiwa_bringup:/home/khamrouni/ros2_ws/install/iiwa_description:/home/khamrouni/ros2_ws/install/examples_rclcpp_minimal_action_client:/home/khamrouni/ros2_ws/install/examples_rclcpp_cbg_executor:/home/khamrouni/ros2_ws/install/examples_rclcpp_async_client:/home/khamrouni/ros2_ws/install/cpp_parameters:/home/khamrouni/ws_moveit/install/moveit_configs_utils:/home/khamrouni/ws_moveit/install/launch_param_builder:/opt/ros/humble /usr/bin/cmake /home/khamrouni/lbr-stack/src/lbr_fri_ros2_stack/lbr_fri_ros2 -DCMAKE_INSTALL_PREFIX=/home/khamrouni/lbr-stack/src/lbr_fri_ros2_stack/install/lbr_fri_ros2
[5.353s] Level 1:colcon.colcon_core.environment:create_environment_scripts_only(lbr_fri_ros2)
[5.354s] Level 1:colcon.colcon_core.environment:checking '/home/khamrouni/lbr-stack/src/lbr_fri_ros2_stack/install/lbr_fri_ros2' for CMake module files
[5.355s] Level 1:colcon.colcon_core.environment:checking '/home/khamrouni/lbr-stack/src/lbr_fri_ros2_stack/install/lbr_fri_ros2' for CMake config files
[5.355s] Level 1:colcon.colcon_core.environment:checking '/home/khamrouni/lbr-stack/src/lbr_fri_ros2_stack/install/lbr_fri_ros2/bin'
[5.356s] Level 1:colcon.colcon_core.environment:checking '/home/khamrouni/lbr-stack/src/lbr_fri_ros2_stack/install/lbr_fri_ros2/lib/pkgconfig/lbr_fri_ros2.pc'
[5.356s] Level 1:colcon.colcon_core.environment:checking '/home/khamrouni/lbr-stack/src/lbr_fri_ros2_stack/install/lbr_fri_ros2/lib/python3.10/site-packages'
[5.357s] Level 1:colcon.colcon_core.environment:checking '/home/khamrouni/lbr-stack/src/lbr_fri_ros2_stack/install/lbr_fri_ros2/bin'
[5.358s] INFO:colcon.colcon_core.shell:Creating package script '/home/khamrouni/lbr-stack/src/lbr_fri_ros2_stack/install/lbr_fri_ros2/share/lbr_fri_ros2/package.ps1'
[5.359s] INFO:colcon.colcon_core.shell:Creating package descriptor '/home/khamrouni/lbr-stack/src/lbr_fri_ros2_stack/install/lbr_fri_ros2/share/lbr_fri_ros2/package.dsv'
[5.361s] INFO:colcon.colcon_core.shell:Creating package script '/home/khamrouni/lbr-stack/src/lbr_fri_ros2_stack/install/lbr_fri_ros2/share/lbr_fri_ros2/package.sh'
[5.362s] INFO:colcon.colcon_core.shell:Creating package script '/home/khamrouni/lbr-stack/src/lbr_fri_ros2_stack/install/lbr_fri_ros2/share/lbr_fri_ros2/package.bash'
[5.363s] INFO:colcon.colcon_core.shell:Creating package script '/home/khamrouni/lbr-stack/src/lbr_fri_ros2_stack/install/lbr_fri_ros2/share/lbr_fri_ros2/package.zsh'
[5.364s] Level 1:colcon.colcon_core.environment:create_file_with_runtime_dependencies(/home/khamrouni/lbr-stack/src/lbr_fri_ros2_stack/install/lbr_fri_ros2/share/colcon-core/packages/lbr_fri_ros2)
[7.123s] DEBUG:colcon.colcon_parallel_executor.executor.parallel:closing loop
[7.123s] DEBUG:colcon.colcon_parallel_executor.executor.parallel:loop closed
[7.123s] DEBUG:colcon.colcon_parallel_executor.executor.parallel:run_until_complete finished with '1'
[7.123s] DEBUG:colcon.colcon_core.event_reactor:joining thread
[7.133s] INFO:colcon.colcon_core.plugin_system:Skipping extension 'colcon_notification.desktop_notification.terminal_notifier': Not used on non-Darwin systems
[7.133s] INFO:colcon.colcon_core.plugin_system:Skipping extension 'colcon_notification.desktop_notification.win32': Not used on non-Windows systems
[7.134s] INFO:colcon.colcon_notification.desktop_notification:Sending desktop notification using 'notify2'
[7.153s] DEBUG:colcon.colcon_core.event_reactor:joined thread
[7.154s] INFO:colcon.colcon_core.shell:Creating prefix script '/home/khamrouni/lbr-stack/src/lbr_fri_ros2_stack/install/local_setup.ps1'
[7.156s] INFO:colcon.colcon_core.shell:Creating prefix util module '/home/khamrouni/lbr-stack/src/lbr_fri_ros2_stack/install/_local_setup_util_ps1.py'
[7.158s] INFO:colcon.colcon_core.shell:Creating prefix chain script '/home/khamrouni/lbr-stack/src/lbr_fri_ros2_stack/install/setup.ps1'
[7.164s] INFO:colcon.colcon_core.shell:Creating prefix script '/home/khamrouni/lbr-stack/src/lbr_fri_ros2_stack/install/local_setup.sh'
[7.164s] INFO:colcon.colcon_core.shell:Creating prefix util module '/home/khamrouni/lbr-stack/src/lbr_fri_ros2_stack/install/_local_setup_util_sh.py'
[7.165s] INFO:colcon.colcon_core.shell:Creating prefix chain script '/home/khamrouni/lbr-stack/src/lbr_fri_ros2_stack/install/setup.sh'
[7.171s] INFO:colcon.colcon_core.shell:Creating prefix script '/home/khamrouni/lbr-stack/src/lbr_fri_ros2_stack/install/local_setup.bash'
[7.172s] INFO:colcon.colcon_core.shell:Creating prefix chain script '/home/khamrouni/lbr-stack/src/lbr_fri_ros2_stack/install/setup.bash'
[7.178s] INFO:colcon.colcon_core.shell:Creating prefix script '/home/khamrouni/lbr-stack/src/lbr_fri_ros2_stack/install/local_setup.zsh'
[7.179s] INFO:colcon.colcon_core.shell:Creating prefix chain script '/home/khamrouni/lbr-stack/src/lbr_fri_ros2_stack/install/setup.zsh'
